dgp,fit,leaf,nuisance_truth,design,estimand,system,node_key,node_name,node_type,top_feature,depth,fanout,subtree_indicator_count,subtree_rating_count,z_true,prior_p_z1,posterior_p_z1,prior_entropy,posterior_entropy,entropy_reduction,relative_entropy_reduction,brier,log_score,neg_log_score
exact_latent_tree,full_exact_tree,three_state_binomial_2,exact_tree_production_medians,current_gwt_rater_design,internal_z_probability,Human,Global Workspace Theory > Representationality,Representationality,feature,Representationality,1,4,8,8,1,0.9249619188927626,0.9224381854471131,0.2664801241977445,0.2727737107847063,-0.00629358658696183,-0.023617470931121324,0.00601583507673642,-0.08073491295797323,0.08073491295797323
exact_latent_tree,full_exact_tree,three_state_binomial_2,exact_tree_production_medians,current_gwt_rater_design,internal_z_probability,Human,Global Workspace Theory > Representationality > Conceptual Representations,Conceptual Representations,feature,Representationality,2,3,3,3,1,0.81855749032424,0.9986797381009292,0.47357379847331393,0.010072627543610964,0.46350117092970294,0.9787306063467137,1.7430914821379072e-06,-0.001321134212684639,0.001321134212684639
exact_latent_tree,full_exact_tree,three_state_binomial_2,exact_tree_production_medians,current_gwt_rater_design,internal_z_probability,Human,Global Workspace Theory > Representationality > Propositional Representations,Propositional Representations,feature,Representationality,2,1,1,1,1,0.8165595731648473,0.6607180390432064,0.47657047011926423,0.6405580575462384,-0.16398758742697417,-0.34409934670508524,0.11511224903068724,-0.41442809739301795,0.41442809739301795
exact_latent_tree,full_exact_tree,three_state_binomial_2,exact_tree_production_medians,current_gwt_rater_design,internal_z_probability,Human,Global Workspace Theory > Representationality > World Modelling,World Modelling,feature,Representationality,2,2,2,2,1,0.7456809635581148,0.07813634285086167,0.5670305359962824,0.27419390974190194,0.29283662625438045,0.5164388999612896,0.849832602372384,-2.549299992973371,2.549299992973371
exact_latent_tree,full_exact_tree,three_state_binomial_2,exact_tree_production_medians,current_gwt_rater_design,internal_z_probability,Human,Global Workspace Theory > Representationality > Isomorphic Representations,Isomorphic Representations,feature,Representationality,2,2,2,2,1,0.7162153362665447,0.9932660334445991,0.5964923590428877,0.040385054381879615,0.5561073046610081,0.9322957724945881,4.534630556925823e-05,-0.006756742011877477,0.006756742011877477
exact_latent_tree,full_exact_tree,three_state_binomial_2,exact_tree_production_medians,current_gwt_rater_design,internal_z_probability,Human,Global Workspace Theory > Hierarchical Organization,Hierarchical Organization,feature,Hierarchical Organization,1,1,1,1,1,0.8263271266737368,0.689218119743121,0.46166248881619654,0.6197248335453802,-0.15806234472918368,-0.3423764082165091,0.0965853770960011,-0.3721974836943923,0.3721974836943923
exact_latent_tree,full_exact_tree,three_state_binomial_2,exact_tree_production_medians,current_gwt_rater_design,internal_z_probability,Human,Global Workspace Theory > Coherence,Coherence,feature,Coherence,1,4,13,13,1,0.7972391007321977,0.9663422763324159,0.5042061037076643,0.14723543645263645,0.3569706672550278,0.7079856126890469,0.0011328423624834528,-0.034237184201822375,0.034237184201822375
exact_latent_tree,full_exact_tree,three_state_binomial_2,exact_tree_production_medians,current_gwt_rater_design,internal_z_probability,Human,Global Workspace Theory > Coherence > Autonomous Subparts,Autonomous Subparts,feature,Coherence,2,5,5,5,0,0.46309688116658304,0.0003916587196263609,0.6904210219852163,0.0034641915524944323,0.6869568304327218,0.9949824940982626,1.5339655265936038e-07,-0.00039173543793489987,0.00039173543793489987
exact_latent_tree,full_exact_tree,three_state_binomial_2,exact_tree_production_medians,current_gwt_rater_design,internal_z_probability,Human,Global Workspace Theory > Coherence > Point of View,Point of View,feature,Coherence,2,2,2,2,1,0.7035965231190177,0.9906372904753125,0.6077861072562275,0.05305215053138704,0.5547339567248405,0.9127124659514115,8.766032964367478e-05,-0.009406815204496237,0.009406815204496237
exact_latent_tree,full_exact_tree,three_state_binomial_2,exact_tree_production_medians,current_gwt_rater_design,internal_z_probability,Human,Global Workspace Theory > Coherence > Common Representational Scheme,Common Representational Scheme,feature,Coherence,2,3,3,3,1,0.6568612638872846,0.9669910607624427,0.6430954647884466,0.1450507770800953,0.4980446877083513,0.7744490747920119,0.0010895900695887513,-0.03356602787101033,0.03356602787101033
exact_latent_tree,full_exact_tree,three_state_binomial_2,exact_tree_production_medians,current_gwt_rater_design,internal_z_probability,Human,Global Workspace Theory > Coherence > Social Coherence,Social Coherence,feature,Coherence,2,3,3,3,0,0.719349318487208,0.9763671914329322,0.5935668115866956,0.1118590159151821,0.48170779567151345,0.8115477251563885,0.953292892506632,-3.7451193388551127,3.7451193388551127
exact_latent_tree,full_exact_tree,three_state_binomial_2,exact_tree_production_medians,current_gwt_rater_design,internal_z_probability,Human,Global Workspace Theory > Modularity,Modularity,feature,Modularity,1,6,6,6,1,0.5597210483405006,0.9999484086083983,0.6859969149136287,0.0005609083129015518,0.6854360066007271,0.9991823457209393,2.6616716874013028e-09,-5.159272248333159e-05,5.159272248333159e-05
exact_latent_tree,full_exact_tree,three_state_binomial_2,exact_tree_production_medians,current_gwt_rater_design,internal_z_probability,Human,Global Workspace Theory > Complexity,Complexity,feature,Complexity,1,3,8,8,1,0.9199980446485339,0.9658520211994375,0.2787741473894699,0.14887768034136054,0.12989646704810934,0.465955929789406,0.0011660844561636678,-0.03474464366811447,0.03474464366811447
exact_latent_tree,full_exact_tree,three_state_binomial_2,exact_tree_production_medians,current_gwt_rater_design,internal_z_probability,Human,Global Workspace Theory > Complexity > Functional Diversity,Functional Diversity,feature,Complexity,2,2,2,2,1,0.7139085742061968,0.9403503102547828,0.5986148101617902,0.2260025415569875,0.3726122686048027,0.6224574839772092,0.003558085486700673,-0.061502802658673014,0.061502802658673014
exact_latent_tree,full_exact_tree,three_state_binomial_2,exact_tree_production_medians,current_gwt_rater_design,internal_z_probability,Human,Global Workspace Theory > Complexity > Informational Complexity,Informational Complexity,feature,Complexity,2,4,2,2,1,0.8133359436146962,0.9490376942235265,0.4813494939361266,0.20133900495304646,0.2800104889830801,0.5817197119983605,0.002597156610054788,-0.052306761220533605,0.052306761220533605
exact_latent_tree,full_exact_tree,three_state_binomial_2,exact_tree_production_medians,current_gwt_rater_design,internal_z_probability,Human,Global Workspace Theory > Complexity > Informational Complexity > Efficient Problem-Solving,Efficient Problem-Solving,feature,Complexity,3,0,0,0,1,0.7112437649864327,0.7479710708743555,0.6010342755200734,0.5645531933178549,0.03648108220221846,0.060697174334444534,0.06351858111621911,-0.29039097705723227,0.29039097705723227
exact_latent_tree,full_exact_tree,three_state_binomial_2,exact_tree_production_medians,current_gwt_rater_design,internal_z_probability,Human,Global Workspace Theory > Complexity > Informational Complexity > Efficient Network Topology,Efficient Network Topology,feature,Complexity,3,0,0,0,1,0.7257576726295476,0.8157549676427042,0.5874328485943858,0.4777697565076764,0.10966309208670943,0.1866819200681613,0.03394623194834099,-0.20364125386411178,0.20364125386411178
exact_latent_tree,full_exact_tree,three_state_binomial_2,exact_tree_production_medians,current_gwt_rater_design,internal_z_probability,Human,Global Workspace Theory > Complexity > Structural Complexity,Structural Complexity,feature,Complexity,2,4,4,4,1,0.7422242544515112,0.7329153316468091,0.5707175361844001,0.5803375757125685,-0.009620039528168367,-0.01685604334586297,0.07133422006933397,-0.3107250931167143,0.3107250931167143
exact_latent_tree,full_exact_tree,three_state_binomial_2,exact_tree_production_medians,current_gwt_rater_design,internal_z_probability,Human,Global Workspace Theory > Selective Attention,Selective Attention,feature,Selective Attention,1,5,12,12,1,0.8646412396920092,0.967841736022665,0.3964479907406842,0.14216626637385993,0.2542817243668243,0.6413999573859599,0.0010341539420359626,-0.03268670091681692,0.03268670091681692
exact_latent_tree,full_exact_tree,three_state_binomial_2,exact_tree_production_medians,current_gwt_rater_design,internal_z_probability,Human,Global Workspace Theory > Selective Attention > Non-Linear Capabilities,Non-Linear Capabilities,feature,Selective Attention,2,2,2,2,1,0.7954011205687049,0.99488668449835,0.506712106645426,0.032077598537432785,0.4746345081079932,0.9366946277447457,2.614599541941369e-05,-0.005126433235206253,0.005126433235206253
exact_latent_tree,full_exact_tree,three_state_binomial_2,exact_tree_production_medians,current_gwt_rater_design,internal_z_probability,Human,Global Workspace Theory > Selective Attention > Adaptive Focus,Adaptive Focus,feature,Selective Attention,2,3,3,3,1,0.7773862350846548,0.9805088430391168,0.5301962659386177,0.09605212689564298,0.4341441390429747,0.8188366590519082,0.00037990519967378623,-0.01968361447858693,0.01968361447858693
exact_latent_tree,full_exact_tree,three_state_binomial_2,exact_tree_production_medians,current_gwt_rater_design,internal_z_probability,Human,Global Workspace Theory > Selective Attention > Attention-Constrained Architecture,Attention-Constrained Architecture,feature,Selective Attention,2,2,2,2,1,0.6881837127022514,0.9383249910421084,0.6205462078953299,0.23155170966492727,0.3889944982304026,0.6268582311536999,0.003803806729956006,-0.06365891765724697,0.06365891765724697
exact_latent_tree,full_exact_tree,three_state_binomial_2,exact_tree_production_medians,current_gwt_rater_design,internal_z_probability,Human,Global Workspace Theory > Selective Attention > Performance Sensitivity,Performance Sensitivity,feature,Selective Attention,2,3,3,3,0,0.6881837127022514,0.7542465246543311,0.6205462078953299,0.5576215891918841,0.06292461870344579,0.10140198731833931,0.5688878199531364,-1.4034263782616958,1.4034263782616958
exact_latent_tree,full_exact_tree,three_state_binomial_2,exact_tree_production_medians,current_gwt_rater_design,internal_z_probability,Human,Global Workspace Theory > Selective Attention > Capability Attention Modulation,Capability Attention Modulation,feature,Selective Attention,2,2,2,2,1,0.7866926312863065,0.13061619235013,0.5183058457468325,0.3875563862133962,0.13074945953343625,0.2522631388519995,0.7558282050037861,-2.0354920855210135,2.0354920855210135
exact_latent_tree,full_exact_tree,three_state_binomial_2,exact_tree_production_medians,current_gwt_rater_design,internal_z_probability,Human,Global Workspace Theory > Integration,Integration,feature,Integration,1,2,2,2,1,0.8646412396920092,0.9689973960822444,0.3964479907406842,0.13821023001534904,0.25823776072533516,0.6513786593869962,0.0009611614496812321,-0.031493354316607367,0.031493354316607367
exact_latent_tree,full_exact_tree,three_state_binomial_2,exact_tree_production_medians,current_gwt_rater_design,internal_z_probability,Chicken,Global Workspace Theory > Representationality,Representationality,feature,Representationality,1,4,8,12,1,0.8831237744098546,0.7635923259513789,0.3606545355040938,0.5469036307477202,-0.18624909524362637,-0.5164196673231973,0.05588858834907906,-0.2697212370089923,0.2697212370089923
exact_latent_tree,full_exact_tree,three_state_binomial_2,exact_tree_production_medians,current_gwt_rater_design,internal_z_probability,Chicken,Global Workspace Theory > Representationality > Conceptual Representations,Conceptual Representations,feature,Representationality,2,3,3,3,1,0.7964561712737757,0.7578974763186079,0.5052761395117473,0.5534913702556723,-0.048215230743924975,-0.09542352581801264,0.058613631972899004,-0.277207158003966,0.277207158003966
exact_latent_tree,full_exact_tree,three_state_binomial_2,exact_tree_production_medians,current_gwt_rater_design,internal_z_probability,Chicken,Global Workspace Theory > Representationality > Propositional Representations,Propositional Representations,feature,Representationality,2,1,1,2,1,0.7893891268072667,0.8863912579511881,0.5147649081631664,0.35399439739873434,0.1607705107644321,0.31231831893535417,0.012906946269913478,-0.12059682545744017,0.12059682545744017
exact_latent_tree,full_exact_tree,three_state_binomial_2,exact_tree_production_medians,current_gwt_rater_design,internal_z_probability,Chicken,Global Workspace Theory > Representationality > World Modelling,World Modelling,feature,Representationality,2,2,2,3,1,0.7165460000352958,0.9482131275286316,0.5961859730132227,0.20374334333495936,0.3924426296782634,0.6582553891611929,0.002681880160365771,-0.05317598392673328,0.05317598392673328
exact_latent_tree,full_exact_tree,three_state_binomial_2,exact_tree_production_medians,current_gwt_rater_design,internal_z_probability,Chicken,Global Workspace Theory > Representationality > Isomorphic Representations,Isomorphic Representations,feature,Representationality,2,2,2,4,1,0.6967727316355488,0.6282518928093702,0.6135740118482581,0.6598795020975528,-0.046305490249294645,-0.07546846729999114,0.13819665519981597,-0.4648140897346888,0.4648140897346888
exact_latent_tree,full_exact_tree,three_state_binomial_2,exact_tree_production_medians,current_gwt_rater_design,internal_z_probability,Chicken,Global Workspace Theory > Hierarchical Organization,Hierarchical Organization,feature,Hierarchical Organization,1,1,1,1,1,0.679034938096417,0.686617535683171,0.6275947551215355,0.6217803486218447,0.005814406499690783,0.009264587462278595,0.09820856894128863,-0.3759778584024062,0.3759778584024062
exact_latent_tree,full_exact_tree,three_state_binomial_2,exact_tree_production_medians,current_gwt_rater_design,internal_z_probability,Chicken,Global Workspace Theory > Coherence,Coherence,feature,Coherence,1,4,13,25,0,0.27565555661717833,0.35354074557615073,0.5888031970807525,0.6496109883246417,-0.06080779124388924,-0.10327354121949452,0.12499105878254053,-0.4362451076228111,0.4362451076228111
exact_latent_tree,full_exact_tree,three_state_binomial_2,exact_tree_production_medians,current_gwt_rater_design,internal_z_probability,Chicken,Global Workspace Theory > Coherence > Autonomous Subparts,Autonomous Subparts,feature,Coherence,2,5,5,9,1,0.4787707546538875,0.9998954245151817,0.6922455478308942,0.0010630672271457347,0.6911824806037484,0.9984643206005775,1.0936032024992486e-08,-0.00010458095321560379,0.00010458095321560379
exact_latent_tree,full_exact_tree,three_state_binomial_2,exact_tree_production_medians,current_gwt_rater_design,internal_z_probability,Chicken,Global Workspace Theory > Coherence > Point of View,Point of View,feature,Coherence,2,2,2,4,0,0.4558041115867013,0.018772926650887988,0.6892355244371345,0.0932243593262868,0.5960111651108477,0.8647423761240127,0.0003524227750396205,-0.018951374898237155,0.018951374898237155
exact_latent_tree,full_exact_tree,three_state_binomial_2,exact_tree_production_medians,current_gwt_rater_design,internal_z_probability,Chicken,Global Workspace Theory > Coherence > Common Representational Scheme,Common Representational Scheme,feature,Coherence,2,3,3,6,0,0.4144761687642246,0.2682079803149576,0.6784463485349768,0.5814682990317109,0.09697804950326583,0.1429413684850368,0.07193552070462866,-0.31225893150562684,0.31225893150562684
exact_latent_tree,full_exact_tree,three_state_binomial_2,exact_tree_production_medians,current_gwt_rater_design,internal_z_probability,Chicken,Global Workspace Theory > Coherence > Social Coherence,Social Coherence,feature,Coherence,2,3,3,6,0,0.5117003969002362,0.7078684712683024,0.6928733569906709,0.6040492022687077,0.08882415472196314,0.12819681089737603,0.5010777726157235,-1.2305511372699083,1.2305511372699083
exact_latent_tree,full_exact_tree,three_state_binomial_2,exact_tree_production_medians,current_gwt_rater_design,internal_z_probability,Chicken,Global Workspace Theory > Modularity,Modularity,feature,Modularity,1,6,6,12,0,0.3149839245356485,0.0006646234310108593,0.6230305047802276,0.00552698024666163,0.6175035245335659,0.991128876990363,4.4172430504864644e-07,-0.0006648443910722516,0.0006648443910722516
exact_latent_tree,full_exact_tree,three_state_binomial_2,exact_tree_production_medians,current_gwt_rater_design,internal_z_probability,Chicken,Global Workspace Theory > Complexity,Complexity,feature,Complexity,1,3,8,15,0,0.5278081384382017,0.12390558573898336,0.6915997971365085,0.37463504028551564,0.3169647568509929,0.45830660761230696,0.015352594177320556,-0.13228141501669016,0.13228141501669016
exact_latent_tree,full_exact_tree,three_state_binomial_2,exact_tree_production_medians,current_gwt_rater_design,internal_z_probability,Chicken,Global Workspace Theory > Complexity > Functional Diversity,Functional Diversity,feature,Complexity,2,2,2,4,0,0.5316539981259888,0.022984721567344782,0.6911418886078069,0.10943816904634529,0.5817037195614616,0.8416560031301377,0.0005282974255283643,-0.023252988952462215,0.023252988952462215
exact_latent_tree,full_exact_tree,three_state_binomial_2,exact_tree_production_medians,current_gwt_rater_design,internal_z_probability,Chicken,Global Workspace Theory > Complexity > Informational Complexity,Informational Complexity,feature,Complexity,2,4,2,3,0,0.5586407380702518,0.8891238674224169,0.6862538543033446,0.34834319202092034,0.3379106622824243,0.4923989281276338,0.7905412516201956,-2.1993416234996443,2.1993416234996443
exact_latent_tree,full_exact_tree,three_state_binomial_2,exact_tree_production_medians,current_gwt_rater_design,internal_z_probability,Chicken,Global Workspace Theory > Complexity > Informational Complexity > Efficient Problem-Solving,Efficient Problem-Solving,feature,Complexity,3,0,0,0,1,0.5902438985227401,0.7112830121707484,0.6767696531529003,0.6009988930877677,0.07577076006513261,0.11195945283913902,0.08335749906119622,-0.34068488031888466,0.34068488031888466
exact_latent_tree,full_exact_tree,three_state_binomial_2,exact_tree_production_medians,current_gwt_rater_design,internal_z_probability,Chicken,Global Workspace Theory > Complexity > Informational Complexity > Efficient Network Topology,Efficient Network Topology,feature,Complexity,3,0,0,0,0,0.6243603310887775,0.7800263425789777,0.661889124717298,0.5268746184929786,0.13501450622431943,0.20398356942635368,0.6084410951171367,-1.5142474787944147,1.5142474787944147
exact_latent_tree,full_exact_tree,three_state_binomial_2,exact_tree_production_medians,current_gwt_rater_design,internal_z_probability,Chicken,Global Workspace Theory > Complexity > Structural Complexity,Structural Complexity,feature,Complexity,2,4,4,8,0,0.46911370538966596,0.005767370090421481,0.6912380389202146,0.03548460870869669,0.6557534302115179,0.948665138909127,3.3262557759888285e-05,-0.005784065593010162,0.005784065593010162
exact_latent_tree,full_exact_tree,three_state_binomial_2,exact_tree_production_medians,current_gwt_rater_design,internal_z_probability,Chicken,Global Workspace Theory > Selective Attention,Selective Attention,feature,Selective Attention,1,5,12,24,0,0.3782271175231424,0.020341985587042255,0.6631895406177672,0.0993670927223042,0.563822447895463,0.8501678831820193,0.0004137963776234348,-0.02055173310467078,0.02055173310467078
exact_latent_tree,full_exact_tree,three_state_binomial_2,exact_tree_production_medians,current_gwt_rater_design,internal_z_probability,Chicken,Global Workspace Theory > Selective Attention > Non-Linear Capabilities,Non-Linear Capabilities,feature,Selective Attention,2,2,2,4,0,0.5680426935865732,0.14599280110992388,0.6838587702562228,0.4156947569330238,0.26816401332319895,0.3921336173296796,0.021313897975921793,-0.15781565561542388,0.15781565561542388
exact_latent_tree,full_exact_tree,three_state_binomial_2,exact_tree_production_medians,current_gwt_rater_design,internal_z_probability,Chicken,Global Workspace Theory > Selective Attention > Adaptive Focus,Adaptive Focus,feature,Selective Attention,2,3,3,6,0,0.4615001226076063,0.0010453318580461038,0.6901797630892915,0.008219337805578085,0.6819604252837135,0.988091018825606,1.0927186934461198e-06,-0.001045878598442819,0.001045878598442819
exact_latent_tree,full_exact_tree,three_state_binomial_2,exact_tree_production_medians,current_gwt_rater_design,internal_z_probability,Chicken,Global Workspace Theory > Selective Attention > Attention-Constrained Architecture,Attention-Constrained Architecture,feature,Selective Attention,2,2,2,4,0,0.4621422000791051,0.01288876793615876,0.6902780094310397,0.06888952114823056,0.6213884882828091,0.9002003247865124,0.00016612033891215416,-0.012972548772014033,0.012972548772014033
exact_latent_tree,full_exact_tree,three_state_binomial_2,exact_tree_production_medians,current_gwt_rater_design,internal_z_probability,Chicken,Global Workspace Theory > Selective Attention > Performance Sensitivity,Performance Sensitivity,feature,Selective Attention,2,3,3,6,0,0.4621422000791051,0.013322853684139194,0.6902780094310397,0.07076544564081375,0.6195125637902259,0.8974826886066644,0.00017749843028898129,-0.013412399122470811,0.013412399122470811
exact_latent_tree,full_exact_tree,three_state_binomial_2,exact_tree_production_medians,current_gwt_rater_design,internal_z_probability,Chicken,Global Workspace Theory > Selective Attention > Capability Attention Modulation,Capability Attention Modulation,feature,Selective Attention,2,2,2,4,1,0.5297406598838114,0.34697948401057777,0.6913771222437427,0.645556742711769,0.04582037953197371,0.06627407540369826,0.42643579430309125,-1.0584896246719888,1.0584896246719888
exact_latent_tree,full_exact_tree,three_state_binomial_2,exact_tree_production_medians,current_gwt_rater_design,internal_z_probability,Chicken,Global Workspace Theory > Integration,Integration,feature,Integration,1,2,2,4,1,0.3782271175231424,0.9443871106326378,0.6631895406177672,0.2147215627824598,0.44846797783530745,0.6762289667861097,0.003092793463786467,-0.05721912207162776,0.05721912207162776
exact_latent_tree,full_exact_tree,three_state_binomial_2,exact_tree_production_medians,current_gwt_rater_design,internal_z_probability,2024 Leading Chat LLMs,Global Workspace Theory > Representationality,Representationality,feature,Representationality,1,4,8,30,1,0.8747449737790987,0.7383624573839168,0.3772661222228169,0.5747627759958158,-0.1974966537729989,-0.5234942713895618,0.06845420370618274,-0.30332044028226607,0.30332044028226607
exact_latent_tree,full_exact_tree,three_state_binomial_2,exact_tree_production_medians,current_gwt_rater_design,internal_z_probability,2024 Leading Chat LLMs,Global Workspace Theory > Representationality > Conceptual Representations,Conceptual Representations,feature,Representationality,2,3,3,11,1,0.7920300059098643,0.996746655701216,0.5112546147534314,0.02188343614866182,0.48937117860476953,0.9571965992733077,1.0584249126430284e-05,-0.0032586479294957273,0.0032586479294957273
exact_latent_tree,full_exact_tree,three_state_binomial_2,exact_tree_production_medians,current_gwt_rater_design,internal_z_probability,2024 Leading Chat LLMs,Global Workspace Theory > Representationality > Propositional Representations,Propositional Representations,feature,Representationality,2,1,1,4,1,0.7839477824098874,0.6473523741937416,0.5218657782113378,0.649070234614856,-0.12720445640351818,-0.243749373334085,0.12436034798679085,-0.4348645049260977,0.4348645049260977
exact_latent_tree,full_exact_tree,three_state_binomial_2,exact_tree_production_medians,current_gwt_rater_design,internal_z_probability,2024 Leading Chat LLMs,Global Workspace Theory > Representationality > World Modelling,World Modelling,feature,Representationality,2,2,2,7,1,0.7107112276341973,0.9907324729885034,0.601513631745414,0.05260795638118083,0.5489056753642331,0.9125407079661217,8.588705690881871e-05,-0.009310737718083219,0.009310737718083219
exact_latent_tree,full_exact_tree,three_state_binomial_2,exact_tree_production_medians,current_gwt_rater_design,internal_z_probability,2024 Leading Chat LLMs,Global Workspace Theory > Representationality > Isomorphic Representations,Isomorphic Representations,feature,Representationality,2,2,2,8,0,0.6928790190926256,0.522788403829642,0.6167776971464367,0.6921081979835968,-0.07533050083716009,-0.1221355784842443,0.2733077151787448,-0.7397952886128096,0.7397952886128096
exact_latent_tree,full_exact_tree,three_state_binomial_2,exact_tree_production_medians,current_gwt_rater_design,internal_z_probability,2024 Leading Chat LLMs,Global Workspace Theory > Hierarchical Organization,Hierarchical Organization,feature,Hierarchical Organization,1,1,1,3,1,0.6495371700235225,0.31857288666030675,0.6477326782378771,0.6257890562753365,0.021943621962540516,0.03387758978323742,0.46434291079446705,-1.143903986633156,1.143903986633156
exact_latent_tree,full_exact_tree,three_state_binomial_2,exact_tree_production_medians,current_gwt_rater_design,internal_z_probability,2024 Leading Chat LLMs,Global Workspace Theory > Coherence,Coherence,feature,Coherence,1,4,13,48,1,0.17119957314955098,0.19566234199222615,0.4577831992855692,0.49433003236155276,-0.036546833075983554,-0.07983436948542386,0.6469590680894306,-1.6313648503207896,1.6313648503207896
exact_latent_tree,full_exact_tree,three_state_binomial_2,exact_tree_production_medians,current_gwt_rater_design,internal_z_probability,2024 Leading Chat LLMs,Global Workspace Theory > Coherence > Autonomous Subparts,Autonomous Subparts,feature,Coherence,2,5,5,18,0,0.48190971463131826,0.0016798562624162098,0.6924925208382462,0.012411125206451847,0.6800813956317944,0.9820776039697462,2.821917062378958e-06,-0.0016812688030792017,0.0016812688030792017
exact_latent_tree,full_exact_tree,three_state_binomial_2,exact_tree_production_medians,current_gwt_rater_design,internal_z_probability,2024 Leading Chat LLMs,Global Workspace Theory > Coherence > Point of View,Point of View,feature,Coherence,2,2,2,7,1,0.4061794630822321,0.024876711614436414,0.6754378041089772,0.11645486224072446,0.5589829418682528,0.8275861055862144,0.9508654275518751,-3.693823189684126,3.693823189684126
exact_latent_tree,full_exact_tree,three_state_binomial_2,exact_tree_production_medians,current_gwt_rater_design,internal_z_probability,2024 Leading Chat LLMs,Global Workspace Theory > Coherence > Common Representational Scheme,Common Representational Scheme,feature,Coherence,2,3,3,11,1,0.3659344274178174,0.420050960244224,0.6567564059778644,0.6803084434727618,-0.023552037494897315,-0.03586114620356078,0.3363408887136467,-0.8673792411502681,0.8673792411502681
exact_latent_tree,full_exact_tree,three_state_binomial_2,exact_tree_production_medians,current_gwt_rater_design,internal_z_probability,2024 Leading Chat LLMs,Global Workspace Theory > Coherence > Social Coherence,Social Coherence,feature,Coherence,2,3,3,12,1,0.47011516560778527,0.7614053106580507,0.6913599088726066,0.5494546343863614,0.14190527448624513,0.20525528406419832,0.05692742578218128,-0.27258946019852826,0.27258946019852826
exact_latent_tree,full_exact_tree,three_state_binomial_2,exact_tree_production_medians,current_gwt_rater_design,internal_z_probability,2024 Leading Chat LLMs,Global Workspace Theory > Modularity,Modularity,feature,Modularity,1,6,6,24,0,0.26597114940784095,0.0004511839179090093,0.5792103479935047,0.003926838566775001,0.5752835094267297,0.993220358406271,2.0356692777972365e-07,-0.00045128573199862084,0.00045128573199862084
exact_latent_tree,full_exact_tree,three_state_binomial_2,exact_tree_production_medians,current_gwt_rater_design,internal_z_probability,2024 Leading Chat LLMs,Global Workspace Theory > Complexity,Complexity,feature,Complexity,1,3,8,30,1,0.44926543358967064,0.37155341678989734,0.6879903175765232,0.6597772620827622,0.028213055493760963,0.04100792521781806,0.39494510794845256,-0.9900626383776173,0.9900626383776173
exact_latent_tree,full_exact_tree,three_state_binomial_2,exact_tree_production_medians,current_gwt_rater_design,internal_z_probability,2024 Leading Chat LLMs,Global Workspace Theory > Complexity > Functional Diversity,Functional Diversity,feature,Complexity,2,2,2,7,1,0.49515441680151456,0.4601176797086083,0.6931002204717904,0.6899625996596593,0.0031376208121310922,0.0045269366816754536,0.2914729197632169,-0.7762729967632516,0.7762729967632516
exact_latent_tree,full_exact_tree,three_state_binomial_2,exact_tree_production_medians,current_gwt_rater_design,internal_z_probability,2024 Leading Chat LLMs,Global Workspace Theory > Complexity > Informational Complexity,Informational Complexity,feature,Complexity,2,4,2,7,0,0.5076336875606835,0.057686532036296194,0.6930306296602893,0.22055390348473128,0.472476726175558,0.6817544650330352,0.003327735978374627,-0.059417291221980535,0.059417291221980535
exact_latent_tree,full_exact_tree,three_state_binomial_2,exact_tree_production_medians,current_gwt_rater_design,internal_z_probability,2024 Leading Chat LLMs,Global Workspace Theory > Complexity > Informational Complexity > Efficient Problem-Solving,Efficient Problem-Solving,feature,Complexity,3,0,0,0,1,0.5660116155193303,0.2037696586858237,0.6844066181490709,0.5055840799844206,0.17882253816465032,0.2612811352529921,0.6339827564292896,-1.5907650471678794,1.5907650471678794
exact_latent_tree,full_exact_tree,three_state_binomial_2,exact_tree_production_medians,current_gwt_rater_design,internal_z_probability,2024 Leading Chat LLMs,Global Workspace Theory > Complexity > Informational Complexity > Efficient Network Topology,Efficient Network Topology,feature,Complexity,3,0,0,0,1,0.6040537873890238,0.2959276826098969,0.6713337228413871,0.6073742480641644,0.06395947477722275,0.09527225074664415,0.4957178281150701,-1.2176401700150772,1.2176401700150772
exact_latent_tree,full_exact_tree,three_state_binomial_2,exact_tree_production_medians,current_gwt_rater_design,internal_z_probability,2024 Leading Chat LLMs,Global Workspace Theory > Complexity > Structural Complexity,Structural Complexity,feature,Complexity,2,4,4,16,1,0.4144186688619266,0.9824354564585869,0.6784264760010471,0.08840302973490834,0.5900234462661388,0.8696940156934974,0.0003085131898181975,-0.01772063056853343,0.01772063056853343
exact_latent_tree,full_exact_tree,three_state_binomial_2,exact_tree_production_medians,current_gwt_rater_design,internal_z_probability,2024 Leading Chat LLMs,Global Workspace Theory > Selective Attention,Selective Attention,feature,Selective Attention,1,5,12,43,1,0.2808144094786431,0.40687597872434533,0.5937208519097927,0.675701322757143,-0.08198047084735027,-0.13807915046885708,0.35179610461420324,-0.8992468605552956,0.8992468605552956
exact_latent_tree,full_exact_tree,three_state_binomial_2,exact_tree_production_medians,current_gwt_rater_design,internal_z_probability,2024 Leading Chat LLMs,Global Workspace Theory > Selective Attention > Non-Linear Capabilities,Non-Linear Capabilities,feature,Selective Attention,2,2,2,7,0,0.5225102983298046,0.3591625542302852,0.6921334108754935,0.6529348360552989,0.03919857482019462,0.05663442076956168,0.12899774036122255,-0.4449794489650858,0.4449794489650858
exact_latent_tree,full_exact_tree,three_state_binomial_2,exact_tree_production_medians,current_gwt_rater_design,internal_z_probability,2024 Leading Chat LLMs,Global Workspace Theory > Selective Attention > Adaptive Focus,Adaptive Focus,feature,Selective Attention,2,3,3,11,1,0.39823855135052055,0.8994809190060331,0.6722909939019979,0.3262220162881643,0.3460689776138336,0.5147606925465987,0.010104085643871675,-0.10593743870589196,0.10593743870589196
exact_latent_tree,full_exact_tree,three_state_binomial_2,exact_tree_production_medians,current_gwt_rater_design,internal_z_probability,2024 Leading Chat LLMs,Global Workspace Theory > Selective Attention > Attention-Constrained Architecture,Attention-Constrained Architecture,feature,Selective Attention,2,2,2,8,0,0.41687353934015725,0.06590054570113466,0.6792627848687218,0.24290345627819704,0.4363593285905248,0.6424013479184761,0.004342881923707337,-0.06817236430341334,0.06817236430341334
exact_latent_tree,full_exact_tree,three_state_binomial_2,exact_tree_production_medians,current_gwt_rater_design,internal_z_probability,2024 Leading Chat LLMs,Global Workspace Theory > Selective Attention > Performance Sensitivity,Performance Sensitivity,feature,Selective Attention,2,3,3,11,1,0.41687353934015725,0.7691674930372707,0.6792627848687218,0.5402803139281298,0.13898247094059202,0.20460781016797874,0.05328364627069846,-0.2624465269025004,0.2624465269025004
exact_latent_tree,full_exact_tree,three_state_binomial_2,exact_tree_production_medians,current_gwt_rater_design,internal_z_probability,2024 Leading Chat LLMs,Global Workspace Theory > Selective Attention > Capability Attention Modulation,Capability Attention Modulation,feature,Selective Attention,2,2,2,6,1,0.47828165359492714,0.39188299865971354,0.6922035105437341,0.6695829274151086,0.02262058312862547,0.032679093336086575,0.369806287319102,-0.9367919565504012,0.9367919565504012
exact_latent_tree,full_exact_tree,three_state_binomial_2,exact_tree_production_medians,current_gwt_rater_design,internal_z_probability,2024 Leading Chat LLMs,Global Workspace Theory > Integration,Integration,feature,Integration,1,2,2,8,1,0.2808144094786431,0.9894475953709887,0.5937208519097927,0.05852476157485624,0.5351960903349365,0.9014271414140123,0.00011135324345437916,-0.01060847605851982,0.01060847605851982
exact_latent_tree,full_exact_tree,three_state_binomial_2,exact_tree_production_medians,current_gwt_rater_design,internal_z_probability,ELIZA,Global Workspace Theory > Representationality,Representationality,feature,Representationality,1,4,8,8,1,0.8692149653627996,0.43535534290682437,0.38787630492143965,0.6847658754551769,-0.2968895705337372,-0.7654233237935716,0.31882358878386985,-0.8315927011129591,0.8315927011129591
exact_latent_tree,full_exact_tree,three_state_binomial_2,exact_tree_production_medians,current_gwt_rater_design,internal_z_probability,ELIZA,Global Workspace Theory > Representationality > Conceptual Representations,Conceptual Representations,feature,Representationality,2,3,3,3,1,0.7891087367696827,0.7737421273878111,0.5151351363399789,0.5347149996561399,-0.019579863316161017,-0.038009178436701894,0.05119262491899349,-0.2565166296550463,0.2565166296550463
exact_latent_tree,full_exact_tree,three_state_binomial_2,exact_tree_production_medians,current_gwt_rater_design,internal_z_probability,ELIZA,Global Workspace Theory > Representationality > Propositional Representations,Propositional Representations,feature,Representationality,2,1,1,1,1,0.780356495107617,0.551883496841501,0.5264563871124304,0.6877536824680887,-0.1612972953556583,-0.30638301539157037,0.20080840040300107,-0.5944183114271441,0.5944183114271441
exact_latent_tree,full_exact_tree,three_state_binomial_2,exact_tree_production_medians,current_gwt_rater_design,internal_z_probability,ELIZA,Global Workspace Theory > Representationality > World Modelling,World Modelling,feature,Representationality,2,2,2,2,1,0.7068602778494721,0.3152452098662765,0.6049390520167701,0.6232333445845978,-0.018294292567827664,-0.030241546659679874,0.4688891226110796,-1.154404498966977,1.154404498966977
exact_latent_tree,full_exact_tree,three_state_binomial_2,exact_tree_production_medians,current_gwt_rater_design,internal_z_probability,ELIZA,Global Workspace Theory > Representationality > Isomorphic Representations,Isomorphic Representations,feature,Representationality,2,2,2,2,1,0.6903091688142963,0.5928151023511016,0.6188530690146617,0.6758175550816612,-0.05696448606699944,-0.09204848278073233,0.1657995408733439,-0.5228727290239967,0.5228727290239967
exact_latent_tree,full_exact_tree,three_state_binomial_2,exact_tree_production_medians,current_gwt_rater_design,internal_z_probability,ELIZA,Global Workspace Theory > Hierarchical Organization,Hierarchical Organization,feature,Hierarchical Organization,1,1,1,1,1,0.6300686430954122,0.1446673718579986,0.6589191375662977,0.4133464792414754,0.24557265832482233,0.3726901289160293,0.7315939047643032,-1.9333181589672623,1.9333181589672623
exact_latent_tree,full_exact_tree,three_state_binomial_2,exact_tree_production_medians,current_gwt_rater_design,internal_z_probability,ELIZA,Global Workspace Theory > Coherence,Coherence,feature,Coherence,1,4,13,13,0,0.10225862406091688,0.003762675638206346,0.3300175241959322,0.024761194846138583,0.30525632934979363,0.9249700605855167,1.4157727958351532e-05,-0.003769772309426479,0.003769772309426479
exact_latent_tree,full_exact_tree,three_state_binomial_2,exact_tree_production_medians,current_gwt_rater_design,internal_z_probability,ELIZA,Global Workspace Theory > Coherence > Autonomous Subparts,Autonomous Subparts,feature,Coherence,2,5,5,5,0,0.48398142821642265,0.007437100879041167,0.6926339034521658,0.04386064728945309,0.6487732561627128,0.9366755697766935,5.5310469485034905e-05,-0.007464893999688186,0.007464893999688186
exact_latent_tree,full_exact_tree,three_state_binomial_2,exact_tree_production_medians,current_gwt_rater_design,internal_z_probability,ELIZA,Global Workspace Theory > Coherence > Point of View,Point of View,feature,Coherence,2,2,2,2,0,0.37342719506928235,0.0024276579832648282,0.6607545288758461,0.01704122067218869,0.6437133082036574,0.9742094530911786,5.893523283709453e-06,-0.0024306095227599376,0.0024306095227599376
exact_latent_tree,full_exact_tree,three_state_binomial_2,exact_tree_production_medians,current_gwt_rater_design,internal_z_probability,ELIZA,Global Workspace Theory > Coherence > Common Representational Scheme,Common Representational Scheme,feature,Coherence,2,3,3,3,0,0.3338968781291886,0.017598125850223856,0.6369040734211096,0.08853813740465229,0.5483659360164572,0.860986699411306,0.0003096940334403171,-0.017754813865329355,0.017754813865329355
exact_latent_tree,full_exact_tree,three_state_binomial_2,exact_tree_production_medians,current_gwt_rater_design,internal_z_probability,ELIZA,Global Workspace Theory > Coherence > Social Coherence,Social Coherence,feature,Coherence,2,3,3,3,0,0.4426689129547676,0.14564043518152597,0.6865589926438206,0.41507184573175604,0.27148714691206455,0.3954316378067007,0.02121113635986427,-0.157403137717183,0.157403137717183
exact_latent_tree,full_exact_tree,three_state_binomial_2,exact_tree_production_medians,current_gwt_rater_design,internal_z_probability,ELIZA,Global Workspace Theory > Modularity,Modularity,feature,Modularity,1,6,6,6,0,0.23362271782348798,0.00036850606051165504,0.5436167945174996,0.003281866746452831,0.5403349277710467,0.9939629040538276,1.3579671663381957e-07,-0.00036857397555520804,0.00036857397555520804
exact_latent_tree,full_exact_tree,three_state_binomial_2,exact_tree_production_medians,current_gwt_rater_design,internal_z_probability,ELIZA,Global Workspace Theory > Complexity,Complexity,feature,Complexity,1,3,8,8,0,0.39742724838964005,0.2001413419434449,0.6719547063811855,0.500598302658573,0.17135640372261252,0.25501183650525056,0.04005655675492294,-0.22332024435281148,0.22332024435281148
exact_latent_tree,full_exact_tree,three_state_binomial_2,exact_tree_production_medians,current_gwt_rater_design,internal_z_probability,ELIZA,Global Workspace Theory > Complexity > Functional Diversity,Functional Diversity,feature,Complexity,2,2,2,2,1,0.47106469312736154,0.8028132127063888,0.691471740683488,0.4964776632209559,0.19499407746253217,0.28199862118701985,0.03888262908317586,-0.21963320391638044,0.21963320391638044
exact_latent_tree,full_exact_tree,three_state_binomial_2,exact_tree_production_medians,current_gwt_rater_design,internal_z_probability,ELIZA,Global Workspace Theory > Complexity > Informational Complexity,Informational Complexity,feature,Complexity,2,4,2,2,1,0.4739690342243684,0.3917628900981556,0.6917913453275985,0.6695301209669882,0.022261224360610288,0.03217910213963209,0.3699523818617484,-0.9370984943992472,0.9370984943992472
exact_latent_tree,full_exact_tree,three_state_binomial_2,exact_tree_production_medians,current_gwt_rater_design,internal_z_probability,ELIZA,Global Workspace Theory > Complexity > Informational Complexity > Efficient Problem-Solving,Efficient Problem-Solving,feature,Complexity,3,0,0,0,1,0.5500183087370799,0.40790966477211155,0.6881351390093923,0.6760887007441981,0.012046438265194137,0.017505919378765684,0.3505709650702733,-0.8967095389650354,0.8967095389650354
exact_latent_tree,full_exact_tree,three_state_binomial_2,exact_tree_production_medians,current_gwt_rater_design,internal_z_probability,ELIZA,Global Workspace Theory > Complexity > Informational Complexity > Efficient Network Topology,Efficient Network Topology,feature,Complexity,3,0,0,0,0,0.5906514685471863,0.48850272609140855,0.6766205573521129,0.6928827826423791,-0.01626222529026622,-0.024034483010547027,0.2386349133987377,-0.67041302320663,0.67041302320663
exact_latent_tree,full_exact_tree,three_state_binomial_2,exact_tree_production_medians,current_gwt_rater_design,internal_z_probability,ELIZA,Global Workspace Theory > Complexity > Structural Complexity,Structural Complexity,feature,Complexity,2,4,4,4,0,0.3783199447536186,0.04834866911097141,0.6632356648604192,0.19362399173730685,0.46961167312311236,0.70806155037206,0.002337593804802201,-0.049556560342487864,0.049556560342487864
exact_latent_tree,full_exact_tree,three_state_binomial_2,exact_tree_production_medians,current_gwt_rater_design,internal_z_probability,ELIZA,Global Workspace Theory > Selective Attention,Selective Attention,feature,Selective Attention,1,5,12,12,0,0.21652202216927355,0.008692650865662942,0.5224706215991094,0.04990379898858803,0.47256682261052135,0.9044849663779199,7.55621790723107e-05,-0.008730652337822442,0.008730652337822442
exact_latent_tree,full_exact_tree,three_state_binomial_2,exact_tree_production_medians,current_gwt_rater_design,internal_z_probability,ELIZA,Global Workspace Theory > Selective Attention > Non-Linear Capabilities,Non-Linear Capabilities,feature,Selective Attention,2,2,2,2,0,0.49245891746033726,0.012079138934026321,0.6930334403958649,0.06535069436950662,0.6276827460263583,0.9057034039624727,0.00014590559738751052,-0.012152684578110617,0.012152684578110617
exact_latent_tree,full_exact_tree,three_state_binomial_2,exact_tree_production_medians,current_gwt_rater_design,internal_z_probability,ELIZA,Global Workspace Theory > Selective Attention > Adaptive Focus,Adaptive Focus,feature,Selective Attention,2,3,3,3,0,0.3564859143208439,0.0011663138017355414,0.6513694788137604,0.009042808460240519,0.6423266703535199,0.9861172364466496,1.3602878841188118e-06,-0.0011669944749815285,0.0011669944749815285
exact_latent_tree,full_exact_tree,three_state_binomial_2,exact_tree_production_medians,current_gwt_rater_design,internal_z_probability,ELIZA,Global Workspace Theory > Selective Attention > Attention-Constrained Architecture,Attention-Constrained Architecture,feature,Selective Attention,2,2,2,2,0,0.38699622325245164,0.08260401297471591,0.6673854799424659,0.28508365836062843,0.38230182158183745,0.5728350901712681,0.006823422959527034,-0.08621607111979887,0.08621607111979887
exact_latent_tree,full_exact_tree,three_state_binomial_2,exact_tree_production_medians,current_gwt_rater_design,internal_z_probability,ELIZA,Global Workspace Theory > Selective Attention > Performance Sensitivity,Performance Sensitivity,feature,Selective Attention,2,3,3,3,1,0.38699622325245164,0.1300149615658828,0.6673854799424659,0.38641514661877796,0.2809703333236879,0.4210015677115269,0.7568739670992124,-2.0401057461804526,2.0401057461804526
exact_latent_tree,full_exact_tree,three_state_binomial_2,exact_tree_production_medians,current_gwt_rater_design,internal_z_probability,ELIZA,Global Workspace Theory > Selective Attention > Capability Attention Modulation,Capability Attention Modulation,feature,Selective Attention,2,2,2,2,0,0.44431870944426355,0.23185051237094123,0.6869334876284415,0.5415026864601535,0.145430801168288,0.21171016377491075,0.053754660086667974,-0.26377091942507636,0.26377091942507636
exact_latent_tree,full_exact_tree,three_state_binomial_2,exact_tree_production_medians,current_gwt_rater_design,internal_z_probability,ELIZA,Global Workspace Theory > Integration,Integration,feature,Integration,1,2,2,2,1,0.21652202216927355,0.911825241474905,0.5224706215991094,0.29829441661861567,0.22417620498049373,0.42906949350446666,0.007774788040958821,-0.09230692845928874,0.09230692845928874
