dgp,fit,leaf,nuisance_truth,design,estimand,system,top_feature,category,rating_count,observed_count,observed_proportion,pred_count_mean,pred_count_p03,pred_count_p97,pred_prop_mean,pred_prop_p03,pred_prop_p97,prop_error,interval_includes_observed_prop
exact_latent_tree,full_exact_tree,three_state_binomial_2,exact_tree_production_medians,current_gwt_rater_design,observed_scale_feature_block,2024 Leading Chat LLMs,Coherence,0,48,14.0,0.2916666666666667,15.24375,8.0,23.0,0.317578125,0.16666666666666666,0.4791666666666667,0.025911458333333304,True
exact_latent_tree,full_exact_tree,three_state_binomial_2,exact_tree_production_medians,current_gwt_rater_design,observed_scale_feature_block,2024 Leading Chat LLMs,Coherence,1,48,5.0,0.10416666666666667,3.70675,1.0,8.0,0.07722395833333334,0.020833333333333332,0.16666666666666666,-0.02694270833333333,True
exact_latent_tree,full_exact_tree,three_state_binomial_2,exact_tree_production_medians,current_gwt_rater_design,observed_scale_feature_block,2024 Leading Chat LLMs,Coherence,2,48,3.0,0.0625,3.853,1.0,8.0,0.08027083333333333,0.020833333333333332,0.16666666666666666,0.017770833333333333,True
exact_latent_tree,full_exact_tree,three_state_binomial_2,exact_tree_production_medians,current_gwt_rater_design,observed_scale_feature_block,2024 Leading Chat LLMs,Coherence,3,48,9.0,0.1875,5.74575,2.0,10.0,0.119703125,0.041666666666666664,0.20833333333333334,-0.067796875,True
exact_latent_tree,full_exact_tree,three_state_binomial_2,exact_tree_production_medians,current_gwt_rater_design,observed_scale_feature_block,2024 Leading Chat LLMs,Coherence,4,48,8.0,0.16666666666666666,5.16925,1.0,10.0,0.10769270833333333,0.020833333333333332,0.20833333333333334,-0.058973958333333326,True
exact_latent_tree,full_exact_tree,three_state_binomial_2,exact_tree_production_medians,current_gwt_rater_design,observed_scale_feature_block,2024 Leading Chat LLMs,Coherence,5,48,5.0,0.10416666666666667,5.70725,2.0,11.0,0.11890104166666665,0.041666666666666664,0.22916666666666666,0.01473437499999998,True
exact_latent_tree,full_exact_tree,three_state_binomial_2,exact_tree_production_medians,current_gwt_rater_design,observed_scale_feature_block,2024 Leading Chat LLMs,Coherence,6,48,4.0,0.08333333333333333,8.57425,4.0,15.0,0.17863020833333335,0.08333333333333333,0.3125,0.09529687500000002,True
exact_latent_tree,full_exact_tree,three_state_binomial_2,exact_tree_production_medians,current_gwt_rater_design,observed_scale_feature_block,2024 Leading Chat LLMs,Complexity,0,30,6.0,0.2,9.88,5.0,16.0,0.32933333333333337,0.16666666666666666,0.5333333333333333,0.12933333333333336,True
exact_latent_tree,full_exact_tree,three_state_binomial_2,exact_tree_production_medians,current_gwt_rater_design,observed_scale_feature_block,2024 Leading Chat LLMs,Complexity,1,30,1.0,0.03333333333333333,2.322,0.0,6.0,0.07740000000000001,0.0,0.2,0.04406666666666668,True
exact_latent_tree,full_exact_tree,three_state_binomial_2,exact_tree_production_medians,current_gwt_rater_design,observed_scale_feature_block,2024 Leading Chat LLMs,Complexity,2,30,5.0,0.16666666666666666,2.44325,0.0,6.0,0.08144166666666668,0.0,0.2,-0.08522499999999998,True
exact_latent_tree,full_exact_tree,three_state_binomial_2,exact_tree_production_medians,current_gwt_rater_design,observed_scale_feature_block,2024 Leading Chat LLMs,Complexity,3,30,3.0,0.1,3.53475,1.0,7.0,0.11782500000000001,0.03333333333333333,0.23333333333333334,0.017825000000000008,True
exact_latent_tree,full_exact_tree,three_state_binomial_2,exact_tree_production_medians,current_gwt_rater_design,observed_scale_feature_block,2024 Leading Chat LLMs,Complexity,4,30,2.0,0.06666666666666667,3.15375,0.0,7.0,0.10512500000000001,0.0,0.23333333333333334,0.038458333333333344,True
exact_latent_tree,full_exact_tree,three_state_binomial_2,exact_tree_production_medians,current_gwt_rater_design,observed_scale_feature_block,2024 Leading Chat LLMs,Complexity,5,30,7.0,0.23333333333333334,3.40475,0.0,7.0,0.11349166666666667,0.0,0.23333333333333334,-0.11984166666666667,True
exact_latent_tree,full_exact_tree,three_state_binomial_2,exact_tree_production_medians,current_gwt_rater_design,observed_scale_feature_block,2024 Leading Chat LLMs,Complexity,6,30,6.0,0.2,5.2615,1.0,10.0,0.17538333333333334,0.03333333333333333,0.3333333333333333,-0.024616666666666676,True
exact_latent_tree,full_exact_tree,three_state_binomial_2,exact_tree_production_medians,current_gwt_rater_design,observed_scale_feature_block,2024 Leading Chat LLMs,Hierarchical Organization,0,3,0.0,0.0,1.0105,0.0,3.0,0.3368333333333333,0.0,1.0,0.3368333333333333,True
exact_latent_tree,full_exact_tree,three_state_binomial_2,exact_tree_production_medians,current_gwt_rater_design,observed_scale_feature_block,2024 Leading Chat LLMs,Hierarchical Organization,1,3,0.0,0.0,0.25125,0.0,1.0,0.08375,0.0,0.3333333333333333,0.08375,True
exact_latent_tree,full_exact_tree,three_state_binomial_2,exact_tree_production_medians,current_gwt_rater_design,observed_scale_feature_block,2024 Leading Chat LLMs,Hierarchical Organization,2,3,0.0,0.0,0.2545,0.0,1.0,0.08483333333333333,0.0,0.3333333333333333,0.08483333333333333,True
exact_latent_tree,full_exact_tree,three_state_binomial_2,exact_tree_production_medians,current_gwt_rater_design,observed_scale_feature_block,2024 Leading Chat LLMs,Hierarchical Organization,3,3,2.0,0.6666666666666666,0.3665,0.0,2.0,0.12216666666666666,0.0,0.6666666666666666,-0.5445,True
exact_latent_tree,full_exact_tree,three_state_binomial_2,exact_tree_production_medians,current_gwt_rater_design,observed_scale_feature_block,2024 Leading Chat LLMs,Hierarchical Organization,4,3,1.0,0.3333333333333333,0.3125,0.0,2.0,0.10416666666666666,0.0,0.6666666666666666,-0.22916666666666666,True
exact_latent_tree,full_exact_tree,three_state_binomial_2,exact_tree_production_medians,current_gwt_rater_design,observed_scale_feature_block,2024 Leading Chat LLMs,Hierarchical Organization,5,3,0.0,0.0,0.32225,0.0,2.0,0.10741666666666666,0.0,0.6666666666666666,0.10741666666666666,True
exact_latent_tree,full_exact_tree,three_state_binomial_2,exact_tree_production_medians,current_gwt_rater_design,observed_scale_feature_block,2024 Leading Chat LLMs,Hierarchical Organization,6,3,0.0,0.0,0.4825,0.0,2.0,0.16083333333333333,0.0,0.6666666666666666,0.16083333333333333,True
exact_latent_tree,full_exact_tree,three_state_binomial_2,exact_tree_production_medians,current_gwt_rater_design,observed_scale_feature_block,2024 Leading Chat LLMs,Integration,0,8,0.0,0.0,2.71875,0.0,6.0,0.33984375,0.0,0.75,0.33984375,True
exact_latent_tree,full_exact_tree,three_state_binomial_2,exact_tree_production_medians,current_gwt_rater_design,observed_scale_feature_block,2024 Leading Chat LLMs,Integration,1,8,0.0,0.0,0.62175,0.0,2.0,0.07771875,0.0,0.25,0.07771875,True
exact_latent_tree,full_exact_tree,three_state_binomial_2,exact_tree_production_medians,current_gwt_rater_design,observed_scale_feature_block,2024 Leading Chat LLMs,Integration,2,8,0.0,0.0,0.643,0.0,2.0,0.080375,0.0,0.25,0.080375,True
exact_latent_tree,full_exact_tree,three_state_binomial_2,exact_tree_production_medians,current_gwt_rater_design,observed_scale_feature_block,2024 Leading Chat LLMs,Integration,3,8,0.0,0.0,0.94175,0.0,3.0,0.11771875,0.0,0.375,0.11771875,True
exact_latent_tree,full_exact_tree,three_state_binomial_2,exact_tree_production_medians,current_gwt_rater_design,observed_scale_feature_block,2024 Leading Chat LLMs,Integration,4,8,1.0,0.125,0.81525,0.0,3.0,0.10190625,0.0,0.375,-0.023093749999999996,True
exact_latent_tree,full_exact_tree,three_state_binomial_2,exact_tree_production_medians,current_gwt_rater_design,observed_scale_feature_block,2024 Leading Chat LLMs,Integration,5,8,3.0,0.375,0.89475,0.0,3.0,0.11184375,0.0,0.375,-0.26315625,True
exact_latent_tree,full_exact_tree,three_state_binomial_2,exact_tree_production_medians,current_gwt_rater_design,observed_scale_feature_block,2024 Leading Chat LLMs,Integration,6,8,4.0,0.5,1.36475,0.0,4.0,0.17059375,0.0,0.5,-0.32940625,True
exact_latent_tree,full_exact_tree,three_state_binomial_2,exact_tree_production_medians,current_gwt_rater_design,observed_scale_feature_block,2024 Leading Chat LLMs,Modularity,0,24,11.0,0.4583333333333333,9.03725,4.0,14.0,0.3765520833333333,0.16666666666666666,0.5833333333333334,-0.08178125000000003,True
exact_latent_tree,full_exact_tree,three_state_binomial_2,exact_tree_production_medians,current_gwt_rater_design,observed_scale_feature_block,2024 Leading Chat LLMs,Modularity,1,24,3.0,0.125,2.04725,0.0,5.0,0.08530208333333333,0.0,0.20833333333333334,-0.039697916666666666,True
exact_latent_tree,full_exact_tree,three_state_binomial_2,exact_tree_production_medians,current_gwt_rater_design,observed_scale_feature_block,2024 Leading Chat LLMs,Modularity,2,24,2.0,0.08333333333333333,2.06425,0.0,5.0,0.08601041666666666,0.0,0.20833333333333334,0.00267708333333333,True
exact_latent_tree,full_exact_tree,three_state_binomial_2,exact_tree_production_medians,current_gwt_rater_design,observed_scale_feature_block,2024 Leading Chat LLMs,Modularity,3,24,3.0,0.125,2.912,0.0,6.0,0.12133333333333335,0.0,0.25,-0.0036666666666666514,True
exact_latent_tree,full_exact_tree,three_state_binomial_2,exact_tree_production_medians,current_gwt_rater_design,observed_scale_feature_block,2024 Leading Chat LLMs,Modularity,4,24,1.0,0.041666666666666664,2.35625,0.0,6.0,0.09817708333333333,0.0,0.25,0.05651041666666667,True
exact_latent_tree,full_exact_tree,three_state_binomial_2,exact_tree_production_medians,current_gwt_rater_design,observed_scale_feature_block,2024 Leading Chat LLMs,Modularity,5,24,4.0,0.16666666666666666,2.367,0.0,6.0,0.098625,0.0,0.25,-0.06804166666666665,True
exact_latent_tree,full_exact_tree,three_state_binomial_2,exact_tree_production_medians,current_gwt_rater_design,observed_scale_feature_block,2024 Leading Chat LLMs,Modularity,6,24,0.0,0.0,3.216,0.0,7.029999999999745,0.134,0.0,0.29291666666665606,0.134,True
exact_latent_tree,full_exact_tree,three_state_binomial_2,exact_tree_production_medians,current_gwt_rater_design,observed_scale_feature_block,2024 Leading Chat LLMs,Representationality,0,30,2.0,0.06666666666666667,9.59575,4.0,15.0,0.31985833333333336,0.13333333333333333,0.5,0.2531916666666667,False
exact_latent_tree,full_exact_tree,three_state_binomial_2,exact_tree_production_medians,current_gwt_rater_design,observed_scale_feature_block,2024 Leading Chat LLMs,Representationality,1,30,1.0,0.03333333333333333,2.28225,0.0,6.0,0.07607499999999999,0.0,0.2,0.04274166666666666,True
exact_latent_tree,full_exact_tree,three_state_binomial_2,exact_tree_production_medians,current_gwt_rater_design,observed_scale_feature_block,2024 Leading Chat LLMs,Representationality,2,30,2.0,0.06666666666666667,2.3655,0.0,6.0,0.07885,0.0,0.2,0.012183333333333338,True
exact_latent_tree,full_exact_tree,three_state_binomial_2,exact_tree_production_medians,current_gwt_rater_design,observed_scale_feature_block,2024 Leading Chat LLMs,Representationality,3,30,7.0,0.23333333333333334,3.52175,1.0,7.0,0.11739166666666669,0.03333333333333333,0.23333333333333334,-0.11594166666666665,True
exact_latent_tree,full_exact_tree,three_state_binomial_2,exact_tree_production_medians,current_gwt_rater_design,observed_scale_feature_block,2024 Leading Chat LLMs,Representationality,4,30,4.0,0.13333333333333333,3.18025,0.0,7.0,0.10600833333333333,0.0,0.23333333333333334,-0.027325000000000002,True
exact_latent_tree,full_exact_tree,three_state_binomial_2,exact_tree_production_medians,current_gwt_rater_design,observed_scale_feature_block,2024 Leading Chat LLMs,Representationality,5,30,4.0,0.13333333333333333,3.5535,1.0,7.0,0.11845,0.03333333333333333,0.23333333333333334,-0.014883333333333332,True
exact_latent_tree,full_exact_tree,three_state_binomial_2,exact_tree_production_medians,current_gwt_rater_design,observed_scale_feature_block,2024 Leading Chat LLMs,Representationality,6,30,10.0,0.3333333333333333,5.501,2.0,10.0,0.18336666666666668,0.06666666666666667,0.3333333333333333,-0.14996666666666664,True
exact_latent_tree,full_exact_tree,three_state_binomial_2,exact_tree_production_medians,current_gwt_rater_design,observed_scale_feature_block,2024 Leading Chat LLMs,Selective Attention,0,43,10.0,0.23255813953488372,12.983,7.0,20.0,0.30193023255813956,0.16279069767441862,0.46511627906976744,0.06937209302325584,True
exact_latent_tree,full_exact_tree,three_state_binomial_2,exact_tree_production_medians,current_gwt_rater_design,observed_scale_feature_block,2024 Leading Chat LLMs,Selective Attention,1,43,1.0,0.023255813953488372,3.207,0.0,7.0,0.07458139534883722,0.0,0.16279069767441862,0.051325581395348846,True
exact_latent_tree,full_exact_tree,three_state_binomial_2,exact_tree_production_medians,current_gwt_rater_design,observed_scale_feature_block,2024 Leading Chat LLMs,Selective Attention,2,43,6.0,0.13953488372093023,3.43175,0.0,8.0,0.07980813953488372,0.0,0.18604651162790697,-0.05972674418604651,True
exact_latent_tree,full_exact_tree,three_state_binomial_2,exact_tree_production_medians,current_gwt_rater_design,observed_scale_feature_block,2024 Leading Chat LLMs,Selective Attention,3,43,6.0,0.13953488372093023,5.159,2.0,10.0,0.11997674418604651,0.046511627906976744,0.23255813953488372,-0.019558139534883723,True
exact_latent_tree,full_exact_tree,three_state_binomial_2,exact_tree_production_medians,current_gwt_rater_design,observed_scale_feature_block,2024 Leading Chat LLMs,Selective Attention,4,43,3.0,0.06976744186046512,4.74875,1.0,9.0,0.11043604651162789,0.023255813953488372,0.20930232558139536,0.040668604651162774,True
exact_latent_tree,full_exact_tree,three_state_binomial_2,exact_tree_production_medians,current_gwt_rater_design,observed_scale_feature_block,2024 Leading Chat LLMs,Selective Attention,5,43,6.0,0.13953488372093023,5.2885,1.0,10.0,0.12298837209302325,0.023255813953488372,0.23255813953488372,-0.016546511627906976,True
exact_latent_tree,full_exact_tree,three_state_binomial_2,exact_tree_production_medians,current_gwt_rater_design,observed_scale_feature_block,2024 Leading Chat LLMs,Selective Attention,6,43,11.0,0.2558139534883721,8.182,3.0,14.0,0.19027906976744186,0.06976744186046512,0.32558139534883723,-0.06553488372093025,True
exact_latent_tree,full_exact_tree,three_state_binomial_2,exact_tree_production_medians,current_gwt_rater_design,observed_scale_feature_block,Chicken,Coherence,0,25,5.0,0.2,8.027,4.0,13.0,0.32108000000000003,0.16,0.52,0.12108000000000002,True
exact_latent_tree,full_exact_tree,three_state_binomial_2,exact_tree_production_medians,current_gwt_rater_design,observed_scale_feature_block,Chicken,Coherence,1,25,3.0,0.12,1.89925,0.0,5.0,0.07597,0.0,0.2,-0.04403,True
exact_latent_tree,full_exact_tree,three_state_binomial_2,exact_tree_production_medians,current_gwt_rater_design,observed_scale_feature_block,Chicken,Coherence,2,25,0.0,0.0,2.06325,0.0,5.0,0.08253,0.0,0.2,0.08253,True
exact_latent_tree,full_exact_tree,three_state_binomial_2,exact_tree_production_medians,current_gwt_rater_design,observed_scale_feature_block,Chicken,Coherence,3,25,3.0,0.12,3.01725,0.0,7.0,0.12069,0.0,0.28,0.00069000000000001,True
exact_latent_tree,full_exact_tree,three_state_binomial_2,exact_tree_production_medians,current_gwt_rater_design,observed_scale_feature_block,Chicken,Coherence,4,25,1.0,0.04,2.671,0.0,6.0,0.10684,0.0,0.24,0.06684000000000001,True
exact_latent_tree,full_exact_tree,three_state_binomial_2,exact_tree_production_medians,current_gwt_rater_design,observed_scale_feature_block,Chicken,Coherence,5,25,5.0,0.2,2.94075,0.0,6.0,0.11763000000000001,0.0,0.24,-0.08237,True
exact_latent_tree,full_exact_tree,three_state_binomial_2,exact_tree_production_medians,current_gwt_rater_design,observed_scale_feature_block,Chicken,Coherence,6,25,8.0,0.32,4.3815,1.0,9.0,0.17526000000000003,0.04,0.36,-0.14473999999999998,True
exact_latent_tree,full_exact_tree,three_state_binomial_2,exact_tree_production_medians,current_gwt_rater_design,observed_scale_feature_block,Chicken,Complexity,0,15,6.0,0.4,5.01675,2.0,9.0,0.33445,0.13333333333333333,0.6,-0.06555,True
exact_latent_tree,full_exact_tree,three_state_binomial_2,exact_tree_production_medians,current_gwt_rater_design,observed_scale_feature_block,Chicken,Complexity,1,15,2.0,0.13333333333333333,1.153,0.0,4.0,0.07686666666666667,0.0,0.26666666666666666,-0.056466666666666665,True
exact_latent_tree,full_exact_tree,three_state_binomial_2,exact_tree_production_medians,current_gwt_rater_design,observed_scale_feature_block,Chicken,Complexity,2,15,2.0,0.13333333333333333,1.2435,0.0,4.0,0.0829,0.0,0.26666666666666666,-0.05043333333333333,True
exact_latent_tree,full_exact_tree,three_state_binomial_2,exact_tree_production_medians,current_gwt_rater_design,observed_scale_feature_block,Chicken,Complexity,3,15,1.0,0.06666666666666667,1.766,0.0,4.0,0.11773333333333331,0.0,0.26666666666666666,0.05106666666666665,True
exact_latent_tree,full_exact_tree,three_state_binomial_2,exact_tree_production_medians,current_gwt_rater_design,observed_scale_feature_block,Chicken,Complexity,4,15,1.0,0.06666666666666667,1.57975,0.0,4.0,0.10531666666666667,0.0,0.26666666666666666,0.038650000000000004,True
exact_latent_tree,full_exact_tree,three_state_binomial_2,exact_tree_production_medians,current_gwt_rater_design,observed_scale_feature_block,Chicken,Complexity,5,15,0.0,0.0,1.70375,0.0,5.0,0.11358333333333331,0.0,0.3333333333333333,0.11358333333333331,True
exact_latent_tree,full_exact_tree,three_state_binomial_2,exact_tree_production_medians,current_gwt_rater_design,observed_scale_feature_block,Chicken,Complexity,6,15,3.0,0.2,2.53725,0.0,6.0,0.16915,0.0,0.4,-0.030850000000000016,True
exact_latent_tree,full_exact_tree,three_state_binomial_2,exact_tree_production_medians,current_gwt_rater_design,observed_scale_feature_block,Chicken,Hierarchical Organization,0,1,0.0,0.0,0.35025,0.0,1.0,0.35025,0.0,1.0,0.35025,True
exact_latent_tree,full_exact_tree,three_state_binomial_2,exact_tree_production_medians,current_gwt_rater_design,observed_scale_feature_block,Chicken,Hierarchical Organization,1,1,0.0,0.0,0.084,0.0,1.0,0.084,0.0,1.0,0.084,True
exact_latent_tree,full_exact_tree,three_state_binomial_2,exact_tree_production_medians,current_gwt_rater_design,observed_scale_feature_block,Chicken,Hierarchical Organization,2,1,0.0,0.0,0.085,0.0,1.0,0.085,0.0,1.0,0.085,True
exact_latent_tree,full_exact_tree,three_state_binomial_2,exact_tree_production_medians,current_gwt_rater_design,observed_scale_feature_block,Chicken,Hierarchical Organization,3,1,0.0,0.0,0.12125,0.0,1.0,0.12125,0.0,1.0,0.12125,True
exact_latent_tree,full_exact_tree,three_state_binomial_2,exact_tree_production_medians,current_gwt_rater_design,observed_scale_feature_block,Chicken,Hierarchical Organization,4,1,0.0,0.0,0.1055,0.0,1.0,0.1055,0.0,1.0,0.1055,True
exact_latent_tree,full_exact_tree,three_state_binomial_2,exact_tree_production_medians,current_gwt_rater_design,observed_scale_feature_block,Chicken,Hierarchical Organization,5,1,0.0,0.0,0.10425,0.0,1.0,0.10425,0.0,1.0,0.10425,True
exact_latent_tree,full_exact_tree,three_state_binomial_2,exact_tree_production_medians,current_gwt_rater_design,observed_scale_feature_block,Chicken,Hierarchical Organization,6,1,1.0,1.0,0.14975,0.0,1.0,0.14975,0.0,1.0,-0.85025,True
exact_latent_tree,full_exact_tree,three_state_binomial_2,exact_tree_production_medians,current_gwt_rater_design,observed_scale_feature_block,Chicken,Integration,0,4,0.0,0.0,1.386,0.0,3.0,0.3465,0.0,0.75,0.3465,True
exact_latent_tree,full_exact_tree,three_state_binomial_2,exact_tree_production_medians,current_gwt_rater_design,observed_scale_feature_block,Chicken,Integration,1,4,0.0,0.0,0.32325,0.0,2.0,0.0808125,0.0,0.5,0.0808125,True
exact_latent_tree,full_exact_tree,three_state_binomial_2,exact_tree_production_medians,current_gwt_rater_design,observed_scale_feature_block,Chicken,Integration,2,4,0.0,0.0,0.33425,0.0,2.0,0.0835625,0.0,0.5,0.0835625,True
exact_latent_tree,full_exact_tree,three_state_binomial_2,exact_tree_production_medians,current_gwt_rater_design,observed_scale_feature_block,Chicken,Integration,3,4,0.0,0.0,0.47425,0.0,2.0,0.1185625,0.0,0.5,0.1185625,True
exact_latent_tree,full_exact_tree,three_state_binomial_2,exact_tree_production_medians,current_gwt_rater_design,observed_scale_feature_block,Chicken,Integration,4,4,1.0,0.25,0.39975,0.0,2.0,0.0999375,0.0,0.5,-0.1500625,True
exact_latent_tree,full_exact_tree,three_state_binomial_2,exact_tree_production_medians,current_gwt_rater_design,observed_scale_feature_block,Chicken,Integration,5,4,1.0,0.25,0.41975,0.0,2.0,0.1049375,0.0,0.5,-0.14506249999999998,True
exact_latent_tree,full_exact_tree,three_state_binomial_2,exact_tree_production_medians,current_gwt_rater_design,observed_scale_feature_block,Chicken,Integration,6,4,2.0,0.5,0.66275,0.0,2.0,0.1656875,0.0,0.5,-0.3343125,True
exact_latent_tree,full_exact_tree,three_state_binomial_2,exact_tree_production_medians,current_gwt_rater_design,observed_scale_feature_block,Chicken,Modularity,0,12,6.0,0.5,4.5845,1.0,8.0,0.3820416666666666,0.08333333333333333,0.6666666666666666,-0.11795833333333339,True
exact_latent_tree,full_exact_tree,three_state_binomial_2,exact_tree_production_medians,current_gwt_rater_design,observed_scale_feature_block,Chicken,Modularity,1,12,0.0,0.0,1.03725,0.0,3.0,0.0864375,0.0,0.25,0.0864375,True
exact_latent_tree,full_exact_tree,three_state_binomial_2,exact_tree_production_medians,current_gwt_rater_design,observed_scale_feature_block,Chicken,Modularity,2,12,3.0,0.25,1.04175,0.0,3.0,0.0868125,0.0,0.25,-0.16318749999999999,True
exact_latent_tree,full_exact_tree,three_state_binomial_2,exact_tree_production_medians,current_gwt_rater_design,observed_scale_feature_block,Chicken,Modularity,3,12,1.0,0.08333333333333333,1.44525,0.0,4.0,0.1204375,0.0,0.3333333333333333,0.037104166666666674,True
exact_latent_tree,full_exact_tree,three_state_binomial_2,exact_tree_production_medians,current_gwt_rater_design,observed_scale_feature_block,Chicken,Modularity,4,12,1.0,0.08333333333333333,1.165,0.0,3.0,0.09708333333333333,0.0,0.25,0.013749999999999998,True
exact_latent_tree,full_exact_tree,three_state_binomial_2,exact_tree_production_medians,current_gwt_rater_design,observed_scale_feature_block,Chicken,Modularity,5,12,0.0,0.0,1.165,0.0,3.0,0.09708333333333333,0.0,0.25,0.09708333333333333,True
exact_latent_tree,full_exact_tree,three_state_binomial_2,exact_tree_production_medians,current_gwt_rater_design,observed_scale_feature_block,Chicken,Modularity,6,12,1.0,0.08333333333333333,1.56125,0.0,4.0,0.13010416666666666,0.0,0.3333333333333333,0.04677083333333333,True
exact_latent_tree,full_exact_tree,three_state_binomial_2,exact_tree_production_medians,current_gwt_rater_design,observed_scale_feature_block,Chicken,Representationality,0,12,1.0,0.08333333333333333,3.8605,1.0,7.0,0.3217083333333333,0.08333333333333333,0.5833333333333334,0.238375,True
exact_latent_tree,full_exact_tree,three_state_binomial_2,exact_tree_production_medians,current_gwt_rater_design,observed_scale_feature_block,Chicken,Representationality,1,12,0.0,0.0,0.8985,0.0,3.0,0.074875,0.0,0.25,0.074875,True
exact_latent_tree,full_exact_tree,three_state_binomial_2,exact_tree_production_medians,current_gwt_rater_design,observed_scale_feature_block,Chicken,Representationality,2,12,2.0,0.16666666666666666,0.944,0.0,3.0,0.07866666666666666,0.0,0.25,-0.088,True
exact_latent_tree,full_exact_tree,three_state_binomial_2,exact_tree_production_medians,current_gwt_rater_design,observed_scale_feature_block,Chicken,Representationality,3,12,0.0,0.0,1.4275,0.0,4.0,0.11895833333333333,0.0,0.3333333333333333,0.11895833333333333,True
exact_latent_tree,full_exact_tree,three_state_binomial_2,exact_tree_production_medians,current_gwt_rater_design,observed_scale_feature_block,Chicken,Representationality,4,12,3.0,0.25,1.252,0.0,4.0,0.10433333333333335,0.0,0.3333333333333333,-0.14566666666666667,True
exact_latent_tree,full_exact_tree,three_state_binomial_2,exact_tree_production_medians,current_gwt_rater_design,observed_scale_feature_block,Chicken,Representationality,5,12,4.0,0.3333333333333333,1.4155,0.0,4.0,0.11795833333333332,0.0,0.3333333333333333,-0.21537499999999998,True
exact_latent_tree,full_exact_tree,three_state_binomial_2,exact_tree_production_medians,current_gwt_rater_design,observed_scale_feature_block,Chicken,Representationality,6,12,2.0,0.16666666666666666,2.202,0.0,5.0,0.1835,0.0,0.4166666666666667,0.01683333333333334,True
exact_latent_tree,full_exact_tree,three_state_binomial_2,exact_tree_production_medians,current_gwt_rater_design,observed_scale_feature_block,Chicken,Selective Attention,0,24,10.0,0.4166666666666667,7.28825,3.0,12.0,0.3036770833333334,0.125,0.5,-0.11298958333333331,True
exact_latent_tree,full_exact_tree,three_state_binomial_2,exact_tree_production_medians,current_gwt_rater_design,observed_scale_feature_block,Chicken,Selective Attention,1,24,3.0,0.125,1.797,0.0,5.0,0.074875,0.0,0.20833333333333334,-0.050125,True
exact_latent_tree,full_exact_tree,three_state_binomial_2,exact_tree_production_medians,current_gwt_rater_design,observed_scale_feature_block,Chicken,Selective Attention,2,24,2.0,0.08333333333333333,1.9085,0.0,5.0,0.07952083333333333,0.0,0.20833333333333334,-0.0038124999999999964,True
exact_latent_tree,full_exact_tree,three_state_binomial_2,exact_tree_production_medians,current_gwt_rater_design,observed_scale_feature_block,Chicken,Selective Attention,3,24,4.0,0.16666666666666666,2.858,0.0,6.0,0.11908333333333335,0.0,0.25,-0.04758333333333331,True
exact_latent_tree,full_exact_tree,three_state_binomial_2,exact_tree_production_medians,current_gwt_rater_design,observed_scale_feature_block,Chicken,Selective Attention,4,24,2.0,0.08333333333333333,2.65625,0.0,6.0,0.11067708333333334,0.0,0.25,0.027343750000000014,True
exact_latent_tree,full_exact_tree,three_state_binomial_2,exact_tree_production_medians,current_gwt_rater_design,observed_scale_feature_block,Chicken,Selective Attention,5,24,1.0,0.041666666666666664,2.932,0.0,6.0,0.12216666666666666,0.0,0.25,0.08049999999999999,True
exact_latent_tree,full_exact_tree,three_state_binomial_2,exact_tree_production_medians,current_gwt_rater_design,observed_scale_feature_block,Chicken,Selective Attention,6,24,2.0,0.08333333333333333,4.56,1.0,9.0,0.19,0.041666666666666664,0.375,0.10666666666666667,True
exact_latent_tree,full_exact_tree,three_state_binomial_2,exact_tree_production_medians,current_gwt_rater_design,observed_scale_feature_block,ELIZA,Coherence,0,13,6.0,0.46153846153846156,4.5195,1.0,8.0,0.3476538461538462,0.07692307692307693,0.6153846153846154,-0.11388461538461536,True
exact_latent_tree,full_exact_tree,three_state_binomial_2,exact_tree_production_medians,current_gwt_rater_design,observed_scale_feature_block,ELIZA,Coherence,1,13,2.0,0.15384615384615385,1.0555,0.0,3.0,0.08119230769230767,0.0,0.23076923076923078,-0.07265384615384618,True
exact_latent_tree,full_exact_tree,three_state_binomial_2,exact_tree_production_medians,current_gwt_rater_design,observed_scale_feature_block,ELIZA,Coherence,2,13,0.0,0.0,1.1145,0.0,3.0,0.08573076923076922,0.0,0.23076923076923078,0.08573076923076922,True
exact_latent_tree,full_exact_tree,three_state_binomial_2,exact_tree_production_medians,current_gwt_rater_design,observed_scale_feature_block,ELIZA,Coherence,3,13,1.0,0.07692307692307693,1.559,0.0,4.0,0.11992307692307691,0.0,0.3076923076923077,0.04299999999999998,True
exact_latent_tree,full_exact_tree,three_state_binomial_2,exact_tree_production_medians,current_gwt_rater_design,observed_scale_feature_block,ELIZA,Coherence,4,13,3.0,0.23076923076923078,1.3485,0.0,4.0,0.10373076923076922,0.0,0.3076923076923077,-0.12703846153846154,True
exact_latent_tree,full_exact_tree,three_state_binomial_2,exact_tree_production_medians,current_gwt_rater_design,observed_scale_feature_block,ELIZA,Coherence,5,13,0.0,0.0,1.39525,0.0,4.0,0.10732692307692307,0.0,0.3076923076923077,0.10732692307692307,True
exact_latent_tree,full_exact_tree,three_state_binomial_2,exact_tree_production_medians,current_gwt_rater_design,observed_scale_feature_block,ELIZA,Coherence,6,13,1.0,0.07692307692307693,2.00775,0.0,5.0,0.15444230769230768,0.0,0.38461538461538464,0.07751923076923076,True
exact_latent_tree,full_exact_tree,three_state_binomial_2,exact_tree_production_medians,current_gwt_rater_design,observed_scale_feature_block,ELIZA,Complexity,0,8,2.0,0.25,2.84575,0.0,5.0,0.35571875,0.0,0.625,0.10571874999999997,True
exact_latent_tree,full_exact_tree,three_state_binomial_2,exact_tree_production_medians,current_gwt_rater_design,observed_scale_feature_block,ELIZA,Complexity,1,8,0.0,0.0,0.6735,0.0,2.0,0.0841875,0.0,0.25,0.0841875,True
exact_latent_tree,full_exact_tree,three_state_binomial_2,exact_tree_production_medians,current_gwt_rater_design,observed_scale_feature_block,ELIZA,Complexity,2,8,0.0,0.0,0.67675,0.0,2.0299999999997453,0.08459375,0.0,0.25374999999996817,0.08459375,True
exact_latent_tree,full_exact_tree,three_state_binomial_2,exact_tree_production_medians,current_gwt_rater_design,observed_scale_feature_block,ELIZA,Complexity,3,8,1.0,0.125,0.956,0.0,3.0,0.1195,0.0,0.375,-0.005500000000000005,True
exact_latent_tree,full_exact_tree,three_state_binomial_2,exact_tree_production_medians,current_gwt_rater_design,observed_scale_feature_block,ELIZA,Complexity,4,8,4.0,0.5,0.82625,0.0,3.0,0.10328125,0.0,0.375,-0.39671875,False
exact_latent_tree,full_exact_tree,three_state_binomial_2,exact_tree_production_medians,current_gwt_rater_design,observed_scale_feature_block,ELIZA,Complexity,5,8,0.0,0.0,0.8275,0.0,3.0,0.1034375,0.0,0.375,0.1034375,True
exact_latent_tree,full_exact_tree,three_state_binomial_2,exact_tree_production_medians,current_gwt_rater_design,observed_scale_feature_block,ELIZA,Complexity,6,8,1.0,0.125,1.19425,0.0,3.0,0.14928125,0.0,0.375,0.024281250000000004,True
exact_latent_tree,full_exact_tree,three_state_binomial_2,exact_tree_production_medians,current_gwt_rater_design,observed_scale_feature_block,ELIZA,Hierarchical Organization,0,1,0.0,0.0,0.3935,0.0,1.0,0.3935,0.0,1.0,0.3935,True
exact_latent_tree,full_exact_tree,three_state_binomial_2,exact_tree_production_medians,current_gwt_rater_design,observed_scale_feature_block,ELIZA,Hierarchical Organization,1,1,0.0,0.0,0.08475,0.0,1.0,0.08475,0.0,1.0,0.08475,True
exact_latent_tree,full_exact_tree,three_state_binomial_2,exact_tree_production_medians,current_gwt_rater_design,observed_scale_feature_block,ELIZA,Hierarchical Organization,2,1,0.0,0.0,0.09525,0.0,1.0,0.09525,0.0,1.0,0.09525,True
exact_latent_tree,full_exact_tree,three_state_binomial_2,exact_tree_production_medians,current_gwt_rater_design,observed_scale_feature_block,ELIZA,Hierarchical Organization,3,1,1.0,1.0,0.12875,0.0,1.0,0.12875,0.0,1.0,-0.87125,True
exact_latent_tree,full_exact_tree,three_state_binomial_2,exact_tree_production_medians,current_gwt_rater_design,observed_scale_feature_block,ELIZA,Hierarchical Organization,4,1,0.0,0.0,0.10475,0.0,1.0,0.10475,0.0,1.0,0.10475,True
exact_latent_tree,full_exact_tree,three_state_binomial_2,exact_tree_production_medians,current_gwt_rater_design,observed_scale_feature_block,ELIZA,Hierarchical Organization,5,1,0.0,0.0,0.0875,0.0,1.0,0.0875,0.0,1.0,0.0875,True
exact_latent_tree,full_exact_tree,three_state_binomial_2,exact_tree_production_medians,current_gwt_rater_design,observed_scale_feature_block,ELIZA,Hierarchical Organization,6,1,0.0,0.0,0.1055,0.0,1.0,0.1055,0.0,1.0,0.1055,True
exact_latent_tree,full_exact_tree,three_state_binomial_2,exact_tree_production_medians,current_gwt_rater_design,observed_scale_feature_block,ELIZA,Integration,0,2,0.0,0.0,0.77525,0.0,2.0,0.387625,0.0,1.0,0.387625,True
exact_latent_tree,full_exact_tree,three_state_binomial_2,exact_tree_production_medians,current_gwt_rater_design,observed_scale_feature_block,ELIZA,Integration,1,2,0.0,0.0,0.17625,0.0,1.0,0.088125,0.0,0.5,0.088125,True
exact_latent_tree,full_exact_tree,three_state_binomial_2,exact_tree_production_medians,current_gwt_rater_design,observed_scale_feature_block,ELIZA,Integration,2,2,0.0,0.0,0.176,0.0,1.0,0.088,0.0,0.5,0.088,True
exact_latent_tree,full_exact_tree,three_state_binomial_2,exact_tree_production_medians,current_gwt_rater_design,observed_scale_feature_block,ELIZA,Integration,3,2,0.0,0.0,0.25125,0.0,1.0,0.125625,0.0,0.5,0.125625,True
exact_latent_tree,full_exact_tree,three_state_binomial_2,exact_tree_production_medians,current_gwt_rater_design,observed_scale_feature_block,ELIZA,Integration,4,2,0.0,0.0,0.1885,0.0,1.0,0.09425,0.0,0.5,0.09425,True
exact_latent_tree,full_exact_tree,three_state_binomial_2,exact_tree_production_medians,current_gwt_rater_design,observed_scale_feature_block,ELIZA,Integration,5,2,1.0,0.5,0.18525,0.0,1.0,0.092625,0.0,0.5,-0.407375,True
exact_latent_tree,full_exact_tree,three_state_binomial_2,exact_tree_production_medians,current_gwt_rater_design,observed_scale_feature_block,ELIZA,Integration,6,2,1.0,0.5,0.2475,0.0,1.0,0.12375,0.0,0.5,-0.37625,True
exact_latent_tree,full_exact_tree,three_state_binomial_2,exact_tree_production_medians,current_gwt_rater_design,observed_scale_feature_block,ELIZA,Modularity,0,6,4.0,0.6666666666666666,2.612,0.0,5.0,0.4353333333333333,0.0,0.8333333333333334,-0.23133333333333334,True
exact_latent_tree,full_exact_tree,three_state_binomial_2,exact_tree_production_medians,current_gwt_rater_design,observed_scale_feature_block,ELIZA,Modularity,1,6,0.0,0.0,0.57975,0.0,2.0,0.096625,0.0,0.3333333333333333,0.096625,True
exact_latent_tree,full_exact_tree,three_state_binomial_2,exact_tree_production_medians,current_gwt_rater_design,observed_scale_feature_block,ELIZA,Modularity,2,6,0.0,0.0,0.531,0.0,2.0,0.0885,0.0,0.3333333333333333,0.0885,True
exact_latent_tree,full_exact_tree,three_state_binomial_2,exact_tree_production_medians,current_gwt_rater_design,observed_scale_feature_block,ELIZA,Modularity,3,6,0.0,0.0,0.73625,0.0,3.0,0.12270833333333332,0.0,0.5,0.12270833333333332,True
exact_latent_tree,full_exact_tree,three_state_binomial_2,exact_tree_production_medians,current_gwt_rater_design,observed_scale_feature_block,ELIZA,Modularity,4,6,1.0,0.16666666666666666,0.53625,0.0,2.0,0.089375,0.0,0.3333333333333333,-0.07729166666666666,True
exact_latent_tree,full_exact_tree,three_state_binomial_2,exact_tree_production_medians,current_gwt_rater_design,observed_scale_feature_block,ELIZA,Modularity,5,6,1.0,0.16666666666666666,0.47075,0.0,2.0,0.07845833333333332,0.0,0.3333333333333333,-0.08820833333333333,True
exact_latent_tree,full_exact_tree,three_state_binomial_2,exact_tree_production_medians,current_gwt_rater_design,observed_scale_feature_block,ELIZA,Modularity,6,6,0.0,0.0,0.534,0.0,2.0,0.089,0.0,0.3333333333333333,0.089,True
exact_latent_tree,full_exact_tree,three_state_binomial_2,exact_tree_production_medians,current_gwt_rater_design,observed_scale_feature_block,ELIZA,Representationality,0,8,1.0,0.125,2.81725,0.0,6.0,0.35215625,0.0,0.75,0.22715625,True
exact_latent_tree,full_exact_tree,three_state_binomial_2,exact_tree_production_medians,current_gwt_rater_design,observed_scale_feature_block,ELIZA,Representationality,1,8,0.0,0.0,0.66325,0.0,2.0,0.08290625,0.0,0.25,0.08290625,True
exact_latent_tree,full_exact_tree,three_state_binomial_2,exact_tree_production_medians,current_gwt_rater_design,observed_scale_feature_block,ELIZA,Representationality,2,8,0.0,0.0,0.6605,0.0,2.0,0.0825625,0.0,0.25,0.0825625,True
exact_latent_tree,full_exact_tree,three_state_binomial_2,exact_tree_production_medians,current_gwt_rater_design,observed_scale_feature_block,ELIZA,Representationality,3,8,2.0,0.25,0.92275,0.0,3.0,0.11534375,0.0,0.375,-0.13465625,True
exact_latent_tree,full_exact_tree,three_state_binomial_2,exact_tree_production_medians,current_gwt_rater_design,observed_scale_feature_block,ELIZA,Representationality,4,8,3.0,0.375,0.81,0.0,3.0,0.10125,0.0,0.375,-0.27375,True
exact_latent_tree,full_exact_tree,three_state_binomial_2,exact_tree_production_medians,current_gwt_rater_design,observed_scale_feature_block,ELIZA,Representationality,5,8,1.0,0.125,0.873,0.0,3.0,0.109125,0.0,0.375,-0.015875,True
exact_latent_tree,full_exact_tree,three_state_binomial_2,exact_tree_production_medians,current_gwt_rater_design,observed_scale_feature_block,ELIZA,Representationality,6,8,1.0,0.125,1.25325,0.0,3.0,0.15665625,0.0,0.375,0.03165625,True
exact_latent_tree,full_exact_tree,three_state_binomial_2,exact_tree_production_medians,current_gwt_rater_design,observed_scale_feature_block,ELIZA,Selective Attention,0,12,5.0,0.4166666666666667,3.9915,1.0,7.0,0.332625,0.08333333333333333,0.5833333333333334,-0.08404166666666668,True
exact_latent_tree,full_exact_tree,three_state_binomial_2,exact_tree_production_medians,current_gwt_rater_design,observed_scale_feature_block,ELIZA,Selective Attention,1,12,1.0,0.08333333333333333,0.94175,0.0,3.0,0.07847916666666666,0.0,0.25,-0.004854166666666673,True
exact_latent_tree,full_exact_tree,three_state_binomial_2,exact_tree_production_medians,current_gwt_rater_design,observed_scale_feature_block,ELIZA,Selective Attention,2,12,1.0,0.08333333333333333,0.97325,0.0,3.0,0.08110416666666666,0.0,0.25,-0.002229166666666671,True
exact_latent_tree,full_exact_tree,three_state_binomial_2,exact_tree_production_medians,current_gwt_rater_design,observed_scale_feature_block,ELIZA,Selective Attention,3,12,2.0,0.16666666666666666,1.45775,0.0,4.0,0.12147916666666665,0.0,0.3333333333333333,-0.045187500000000005,True
exact_latent_tree,full_exact_tree,three_state_binomial_2,exact_tree_production_medians,current_gwt_rater_design,observed_scale_feature_block,ELIZA,Selective Attention,4,12,2.0,0.16666666666666666,1.275,0.0,4.0,0.10625,0.0,0.3333333333333333,-0.06041666666666666,True
exact_latent_tree,full_exact_tree,three_state_binomial_2,exact_tree_production_medians,current_gwt_rater_design,observed_scale_feature_block,ELIZA,Selective Attention,5,12,1.0,0.08333333333333333,1.36175,0.0,4.0,0.11347916666666666,0.0,0.3333333333333333,0.03014583333333333,True
exact_latent_tree,full_exact_tree,three_state_binomial_2,exact_tree_production_medians,current_gwt_rater_design,observed_scale_feature_block,ELIZA,Selective Attention,6,12,0.0,0.0,1.999,0.0,5.0,0.1665833333333333,0.0,0.4166666666666667,0.1665833333333333,True
exact_latent_tree,full_exact_tree,three_state_binomial_2,exact_tree_production_medians,current_gwt_rater_design,observed_scale_feature_block,Human,Coherence,0,13,4.0,0.3076923076923077,2.418,0.0,5.0,0.186,0.0,0.38461538461538464,-0.12169230769230771,True
exact_latent_tree,full_exact_tree,three_state_binomial_2,exact_tree_production_medians,current_gwt_rater_design,observed_scale_feature_block,Human,Coherence,1,13,1.0,0.07692307692307693,0.68975,0.0,3.0,0.053057692307692306,0.0,0.23076923076923078,-0.02386538461538462,True
exact_latent_tree,full_exact_tree,three_state_binomial_2,exact_tree_production_medians,current_gwt_rater_design,observed_scale_feature_block,Human,Coherence,2,13,1.0,0.07692307692307693,0.8375,0.0,3.0,0.06442307692307692,0.0,0.23076923076923078,-0.012500000000000011,True
exact_latent_tree,full_exact_tree,three_state_binomial_2,exact_tree_production_medians,current_gwt_rater_design,observed_scale_feature_block,Human,Coherence,3,13,1.0,0.07692307692307693,1.4755,0.0,4.0,0.1135,0.0,0.3076923076923077,0.036576923076923076,True
exact_latent_tree,full_exact_tree,three_state_binomial_2,exact_tree_production_medians,current_gwt_rater_design,observed_scale_feature_block,Human,Coherence,4,13,1.0,0.07692307692307693,1.61175,0.0,4.0,0.12398076923076924,0.0,0.3076923076923077,0.047057692307692314,True
exact_latent_tree,full_exact_tree,three_state_binomial_2,exact_tree_production_medians,current_gwt_rater_design,observed_scale_feature_block,Human,Coherence,5,13,2.0,0.15384615384615385,2.10125,0.0,5.0,0.16163461538461538,0.0,0.38461538461538464,0.007788461538461522,True
exact_latent_tree,full_exact_tree,three_state_binomial_2,exact_tree_production_medians,current_gwt_rater_design,observed_scale_feature_block,Human,Coherence,6,13,3.0,0.23076923076923078,3.86625,1.0,7.0,0.2974038461538462,0.07692307692307693,0.5384615384615384,0.0666346153846154,True
exact_latent_tree,full_exact_tree,three_state_binomial_2,exact_tree_production_medians,current_gwt_rater_design,observed_scale_feature_block,Human,Complexity,0,8,0.0,0.0,1.36925,0.0,4.0,0.17115625,0.0,0.5,0.17115625,True
exact_latent_tree,full_exact_tree,three_state_binomial_2,exact_tree_production_medians,current_gwt_rater_design,observed_scale_feature_block,Human,Complexity,1,8,2.0,0.25,0.43375,0.0,2.0,0.05421875,0.0,0.25,-0.19578125,True
exact_latent_tree,full_exact_tree,three_state_binomial_2,exact_tree_production_medians,current_gwt_rater_design,observed_scale_feature_block,Human,Complexity,2,8,0.0,0.0,0.484,0.0,2.0,0.0605,0.0,0.25,0.0605,True
exact_latent_tree,full_exact_tree,three_state_binomial_2,exact_tree_production_medians,current_gwt_rater_design,observed_scale_feature_block,Human,Complexity,3,8,2.0,0.25,0.9225,0.0,3.0,0.1153125,0.0,0.375,-0.13468750000000002,True
exact_latent_tree,full_exact_tree,three_state_binomial_2,exact_tree_production_medians,current_gwt_rater_design,observed_scale_feature_block,Human,Complexity,4,8,1.0,0.125,1.00925,0.0,3.0,0.12615625,0.0,0.375,0.0011562499999999976,True
exact_latent_tree,full_exact_tree,three_state_binomial_2,exact_tree_production_medians,current_gwt_rater_design,observed_scale_feature_block,Human,Complexity,5,8,1.0,0.125,1.348,0.0,4.0,0.1685,0.0,0.5,0.04350000000000001,True
exact_latent_tree,full_exact_tree,three_state_binomial_2,exact_tree_production_medians,current_gwt_rater_design,observed_scale_feature_block,Human,Complexity,6,8,2.0,0.25,2.43325,0.0,5.0,0.30415625,0.0,0.625,0.05415625000000002,True
exact_latent_tree,full_exact_tree,three_state_binomial_2,exact_tree_production_medians,current_gwt_rater_design,observed_scale_feature_block,Human,Hierarchical Organization,0,1,0.0,0.0,0.11325,0.0,1.0,0.11325,0.0,1.0,0.11325,True
exact_latent_tree,full_exact_tree,three_state_binomial_2,exact_tree_production_medians,current_gwt_rater_design,observed_scale_feature_block,Human,Hierarchical Organization,1,1,0.0,0.0,0.03975,0.0,1.0,0.03975,0.0,1.0,0.03975,True
exact_latent_tree,full_exact_tree,three_state_binomial_2,exact_tree_production_medians,current_gwt_rater_design,observed_scale_feature_block,Human,Hierarchical Organization,2,1,1.0,1.0,0.058,0.0,1.0,0.058,0.0,1.0,-0.942,True
exact_latent_tree,full_exact_tree,three_state_binomial_2,exact_tree_production_medians,current_gwt_rater_design,observed_scale_feature_block,Human,Hierarchical Organization,3,1,0.0,0.0,0.1095,0.0,1.0,0.1095,0.0,1.0,0.1095,True
exact_latent_tree,full_exact_tree,three_state_binomial_2,exact_tree_production_medians,current_gwt_rater_design,observed_scale_feature_block,Human,Hierarchical Organization,4,1,0.0,0.0,0.13225,0.0,1.0,0.13225,0.0,1.0,0.13225,True
exact_latent_tree,full_exact_tree,three_state_binomial_2,exact_tree_production_medians,current_gwt_rater_design,observed_scale_feature_block,Human,Hierarchical Organization,5,1,0.0,0.0,0.19175,0.0,1.0,0.19175,0.0,1.0,0.19175,True
exact_latent_tree,full_exact_tree,three_state_binomial_2,exact_tree_production_medians,current_gwt_rater_design,observed_scale_feature_block,Human,Hierarchical Organization,6,1,0.0,0.0,0.3555,0.0,1.0,0.3555,0.0,1.0,0.3555,True
exact_latent_tree,full_exact_tree,three_state_binomial_2,exact_tree_production_medians,current_gwt_rater_design,observed_scale_feature_block,Human,Integration,0,2,0.0,0.0,0.22,0.0,1.0,0.11,0.0,0.5,0.11,True
exact_latent_tree,full_exact_tree,three_state_binomial_2,exact_tree_production_medians,current_gwt_rater_design,observed_scale_feature_block,Human,Integration,1,2,0.0,0.0,0.08325,0.0,1.0,0.041625,0.0,0.5,0.041625,True
exact_latent_tree,full_exact_tree,three_state_binomial_2,exact_tree_production_medians,current_gwt_rater_design,observed_scale_feature_block,Human,Integration,2,2,0.0,0.0,0.1005,0.0,1.0,0.05025,0.0,0.5,0.05025,True
exact_latent_tree,full_exact_tree,three_state_binomial_2,exact_tree_production_medians,current_gwt_rater_design,observed_scale_feature_block,Human,Integration,3,2,0.0,0.0,0.2075,0.0,1.0,0.10375,0.0,0.5,0.10375,True
exact_latent_tree,full_exact_tree,three_state_binomial_2,exact_tree_production_medians,current_gwt_rater_design,observed_scale_feature_block,Human,Integration,4,2,1.0,0.5,0.27225,0.0,1.0,0.136125,0.0,0.5,-0.363875,True
exact_latent_tree,full_exact_tree,three_state_binomial_2,exact_tree_production_medians,current_gwt_rater_design,observed_scale_feature_block,Human,Integration,5,2,1.0,0.5,0.379,0.0,2.0,0.1895,0.0,1.0,-0.3105,True
exact_latent_tree,full_exact_tree,three_state_binomial_2,exact_tree_production_medians,current_gwt_rater_design,observed_scale_feature_block,Human,Integration,6,2,0.0,0.0,0.7375,0.0,2.0,0.36875,0.0,1.0,0.36875,True
exact_latent_tree,full_exact_tree,three_state_binomial_2,exact_tree_production_medians,current_gwt_rater_design,observed_scale_feature_block,Human,Modularity,0,6,0.0,0.0,0.7885,0.0,3.0,0.13141666666666665,0.0,0.5,0.13141666666666665,True
exact_latent_tree,full_exact_tree,three_state_binomial_2,exact_tree_production_medians,current_gwt_rater_design,observed_scale_feature_block,Human,Modularity,1,6,0.0,0.0,0.26125,0.0,1.0,0.04354166666666667,0.0,0.16666666666666666,0.04354166666666667,True
exact_latent_tree,full_exact_tree,three_state_binomial_2,exact_tree_production_medians,current_gwt_rater_design,observed_scale_feature_block,Human,Modularity,2,6,0.0,0.0,0.33275,0.0,2.0,0.05545833333333333,0.0,0.3333333333333333,0.05545833333333333,True
exact_latent_tree,full_exact_tree,three_state_binomial_2,exact_tree_production_medians,current_gwt_rater_design,observed_scale_feature_block,Human,Modularity,3,6,1.0,0.16666666666666666,0.64275,0.0,2.0,0.107125,0.0,0.3333333333333333,-0.05954166666666666,True
exact_latent_tree,full_exact_tree,three_state_binomial_2,exact_tree_production_medians,current_gwt_rater_design,observed_scale_feature_block,Human,Modularity,4,6,1.0,0.16666666666666666,0.8025,0.0,3.0,0.13375,0.0,0.5,-0.03291666666666665,True
exact_latent_tree,full_exact_tree,three_state_binomial_2,exact_tree_production_medians,current_gwt_rater_design,observed_scale_feature_block,Human,Modularity,5,6,1.0,0.16666666666666666,1.1185,0.0,3.0,0.18641666666666667,0.0,0.5,0.019750000000000018,True
exact_latent_tree,full_exact_tree,three_state_binomial_2,exact_tree_production_medians,current_gwt_rater_design,observed_scale_feature_block,Human,Modularity,6,6,3.0,0.5,2.05375,0.0,4.0,0.34229166666666666,0.0,0.6666666666666666,-0.15770833333333334,True
exact_latent_tree,full_exact_tree,three_state_binomial_2,exact_tree_production_medians,current_gwt_rater_design,observed_scale_feature_block,Human,Representationality,0,8,2.0,0.25,1.44025,0.0,4.0,0.18003125,0.0,0.5,-0.06996875,True
exact_latent_tree,full_exact_tree,three_state_binomial_2,exact_tree_production_medians,current_gwt_rater_design,observed_scale_feature_block,Human,Representationality,1,8,0.0,0.0,0.41225,0.0,2.0,0.05153125,0.0,0.25,0.05153125,True
exact_latent_tree,full_exact_tree,three_state_binomial_2,exact_tree_production_medians,current_gwt_rater_design,observed_scale_feature_block,Human,Representationality,2,8,1.0,0.125,0.49675,0.0,2.0,0.06209375,0.0,0.25,-0.06290625,True
exact_latent_tree,full_exact_tree,three_state_binomial_2,exact_tree_production_medians,current_gwt_rater_design,observed_scale_feature_block,Human,Representationality,3,8,0.0,0.0,0.89325,0.0,3.0,0.11165625,0.0,0.375,0.11165625,True
exact_latent_tree,full_exact_tree,three_state_binomial_2,exact_tree_production_medians,current_gwt_rater_design,observed_scale_feature_block,Human,Representationality,4,8,0.0,0.0,1.0155,0.0,3.0,0.1269375,0.0,0.375,0.1269375,True
exact_latent_tree,full_exact_tree,three_state_binomial_2,exact_tree_production_medians,current_gwt_rater_design,observed_scale_feature_block,Human,Representationality,5,8,1.0,0.125,1.34975,0.0,4.0,0.16871875,0.0,0.5,0.04371875,True
exact_latent_tree,full_exact_tree,three_state_binomial_2,exact_tree_production_medians,current_gwt_rater_design,observed_scale_feature_block,Human,Representationality,6,8,4.0,0.5,2.39225,0.0,5.0,0.29903125,0.0,0.625,-0.20096874999999997,True
exact_latent_tree,full_exact_tree,three_state_binomial_2,exact_tree_production_medians,current_gwt_rater_design,observed_scale_feature_block,Human,Selective Attention,0,12,2.0,0.16666666666666666,2.067,0.0,5.0,0.17225,0.0,0.4166666666666667,0.005583333333333329,True
exact_latent_tree,full_exact_tree,three_state_binomial_2,exact_tree_production_medians,current_gwt_rater_design,observed_scale_feature_block,Human,Selective Attention,1,12,1.0,0.08333333333333333,0.62525,0.0,2.0,0.05210416666666667,0.0,0.16666666666666666,-0.031229166666666662,True
exact_latent_tree,full_exact_tree,three_state_binomial_2,exact_tree_production_medians,current_gwt_rater_design,observed_scale_feature_block,Human,Selective Attention,2,12,0.0,0.0,0.74875,0.0,3.0,0.06239583333333334,0.0,0.25,0.06239583333333334,True
exact_latent_tree,full_exact_tree,three_state_binomial_2,exact_tree_production_medians,current_gwt_rater_design,observed_scale_feature_block,Human,Selective Attention,3,12,2.0,0.16666666666666666,1.35275,0.0,4.0,0.11272916666666666,0.0,0.3333333333333333,-0.0539375,True
exact_latent_tree,full_exact_tree,three_state_binomial_2,exact_tree_production_medians,current_gwt_rater_design,observed_scale_feature_block,Human,Selective Attention,4,12,2.0,0.16666666666666666,1.5055,0.0,4.0,0.12545833333333334,0.0,0.3333333333333333,-0.04120833333333332,True
exact_latent_tree,full_exact_tree,three_state_binomial_2,exact_tree_production_medians,current_gwt_rater_design,observed_scale_feature_block,Human,Selective Attention,5,12,1.0,0.08333333333333333,2.0375,0.0,5.0,0.16979166666666665,0.0,0.4166666666666667,0.08645833333333332,True
exact_latent_tree,full_exact_tree,three_state_binomial_2,exact_tree_production_medians,current_gwt_rater_design,observed_scale_feature_block,Human,Selective Attention,6,12,4.0,0.3333333333333333,3.66325,1.0,7.0,0.3052708333333334,0.08333333333333333,0.5833333333333334,-0.028062499999999935,True
