rung_id,rung,rung_description,sweep_beta_pres,sweep_beta_abs,lower_edge_gap,system,n_cases,median_log_B_eff_R1,median_log_B_eff_R0,M,balanced_accuracy,mean_rho_R1,mean_rho_R0,rho_gap,brier_improvement,log_score_improvement,balanced_accuracy_fail,brier_improvement_fail,log_score_improvement_fail,rho_separation_fail,system_threshold_status,system_threshold_fail_reasons,source_pass_fail_label
L0,L0,"toy depth-2 binary tree, all edges 0.90/0.10, binary noisy leaves",,,,Chicken,500,6.279636649028476,-6.279629940566959,4.670198736594376,0.95,0.8690282769432219,0.034160069100757876,0.834868207842,0.316785657348074,0.8301856636979179,False,False,False,False,pass,,pass
L0,L0,"toy depth-2 binary tree, all edges 0.90/0.10, binary noisy leaves",,,,LLMs,500,6.279640003566775,-6.279650066566596,4.6702020911326745,0.956,0.8768894901958406,0.023979609474005684,0.852909880722,0.31983731287165557,0.8392501770874387,False,False,False,False,pass,,pass
L2,L2,"toy depth-3 binary tree, all edges 0.90/0.10, binary noisy leaves",,,,Chicken,500,4.999361368568101,-4.999315722843146,3.3899234561340004,0.9219999999999999,0.8325826424263421,0.036185755123500585,0.796396887303,0.30655156251780113,0.8048952130052228,False,False,False,False,pass,,pass
L2,L2,"toy depth-3 binary tree, all edges 0.90/0.10, binary noisy leaves",,,,LLMs,500,4.999368454074929,-4.393005780148023,3.058004713448023,0.9179999999999999,0.8346077240745219,0.03773048688438198,0.79687723719,0.301662705837592,0.7901123351319429,False,False,False,False,pass,,pass
L2_sweep__0p43_0p50,L2_sweep,toy depth-3 lower-edge gap sweep with root-to-top edges fixed at 0.90/0.10,0.43,0.5,-0.07,Chicken,500,-0.007322190172308396,-0.007322225755761025,-1.6167601026064087,0.5,0.16676437612955375,0.16687431234012506,-0.000109936210571,2.8535127508444447e-05,1.1444079681003705e-06,True,False,False,True,fail,balanced_accuracy<0.65;mean_rho_R1<=mean_rho_R0+0.20,fail
L2_sweep__0p43_0p50,L2_sweep,toy depth-3 lower-edge gap sweep with root-to-top edges fixed at 0.90/0.10,0.43,0.5,-0.07,LLMs,500,0.003613554646396011,-0.006953348948215421,-1.6058243577877043,0.5,0.16683182395599724,0.16684925236261305,-1.74284066158e-05,8.85818557719853e-05,0.0002224911128503339,True,False,False,True,fail,balanced_accuracy<0.65;mean_rho_R1<=mean_rho_R0+0.20,fail
L2_sweep__0p55_0p45,L2_sweep,toy depth-3 lower-edge gap sweep with root-to-top edges fixed at 0.90/0.10,0.55,0.45,0.1,Chicken,500,-4.801913533469815e-09,-2.4733881254235257e-07,-1.6094379172360138,0.5,0.16688203086661751,0.16634484611874228,0.000537184747875,0.0001596701708845849,0.00013675087318689626,True,False,False,True,fail,balanced_accuracy<0.65;mean_rho_R1<=mean_rho_R0+0.20,fail
L2_sweep__0p55_0p45,L2_sweep,toy depth-3 lower-edge gap sweep with root-to-top edges fixed at 0.90/0.10,0.55,0.45,0.1,LLMs,500,1.7461587731304462e-11,9.638887021878872e-09,-1.6094379124166387,0.5,0.16698286353734185,0.1665201230267059,0.000462740510636,0.000210483642999304,0.0002875628532515144,True,False,False,True,fail,balanced_accuracy<0.65;mean_rho_R1<=mean_rho_R0+0.20,fail
L2_sweep__0p60_0p40,L2_sweep,toy depth-3 lower-edge gap sweep with root-to-top edges fixed at 0.90/0.10,0.6,0.4,0.2,Chicken,500,2.246872298883318e-06,-0.00036638849883630087,-1.6094356655618014,0.5,0.17370941839964424,0.16471084833389227,0.00899857006575,0.005051407764097515,0.012078071210835862,True,False,False,True,fail,balanced_accuracy<0.65;mean_rho_R1<=mean_rho_R0+0.20,fail
L2_sweep__0p60_0p40,L2_sweep,toy depth-3 lower-edge gap sweep with root-to-top edges fixed at 0.90/0.10,0.6,0.4,0.2,LLMs,500,1.0180905150036779e-06,-0.0616958007737729,-1.6094368943435853,0.5,0.17272923463376605,0.16328144720022256,0.00944778743354,0.004341510129839965,0.008054083014029411,True,False,False,True,fail,balanced_accuracy<0.65;mean_rho_R1<=mean_rho_R0+0.20,fail
L2_sweep__0p65_0p35,L2_sweep,toy depth-3 lower-edge gap sweep with root-to-top edges fixed at 0.90/0.10,0.65,0.35,0.3,Chicken,500,0.2604545282659352,-0.26045694314078105,-1.348983384168165,0.5,0.20262975070656133,0.15473171830851934,0.047898032398,0.025794907760259,0.06450958820320489,True,False,False,True,fail,balanced_accuracy<0.65;mean_rho_R1<=mean_rho_R0+0.20,fail
L2_sweep__0p65_0p35,L2_sweep,toy depth-3 lower-edge gap sweep with root-to-top edges fixed at 0.90/0.10,0.65,0.35,0.3,LLMs,500,0.004572016371209742,-0.26045481625536215,-1.6048658960628905,0.5,0.19995240348581844,0.15509342416718458,0.0448589793186,0.022423559952097327,0.043622197596154745,True,False,False,True,fail,balanced_accuracy<0.65;mean_rho_R1<=mean_rho_R0+0.20,fail
L2_sweep__0p70_0p30,L2_sweep,toy depth-3 lower-edge gap sweep with root-to-top edges fixed at 0.90/0.10,0.7,0.3,0.4,Chicken,500,0.4482930308608797,-0.4487619135772931,-1.1611448815732206,0.544,0.2680121438406208,0.13408130755087633,0.13393083629,0.0685418293737392,0.16520870654758513,True,False,False,True,fail,balanced_accuracy<0.65;mean_rho_R1<=mean_rho_R0+0.20,fail
L2_sweep__0p70_0p30,L2_sweep,toy depth-3 lower-edge gap sweep with root-to-top edges fixed at 0.90/0.10,0.7,0.3,0.4,LLMs,500,0.44876636218932475,-0.448768842526853,-1.1606715502447755,0.556,0.2782376157113654,0.1371117112592259,0.141125904452,0.06937291382251914,0.1548189442191676,True,False,False,True,fail,balanced_accuracy<0.65;mean_rho_R1<=mean_rho_R0+0.20,fail
L2_sweep__0p80_0p20,L2_sweep,toy depth-3 lower-edge gap sweep with root-to-top edges fixed at 0.90/0.10,0.8,0.2,0.6,Chicken,500,1.807938188248583,-1.5957284155136477,0.1985002758144827,0.76,0.5479149247357298,0.09207262394286182,0.455842300793,0.20135364239590486,0.5017023050646148,False,False,False,False,pass,,borderline
L2_sweep__0p80_0p20,L2_sweep,toy depth-3 lower-edge gap sweep with root-to-top edges fixed at 0.90/0.10,0.8,0.2,0.6,LLMs,500,1.807944895788232,-1.8079388557034815,0.19850698335413175,0.754,0.5418961370371872,0.09077565148143261,0.451120485556,0.1896803615988663,0.4468800425764647,False,False,False,False,pass,,borderline
L2_sweep__0p90_0p10,L2_sweep,toy depth-3 lower-edge gap sweep with root-to-top edges fixed at 0.90/0.10,0.9,0.1,0.8,Chicken,500,4.999361368568101,-4.999315722843146,3.3899234561340004,0.9219999999999999,0.8325826424263421,0.036185755123500585,0.796396887303,0.30655156251780113,0.8048952130052228,False,False,False,False,pass,,pass
L2_sweep__0p90_0p10,L2_sweep,toy depth-3 lower-edge gap sweep with root-to-top edges fixed at 0.90/0.10,0.9,0.1,0.8,LLMs,500,4.999368454074929,-4.393005780148023,3.058004713448023,0.9179999999999999,0.8346077240745219,0.03773048688438198,0.79687723719,0.301662705837592,0.7901123351319429,False,False,False,False,pass,,pass
L3,L3,"actual GWT topology, all edges 0.90/0.10, binary noisy leaves",,,,Chicken,500,10.310699594910908,-10.166781674080461,8.701261682476808,0.994,0.9884212779677114,0.005230409822047759,0.983190868146,0.35871627073313284,0.9768536178640023,False,False,False,False,pass,,pass
L3,L3,"actual GWT topology, all edges 0.90/0.10, binary noisy leaves",,,,LLMs,500,11.21277845531693,-10.201520663205741,8.866519596505741,0.992,0.9754023912410941,0.003905693598338165,0.971496697643,0.35395854802873583,0.9596165011581229,False,False,False,False,pass,,pass
L4,L4,"actual GWT topology, targeted_strong_lower_override, binary noisy leaves",,,,Chicken,500,2.3635705652630037,-2.5278598156737857,0.7541326528289034,0.83,0.6311089340854282,0.07607284384093788,0.555036090244,0.23080038457447127,0.5656818600163076,False,False,False,False,pass,,pass
L4,L4,"actual GWT topology, targeted_strong_lower_override, binary noisy leaves",,,,LLMs,500,2.307568391773941,-2.8740806796117226,0.6981304793398408,0.824,0.6342591197125986,0.0766859931460828,0.557573126567,0.23332965862002042,0.5764287395117265,False,False,False,False,pass,,pass
L5,L5,"targeted_strong_lower_override, binary latent leaf plus ordinal probit, nuisance clamped to truth",,,,Chicken,500,2.349209461551226,-2.5300741400168363,0.7397715491171255,0.83,0.6306169243248158,0.0761053241245982,0.5545116002,0.23068811980819443,0.5663467193458218,False,False,False,False,pass,,pass
L5,L5,"targeted_strong_lower_override, binary latent leaf plus ordinal probit, nuisance clamped to truth",,,,LLMs,500,2.598251054411918,-2.514225731917122,0.9888131419778177,0.838,0.65417135504582,0.08326802630103404,0.570903328745,0.23628158789983222,0.5887625316628045,False,False,False,False,pass,,pass
L6,L6,"targeted_strong_lower_override, production three-state ordinal leaf, nuisance clamped to truth",,,,Chicken,500,2.4483699171413775,-2.956955401262178,0.8389320047072772,0.834,0.6489820488528529,0.07592154374119141,0.573060505112,0.23644719459846425,0.5826729190232838,False,False,False,False,pass,,pass
L6,L6,"targeted_strong_lower_override, production three-state ordinal leaf, nuisance clamped to truth",,,,LLMs,500,2.676442893714068,-2.9109758598004305,1.0670049812799676,0.862,0.6726787033272347,0.07193362743100841,0.600745075896,0.24629086171127346,0.6168366763709323,False,False,False,False,pass,,pass
