dgp,fit,leaf,nuisance_truth,design,estimand,node_key,node_name,node_type,top_feature,depth,kind,support,demandingness,truth,posterior_mean,posterior_median,posterior_p03,posterior_p97,signed_error,abs_error,squared_error,interval_includes_truth
exact_latent_tree,full_exact_tree,three_state_binomial_2,exact_tree_production_medians,current_gwt_rater_design,edge_beta,Global Workspace Theory > Representationality,Representationality,feature,Representationality,1,beta_pres,weak support,strongly undemanding,0.9250177775636342,0.8984875871843995,0.9015065999942171,0.8393150324740642,0.9417113223659692,-0.02351117756941712,0.02351117756941712,0.0005527754707006626,True
exact_latent_tree,full_exact_tree,three_state_binomial_2,exact_tree_production_medians,current_gwt_rater_design,edge_beta,Global Workspace Theory > Representationality,Representationality,feature,Representationality,1,beta_abs,weak support,strongly undemanding,0.869159106691928,0.11966197609773564,0.11605841333131506,0.0700325841084183,0.18847443706511785,-0.7531006933606129,0.7531006933606129,0.5671606543402359,False
exact_latent_tree,full_exact_tree,three_state_binomial_2,exact_tree_production_medians,current_gwt_rater_design,edge_beta,Global Workspace Theory > Representationality > Conceptual Representations,Conceptual Representations,feature,Representationality,2,beta_pres,strong support,weakly demanding,0.8581969292138683,0.8843802463730172,0.8874042171328844,0.8197916189807499,0.9325739736058072,0.029207287919016167,0.029207287919016167,0.0008530656675843078,True
exact_latent_tree,full_exact_tree,three_state_binomial_2,exact_tree_production_medians,current_gwt_rater_design,edge_beta,Global Workspace Theory > Representationality > Conceptual Representations,Conceptual Representations,feature,Representationality,2,beta_abs,strong support,weakly demanding,0.32993929915827946,0.12296434739355513,0.11973128383098994,0.0726481885487106,0.1902233350978612,-0.21020801532728953,0.21020801532728953,0.04418740970783799,False
exact_latent_tree,full_exact_tree,three_state_binomial_2,exact_tree_production_medians,current_gwt_rater_design,edge_beta,Global Workspace Theory > Representationality > Conceptual Representations > Activation Steering Effects,Activation Steering Effects,indicator,Representationality,3,beta_pres,moderate support,weakly demanding,0.7510862838496203,0.8878752085940455,0.8905801913819863,0.8295937658980709,0.9321815837322913,0.139493907532366,0.139493907532366,0.01945855023864828,False
exact_latent_tree,full_exact_tree,three_state_binomial_2,exact_tree_production_medians,current_gwt_rater_design,edge_beta,Global Workspace Theory > Representationality > Conceptual Representations > Activation Steering Effects,Activation Steering Effects,indicator,Representationality,3,beta_abs,moderate support,weakly demanding,0.2863762716993723,0.11710003045046187,0.11403659091957458,0.06768427982617038,0.18228704100469093,-0.17233968077979772,0.17233968077979772,0.02970096557128258,False
exact_latent_tree,full_exact_tree,three_state_binomial_2,exact_tree_production_medians,current_gwt_rater_design,edge_beta,Global Workspace Theory > Representationality > Conceptual Representations > Probe-Detectable Themes,Probe-Detectable Themes,indicator,Representationality,3,beta_pres,moderate support,strongly demanding,0.6384525086871429,0.8904289719093484,0.8933460995443769,0.832984803520508,0.9344704827545577,0.25489359085723406,0.25489359085723406,0.06497074266009503,False
exact_latent_tree,full_exact_tree,three_state_binomial_2,exact_tree_production_medians,current_gwt_rater_design,edge_beta,Global Workspace Theory > Representationality > Conceptual Representations > Probe-Detectable Themes,Probe-Detectable Themes,indicator,Representationality,3,beta_abs,moderate support,strongly demanding,0.12155430769091663,0.09907772959383077,0.09570353631093152,0.05781839701081542,0.1589180586941888,-0.025850771379985107,0.025850771379985107,0.0006682623809402572,True
exact_latent_tree,full_exact_tree,three_state_binomial_2,exact_tree_production_medians,current_gwt_rater_design,edge_beta,Global Workspace Theory > Representationality > Conceptual Representations > Concept-Specific Ablation Effects,Concept-Specific Ablation Effects,indicator,Representationality,3,beta_pres,strong support,strongly demanding,0.7979354739553153,0.8911515048200687,0.8943807372308934,0.8287392283210875,0.9377167612497913,0.09644526327557812,0.09644526327557812,0.009301688808295577,False
exact_latent_tree,full_exact_tree,three_state_binomial_2,exact_tree_production_medians,current_gwt_rater_design,edge_beta,Global Workspace Theory > Representationality > Conceptual Representations > Concept-Specific Ablation Effects,Concept-Specific Ablation Effects,indicator,Representationality,3,beta_abs,strong support,strongly demanding,0.10156225083779936,0.10776152678941636,0.10518679609827619,0.06185965458549012,0.16895129147348012,0.0036245452604768275,0.0036245452604768275,1.3137328345245032e-05,True
exact_latent_tree,full_exact_tree,three_state_binomial_2,exact_tree_production_medians,current_gwt_rater_design,edge_beta,Global Workspace Theory > Representationality > Propositional Representations,Propositional Representations,feature,Representationality,2,beta_pres,strong support,moderately demanding,0.8652906577456392,0.8865980664573396,0.8890021556249417,0.8254246426253528,0.9313761941684465,0.02371149787930249,0.02371149787930249,0.0005622351316801665,True
exact_latent_tree,full_exact_tree,three_state_binomial_2,exact_tree_production_medians,current_gwt_rater_design,edge_beta,Global Workspace Theory > Representationality > Propositional Representations,Propositional Representations,feature,Representationality,2,beta_abs,strong support,moderately demanding,0.21587260411564355,0.12658086863633186,0.12332701924751963,0.07736709518998468,0.1900481729162217,-0.09254558486812392,0.09254558486812392,0.008564685278583128,False
exact_latent_tree,full_exact_tree,three_state_binomial_2,exact_tree_production_medians,current_gwt_rater_design,edge_beta,Global Workspace Theory > Representationality > Propositional Representations > Logical Inference,Logical Inference,indicator,Representationality,3,beta_pres,strong support,moderately demanding,0.8652906577456392,0.8865980664573396,0.8890021556249417,0.8254246426253528,0.9313761941684465,0.02371149787930249,0.02371149787930249,0.0005622351316801665,True
exact_latent_tree,full_exact_tree,three_state_binomial_2,exact_tree_production_medians,current_gwt_rater_design,edge_beta,Global Workspace Theory > Representationality > Propositional Representations > Logical Inference,Logical Inference,indicator,Representationality,3,beta_abs,strong support,moderately demanding,0.21587260411564355,0.12658086863633186,0.12332701924751963,0.07736709518998468,0.1900481729162217,-0.09254558486812392,0.09254558486812392,0.008564685278583128,False
exact_latent_tree,full_exact_tree,three_state_binomial_2,exact_tree_production_medians,current_gwt_rater_design,edge_beta,Global Workspace Theory > Representationality > World Modelling,World Modelling,feature,Representationality,2,beta_pres,strong support,strongly demanding,0.7979354739553153,0.8911515048200687,0.8943807372308934,0.8287392283210875,0.9377167612497913,0.09644526327557812,0.09644526327557812,0.009301688808295577,False
exact_latent_tree,full_exact_tree,three_state_binomial_2,exact_tree_production_medians,current_gwt_rater_design,edge_beta,Global Workspace Theory > Representationality > World Modelling,World Modelling,feature,Representationality,2,beta_abs,strong support,strongly demanding,0.10156225083779936,0.10776152678941636,0.10518679609827619,0.06185965458549012,0.16895129147348012,0.0036245452604768275,0.0036245452604768275,1.3137328345245032e-05,True
exact_latent_tree,full_exact_tree,three_state_binomial_2,exact_tree_production_medians,current_gwt_rater_design,edge_beta,Global Workspace Theory > Representationality > World Modelling > Model Isomorphism,Model Isomorphism,indicator,Representationality,3,beta_pres,strong support,weakly demanding,0.8581969292138683,0.8843802463730172,0.8874042171328844,0.8197916189807499,0.9325739736058072,0.029207287919016167,0.029207287919016167,0.0008530656675843078,True
exact_latent_tree,full_exact_tree,three_state_binomial_2,exact_tree_production_medians,current_gwt_rater_design,edge_beta,Global Workspace Theory > Representationality > World Modelling > Model Isomorphism,Model Isomorphism,indicator,Representationality,3,beta_abs,strong support,weakly demanding,0.32993929915827946,0.12296434739355513,0.11973128383098994,0.0726481885487106,0.1902233350978612,-0.21020801532728953,0.21020801532728953,0.04418740970783799,False
exact_latent_tree,full_exact_tree,three_state_binomial_2,exact_tree_production_medians,current_gwt_rater_design,edge_beta,Global Workspace Theory > Representationality > World Modelling > Broad Predictive Training,Broad Predictive Training,indicator,Representationality,3,beta_pres,weak support,moderately undemanding,0.8265237784608894,0.8777051288788036,0.881067564912341,0.8114234746910348,0.928812641036624,0.054543786451451526,0.054543786451451526,0.0029750246404615472,True
exact_latent_tree,full_exact_tree,three_state_binomial_2,exact_tree_production_medians,current_gwt_rater_design,edge_beta,Global Workspace Theory > Representationality > World Modelling > Broad Predictive Training,Broad Predictive Training,indicator,Representationality,3,beta_abs,weak support,moderately undemanding,0.6298719913082595,0.11281575222134821,0.10946690600254529,0.06453369531467298,0.18221099515020853,-0.5204050853057143,0.5204050853057143,0.2708214528120478,False
exact_latent_tree,full_exact_tree,three_state_binomial_2,exact_tree_production_medians,current_gwt_rater_design,edge_beta,Global Workspace Theory > Representationality > Isomorphic Representations,Isomorphic Representations,feature,Representationality,2,beta_pres,moderate support,weakly demanding,0.7510862838496203,0.8878752085940455,0.8905801913819863,0.8295937658980709,0.9321815837322913,0.139493907532366,0.139493907532366,0.01945855023864828,False
exact_latent_tree,full_exact_tree,three_state_binomial_2,exact_tree_production_medians,current_gwt_rater_design,edge_beta,Global Workspace Theory > Representationality > Isomorphic Representations,Isomorphic Representations,feature,Representationality,2,beta_abs,moderate support,weakly demanding,0.2863762716993723,0.11710003045046187,0.11403659091957458,0.06768427982617038,0.18228704100469093,-0.17233968077979772,0.17233968077979772,0.02970096557128258,False
exact_latent_tree,full_exact_tree,three_state_binomial_2,exact_tree_production_medians,current_gwt_rater_design,edge_beta,Global Workspace Theory > Representationality > Isomorphic Representations > Somatotopic Neural Maps,Somatotopic Neural Maps,indicator,Representationality,3,beta_pres,moderate support,weakly undemanding,0.8586701611233953,0.8867328652639709,0.888940394483123,0.8295967189101153,0.9312341023832806,0.030270233359727672,0.030270233359727672,0.00091628702765237,True
exact_latent_tree,full_exact_tree,three_state_binomial_2,exact_tree_production_medians,current_gwt_rater_design,edge_beta,Global Workspace Theory > Representationality > Isomorphic Representations > Somatotopic Neural Maps,Somatotopic Neural Maps,indicator,Representationality,3,beta_abs,moderate support,weakly undemanding,0.3912527556246291,0.14430973274817724,0.1403255167275858,0.08583508605099284,0.22246845786780267,-0.25092723889704327,0.25092723889704327,0.06296447922049382,False
exact_latent_tree,full_exact_tree,three_state_binomial_2,exact_tree_production_medians,current_gwt_rater_design,edge_beta,Global Workspace Theory > Representationality > Isomorphic Representations > Has Retinotopic Neural Maps,Has Retinotopic Neural Maps,indicator,Representationality,3,beta_pres,strong support,weakly undemanding,0.9205216626808573,0.9034135136521887,0.9061445793248372,0.8503521861785045,0.9427090750303193,-0.01437708335602017,0.01437708335602017,0.0002067005258259522,True
exact_latent_tree,full_exact_tree,three_state_binomial_2,exact_tree_production_medians,current_gwt_rater_design,edge_beta,Global Workspace Theory > Representationality > Isomorphic Representations > Has Retinotopic Neural Maps,Has Retinotopic Neural Maps,indicator,Representationality,3,beta_abs,strong support,weakly undemanding,0.3969036303573165,0.10711855888940418,0.1042602032188859,0.06282273338786915,0.1659712058968156,-0.2926434271384306,0.2926434271384306,0.08564017544732595,False
exact_latent_tree,full_exact_tree,three_state_binomial_2,exact_tree_production_medians,current_gwt_rater_design,edge_beta,Global Workspace Theory > Hierarchical Organization,Hierarchical Organization,feature,Hierarchical Organization,1,beta_pres,weak support,moderately undemanding,0.8265237784608894,0.8777051288788036,0.881067564912341,0.8114234746910348,0.928812641036624,0.054543786451451526,0.054543786451451526,0.0029750246404615472,True
exact_latent_tree,full_exact_tree,three_state_binomial_2,exact_tree_production_medians,current_gwt_rater_design,edge_beta,Global Workspace Theory > Hierarchical Organization,Hierarchical Organization,feature,Hierarchical Organization,1,beta_abs,weak support,moderately undemanding,0.6298719913082595,0.11281575222134821,0.10946690600254529,0.06453369531467298,0.18221099515020853,-0.5204050853057143,0.5204050853057143,0.2708214528120478,False
exact_latent_tree,full_exact_tree,three_state_binomial_2,exact_tree_production_medians,current_gwt_rater_design,edge_beta,Global Workspace Theory > Hierarchical Organization > Concrete-Abstract Separation,Concrete-Abstract Separation,indicator,Hierarchical Organization,2,beta_pres,strong support,neutral,0.8817754922006148,0.8930039987104622,0.8961379661277878,0.8332696968843033,0.9378416772415074,0.014362473927173047,0.014362473927173047,0.00020628065730872558,True
exact_latent_tree,full_exact_tree,three_state_binomial_2,exact_tree_production_medians,current_gwt_rater_design,edge_beta,Global Workspace Theory > Hierarchical Organization > Concrete-Abstract Separation,Concrete-Abstract Separation,indicator,Hierarchical Organization,2,beta_abs,strong support,neutral,0.3996914320701517,0.12452500035057977,0.12116850519392877,0.0737040586647633,0.1891992653211787,-0.27852292687622293,0.27852292687622293,0.07757502079569782,False
exact_latent_tree,full_exact_tree,three_state_binomial_2,exact_tree_production_medians,current_gwt_rater_design,edge_beta,Global Workspace Theory > Coherence,Coherence,feature,Coherence,1,beta_pres,strong support,strongly demanding,0.7979354739553153,0.8911515048200687,0.8943807372308934,0.8287392283210875,0.9377167612497913,0.09644526327557812,0.09644526327557812,0.009301688808295577,False
exact_latent_tree,full_exact_tree,three_state_binomial_2,exact_tree_production_medians,current_gwt_rater_design,edge_beta,Global Workspace Theory > Coherence,Coherence,feature,Coherence,1,beta_abs,strong support,strongly demanding,0.10156225083779936,0.10776152678941636,0.10518679609827619,0.06185965458549012,0.16895129147348012,0.0036245452604768275,0.0036245452604768275,1.3137328345245032e-05,True
exact_latent_tree,full_exact_tree,three_state_binomial_2,exact_tree_production_medians,current_gwt_rater_design,edge_beta,Global Workspace Theory > Coherence > Autonomous Subparts,Autonomous Subparts,feature,Coherence,2,beta_pres,weak undermining,neutral,0.4570038041913731,0.8860478245136075,0.8890547152330375,0.8207111489307793,0.9341311737717785,0.4320509110416644,0.4320509110416644,0.1866679897319322,False
exact_latent_tree,full_exact_tree,three_state_binomial_2,exact_tree_production_medians,current_gwt_rater_design,edge_beta,Global Workspace Theory > Coherence > Autonomous Subparts,Autonomous Subparts,feature,Coherence,2,beta_abs,weak undermining,neutral,0.4870543563304338,0.10898685109625408,0.10501451808831909,0.0633056230911959,0.1703385614580216,-0.38203983824211474,0.38203983824211474,0.1459544380040612,False
exact_latent_tree,full_exact_tree,three_state_binomial_2,exact_tree_production_medians,current_gwt_rater_design,edge_beta,Global Workspace Theory > Coherence > Autonomous Subparts > Functional Subparts,Functional Subparts,indicator,Coherence,3,beta_pres,moderate support,neutral,0.800070964229312,0.8922505464209544,0.895474375199016,0.8330415729224532,0.9358391375326424,0.09540341096970395,0.09540341096970395,0.009101810824654229,False
exact_latent_tree,full_exact_tree,three_state_binomial_2,exact_tree_production_medians,current_gwt_rater_design,edge_beta,Global Workspace Theory > Coherence > Autonomous Subparts > Functional Subparts,Functional Subparts,indicator,Coherence,3,beta_abs,moderate support,neutral,0.4019584778791272,0.127607447909612,0.12402914362638856,0.07439499371798051,0.19899347673063936,-0.27792933425273864,0.27792933425273864,0.07724471483817051,False
exact_latent_tree,full_exact_tree,three_state_binomial_2,exact_tree_production_medians,current_gwt_rater_design,edge_beta,Global Workspace Theory > Coherence > Autonomous Subparts > Conflicting Subparts,Conflicting Subparts,indicator,Coherence,3,beta_pres,moderate support,strongly demanding,0.6384525086871429,0.8904289719093484,0.8933460995443769,0.832984803520508,0.9344704827545577,0.25489359085723406,0.25489359085723406,0.06497074266009503,False
exact_latent_tree,full_exact_tree,three_state_binomial_2,exact_tree_production_medians,current_gwt_rater_design,edge_beta,Global Workspace Theory > Coherence > Autonomous Subparts > Conflicting Subparts,Conflicting Subparts,indicator,Coherence,3,beta_abs,moderate support,strongly demanding,0.12155430769091663,0.09907772959383077,0.09570353631093152,0.05781839701081542,0.1589180586941888,-0.025850771379985107,0.025850771379985107,0.0006682623809402572,True
exact_latent_tree,full_exact_tree,three_state_binomial_2,exact_tree_production_medians,current_gwt_rater_design,edge_beta,Global Workspace Theory > Coherence > Autonomous Subparts > Information Transfer,Information Transfer,indicator,Coherence,3,beta_pres,moderate support,moderately undemanding,0.8888837493824054,0.8895852043586058,0.8930170351091606,0.8257132515299546,0.9354900200613189,0.004133285726755198,0.004133285726755198,1.7084050898998247e-05,True
exact_latent_tree,full_exact_tree,three_state_binomial_2,exact_tree_production_medians,current_gwt_rater_design,edge_beta,Global Workspace Theory > Coherence > Autonomous Subparts > Information Transfer,Information Transfer,indicator,Coherence,3,beta_abs,moderate support,moderately undemanding,0.6389513159466798,0.12646182022267258,0.12175288337087092,0.07495455432945715,0.19904286281040823,-0.5171984325758088,0.5171984325758088,0.2674942186588734,False
exact_latent_tree,full_exact_tree,three_state_binomial_2,exact_tree_production_medians,current_gwt_rater_design,edge_beta,Global Workspace Theory > Coherence > Autonomous Subparts > Learning Transfer,Learning Transfer,indicator,Coherence,3,beta_pres,moderate support,weakly undemanding,0.8586701611233953,0.8867328652639709,0.888940394483123,0.8295967189101153,0.9312341023832806,0.030270233359727672,0.030270233359727672,0.00091628702765237,True
exact_latent_tree,full_exact_tree,three_state_binomial_2,exact_tree_production_medians,current_gwt_rater_design,edge_beta,Global Workspace Theory > Coherence > Autonomous Subparts > Learning Transfer,Learning Transfer,indicator,Coherence,3,beta_abs,moderate support,weakly undemanding,0.3912527556246291,0.14430973274817724,0.1403255167275858,0.08583508605099284,0.22246845786780267,-0.25092723889704327,0.25092723889704327,0.06296447922049382,False
exact_latent_tree,full_exact_tree,three_state_binomial_2,exact_tree_production_medians,current_gwt_rater_design,edge_beta,Global Workspace Theory > Coherence > Autonomous Subparts > Information Transfer Architecture,Information Transfer Architecture,indicator,Coherence,3,beta_pres,moderate support,moderately demanding,0.7999235885736562,0.8344466446864133,0.837069473415039,0.7572742800601423,0.8989992815784478,0.037145884841382815,0.037145884841382815,0.0013798167606492737,True
exact_latent_tree,full_exact_tree,three_state_binomial_2,exact_tree_production_medians,current_gwt_rater_design,edge_beta,Global Workspace Theory > Coherence > Autonomous Subparts > Information Transfer Architecture,Information Transfer Architecture,indicator,Coherence,3,beta_abs,moderate support,moderately demanding,0.32484646175833376,0.13759891938638127,0.1343970857612462,0.08307447566978125,0.20654865283560664,-0.19044937599708756,0.19044937599708756,0.03627096481768003,False
exact_latent_tree,full_exact_tree,three_state_binomial_2,exact_tree_production_medians,current_gwt_rater_design,edge_beta,Global Workspace Theory > Coherence > Point of View,Point of View,feature,Coherence,2,beta_pres,moderate support,moderately demanding,0.7999235885736562,0.8344466446864133,0.837069473415039,0.7572742800601423,0.8989992815784478,0.037145884841382815,0.037145884841382815,0.0013798167606492737,True
exact_latent_tree,full_exact_tree,three_state_binomial_2,exact_tree_production_medians,current_gwt_rater_design,edge_beta,Global Workspace Theory > Coherence > Point of View,Point of View,feature,Coherence,2,beta_abs,moderate support,moderately demanding,0.32484646175833376,0.13759891938638127,0.1343970857612462,0.08307447566978125,0.20654865283560664,-0.19044937599708756,0.19044937599708756,0.03627096481768003,False
exact_latent_tree,full_exact_tree,three_state_binomial_2,exact_tree_production_medians,current_gwt_rater_design,edge_beta,Global Workspace Theory > Coherence > Point of View > Perspective-relative Representations,Perspective-relative Representations,indicator,Coherence,3,beta_pres,strong support,moderately demanding,0.8652906577456392,0.8865980664573396,0.8890021556249417,0.8254246426253528,0.9313761941684465,0.02371149787930249,0.02371149787930249,0.0005622351316801665,True
exact_latent_tree,full_exact_tree,three_state_binomial_2,exact_tree_production_medians,current_gwt_rater_design,edge_beta,Global Workspace Theory > Coherence > Point of View > Perspective-relative Representations,Perspective-relative Representations,indicator,Coherence,3,beta_abs,strong support,moderately demanding,0.21587260411564355,0.12658086863633186,0.12332701924751963,0.07736709518998468,0.1900481729162217,-0.09254558486812392,0.09254558486812392,0.008564685278583128,False
exact_latent_tree,full_exact_tree,three_state_binomial_2,exact_tree_production_medians,current_gwt_rater_design,edge_beta,Global Workspace Theory > Coherence > Point of View > Stable Personality,Stable Personality,indicator,Coherence,3,beta_pres,weak support,moderately demanding,0.560047800174686,0.8946158124516937,0.8975359152522466,0.8355863005414014,0.9393764006180408,0.3374881150775606,0.3374881150775606,0.11389822781860479,False
exact_latent_tree,full_exact_tree,three_state_binomial_2,exact_tree_production_medians,current_gwt_rater_design,edge_beta,Global Workspace Theory > Coherence > Point of View > Stable Personality,Stable Personality,indicator,Coherence,3,beta_abs,weak support,moderately demanding,0.2332959659893026,0.09676824283648743,0.09406637789352114,0.05692842046031024,0.1509815035616663,-0.13922958809578145,0.13922958809578145,0.019384878201320968,False
exact_latent_tree,full_exact_tree,three_state_binomial_2,exact_tree_production_medians,current_gwt_rater_design,edge_beta,Global Workspace Theory > Coherence > Common Representational Scheme,Common Representational Scheme,feature,Coherence,2,beta_pres,moderate support,weakly demanding,0.7510862838496203,0.8878752085940455,0.8905801913819863,0.8295937658980709,0.9321815837322913,0.139493907532366,0.139493907532366,0.01945855023864828,False
exact_latent_tree,full_exact_tree,three_state_binomial_2,exact_tree_production_medians,current_gwt_rater_design,edge_beta,Global Workspace Theory > Coherence > Common Representational Scheme,Common Representational Scheme,feature,Coherence,2,beta_abs,moderate support,weakly demanding,0.2863762716993723,0.11710003045046187,0.11403659091957458,0.06768427982617038,0.18228704100469093,-0.17233968077979772,0.17233968077979772,0.02970096557128258,False
exact_latent_tree,full_exact_tree,three_state_binomial_2,exact_tree_production_medians,current_gwt_rater_design,edge_beta,Global Workspace Theory > Coherence > Common Representational Scheme > Authoritative Representational Scheme,Authoritative Representational Scheme,indicator,Coherence,3,beta_pres,moderate support,moderately demanding,0.7999235885736562,0.8344466446864133,0.837069473415039,0.7572742800601423,0.8989992815784478,0.037145884841382815,0.037145884841382815,0.0013798167606492737,True
exact_latent_tree,full_exact_tree,three_state_binomial_2,exact_tree_production_medians,current_gwt_rater_design,edge_beta,Global Workspace Theory > Coherence > Common Representational Scheme > Authoritative Representational Scheme,Authoritative Representational Scheme,indicator,Coherence,3,beta_abs,moderate support,moderately demanding,0.32484646175833376,0.13759891938638127,0.1343970857612462,0.08307447566978125,0.20654865283560664,-0.19044937599708756,0.19044937599708756,0.03627096481768003,False
exact_latent_tree,full_exact_tree,three_state_binomial_2,exact_tree_production_medians,current_gwt_rater_design,edge_beta,Global Workspace Theory > Coherence > Common Representational Scheme > Unified Egocentric Representations,Unified Egocentric Representations,indicator,Coherence,3,beta_pres,strong support,weakly demanding,0.8581969292138683,0.8843802463730172,0.8874042171328844,0.8197916189807499,0.9325739736058072,0.029207287919016167,0.029207287919016167,0.0008530656675843078,True
exact_latent_tree,full_exact_tree,three_state_binomial_2,exact_tree_production_medians,current_gwt_rater_design,edge_beta,Global Workspace Theory > Coherence > Common Representational Scheme > Unified Egocentric Representations,Unified Egocentric Representations,indicator,Coherence,3,beta_abs,strong support,weakly demanding,0.32993929915827946,0.12296434739355513,0.11973128383098994,0.0726481885487106,0.1902233350978612,-0.21020801532728953,0.21020801532728953,0.04418740970783799,False
exact_latent_tree,full_exact_tree,three_state_binomial_2,exact_tree_production_medians,current_gwt_rater_design,edge_beta,Global Workspace Theory > Coherence > Common Representational Scheme > Distinguishes Self-Produced from Other-Produced Behavior,Distinguishes Self-Produced from Other-Produced Behavior,indicator,Coherence,3,beta_pres,moderate support,neutral,0.800070964229312,0.8922505464209544,0.895474375199016,0.8330415729224532,0.9358391375326424,0.09540341096970395,0.09540341096970395,0.009101810824654229,False
exact_latent_tree,full_exact_tree,three_state_binomial_2,exact_tree_production_medians,current_gwt_rater_design,edge_beta,Global Workspace Theory > Coherence > Common Representational Scheme > Distinguishes Self-Produced from Other-Produced Behavior,Distinguishes Self-Produced from Other-Produced Behavior,indicator,Coherence,3,beta_abs,moderate support,neutral,0.4019584778791272,0.127607447909612,0.12402914362638856,0.07439499371798051,0.19899347673063936,-0.27792933425273864,0.27792933425273864,0.07724471483817051,False
exact_latent_tree,full_exact_tree,three_state_binomial_2,exact_tree_production_medians,current_gwt_rater_design,edge_beta,Global Workspace Theory > Coherence > Social Coherence,Social Coherence,feature,Coherence,2,beta_pres,moderate support,neutral,0.800070964229312,0.8922505464209544,0.895474375199016,0.8330415729224532,0.9358391375326424,0.09540341096970395,0.09540341096970395,0.009101810824654229,False
exact_latent_tree,full_exact_tree,three_state_binomial_2,exact_tree_production_medians,current_gwt_rater_design,edge_beta,Global Workspace Theory > Coherence > Social Coherence,Social Coherence,feature,Coherence,2,beta_abs,moderate support,neutral,0.4019584778791272,0.127607447909612,0.12402914362638856,0.07439499371798051,0.19899347673063936,-0.27792933425273864,0.27792933425273864,0.07724471483817051,False
exact_latent_tree,full_exact_tree,three_state_binomial_2,exact_tree_production_medians,current_gwt_rater_design,edge_beta,Global Workspace Theory > Coherence > Social Coherence > Stable Personality,Stable Personality,indicator,Coherence,3,beta_pres,moderate support,moderately demanding,0.7999235885736562,0.8344466446864133,0.837069473415039,0.7572742800601423,0.8989992815784478,0.037145884841382815,0.037145884841382815,0.0013798167606492737,True
exact_latent_tree,full_exact_tree,three_state_binomial_2,exact_tree_production_medians,current_gwt_rater_design,edge_beta,Global Workspace Theory > Coherence > Social Coherence > Stable Personality,Stable Personality,indicator,Coherence,3,beta_abs,moderate support,moderately demanding,0.32484646175833376,0.13759891938638127,0.1343970857612462,0.08307447566978125,0.20654865283560664,-0.19044937599708756,0.19044937599708756,0.03627096481768003,False
exact_latent_tree,full_exact_tree,three_state_binomial_2,exact_tree_production_medians,current_gwt_rater_design,edge_beta,Global Workspace Theory > Coherence > Social Coherence > Persistence Seeking,Persistence Seeking,indicator,Coherence,3,beta_pres,weak support,weakly undemanding,0.7055114197117434,0.8825683081033674,0.8855556411360588,0.8168503665681586,0.9312386435180984,0.18004422142431542,0.18004422142431542,0.03241592166828792,False
exact_latent_tree,full_exact_tree,three_state_binomial_2,exact_tree_production_medians,current_gwt_rater_design,edge_beta,Global Workspace Theory > Coherence > Social Coherence > Persistence Seeking,Persistence Seeking,indicator,Coherence,3,beta_abs,weak support,weakly undemanding,0.5258744494348768,0.10814554831305702,0.10572026460928205,0.06197356491990691,0.16998398264545156,-0.42015418482559475,0.42015418482559475,0.17652953902646004,False
exact_latent_tree,full_exact_tree,three_state_binomial_2,exact_tree_production_medians,current_gwt_rater_design,edge_beta,Global Workspace Theory > Coherence > Social Coherence > Stable Social Interactions,Stable Social Interactions,indicator,Coherence,3,beta_pres,strong support,weakly demanding,0.8581969292138683,0.8843802463730172,0.8874042171328844,0.8197916189807499,0.9325739736058072,0.029207287919016167,0.029207287919016167,0.0008530656675843078,True
exact_latent_tree,full_exact_tree,three_state_binomial_2,exact_tree_production_medians,current_gwt_rater_design,edge_beta,Global Workspace Theory > Coherence > Social Coherence > Stable Social Interactions,Stable Social Interactions,indicator,Coherence,3,beta_abs,strong support,weakly demanding,0.32993929915827946,0.12296434739355513,0.11973128383098994,0.0726481885487106,0.1902233350978612,-0.21020801532728953,0.21020801532728953,0.04418740970783799,False
exact_latent_tree,full_exact_tree,three_state_binomial_2,exact_tree_production_medians,current_gwt_rater_design,edge_beta,Global Workspace Theory > Modularity,Modularity,feature,Modularity,1,beta_pres,weak support,moderately demanding,0.560047800174686,0.8946158124516937,0.8975359152522466,0.8355863005414014,0.9393764006180408,0.3374881150775606,0.3374881150775606,0.11389822781860479,False
exact_latent_tree,full_exact_tree,three_state_binomial_2,exact_tree_production_medians,current_gwt_rater_design,edge_beta,Global Workspace Theory > Modularity,Modularity,feature,Modularity,1,beta_abs,weak support,moderately demanding,0.2332959659893026,0.09676824283648743,0.09406637789352114,0.05692842046031024,0.1509815035616663,-0.13922958809578145,0.13922958809578145,0.019384878201320968,False
exact_latent_tree,full_exact_tree,three_state_binomial_2,exact_tree_production_medians,current_gwt_rater_design,edge_beta,Global Workspace Theory > Modularity > Cross-Modal Learning Deficits,Cross-Modal Learning Deficits,indicator,Modularity,2,beta_pres,strong support,moderately undemanding,0.9598425445419301,0.9000134998988776,0.903727734898798,0.8408338283095182,0.9411067363885,-0.05611480964313209,0.05611480964313209,0.00314887186128495,False
exact_latent_tree,full_exact_tree,three_state_binomial_2,exact_tree_production_medians,current_gwt_rater_design,edge_beta,Global Workspace Theory > Modularity > Cross-Modal Learning Deficits,Cross-Modal Learning Deficits,indicator,Modularity,2,beta_abs,strong support,moderately undemanding,0.5886514926336597,0.1496777245485976,0.1461509859745313,0.0899503916424102,0.22871786212132691,-0.4425005066591284,0.4425005066591284,0.19580669839358533,False
exact_latent_tree,full_exact_tree,three_state_binomial_2,exact_tree_production_medians,current_gwt_rater_design,edge_beta,Global Workspace Theory > Modularity > Selective Competence Disruption,Selective Competence Disruption,indicator,Modularity,2,beta_pres,strong support,moderately demanding,0.8652906577456392,0.8865980664573396,0.8890021556249417,0.8254246426253528,0.9313761941684465,0.02371149787930249,0.02371149787930249,0.0005622351316801665,True
exact_latent_tree,full_exact_tree,three_state_binomial_2,exact_tree_production_medians,current_gwt_rater_design,edge_beta,Global Workspace Theory > Modularity > Selective Competence Disruption,Selective Competence Disruption,indicator,Modularity,2,beta_abs,strong support,moderately demanding,0.21587260411564355,0.12658086863633186,0.12332701924751963,0.07736709518998468,0.1900481729162217,-0.09254558486812392,0.09254558486812392,0.008564685278583128,False
exact_latent_tree,full_exact_tree,three_state_binomial_2,exact_tree_production_medians,current_gwt_rater_design,edge_beta,Global Workspace Theory > Modularity > Poorly Intraconnected Networks,Poorly Intraconnected Networks,indicator,Modularity,2,beta_pres,moderate support,moderately demanding,0.7999235885736562,0.8344466446864133,0.837069473415039,0.7572742800601423,0.8989992815784478,0.037145884841382815,0.037145884841382815,0.0013798167606492737,True
exact_latent_tree,full_exact_tree,three_state_binomial_2,exact_tree_production_medians,current_gwt_rater_design,edge_beta,Global Workspace Theory > Modularity > Poorly Intraconnected Networks,Poorly Intraconnected Networks,indicator,Modularity,2,beta_abs,moderate support,moderately demanding,0.32484646175833376,0.13759891938638127,0.1343970857612462,0.08307447566978125,0.20654865283560664,-0.19044937599708756,0.19044937599708756,0.03627096481768003,False
exact_latent_tree,full_exact_tree,three_state_binomial_2,exact_tree_production_medians,current_gwt_rater_design,edge_beta,Global Workspace Theory > Modularity > Dedicated Speech Systems,Dedicated Speech Systems,indicator,Modularity,2,beta_pres,moderate support,moderately demanding,0.7999235885736562,0.8344466446864133,0.837069473415039,0.7572742800601423,0.8989992815784478,0.037145884841382815,0.037145884841382815,0.0013798167606492737,True
exact_latent_tree,full_exact_tree,three_state_binomial_2,exact_tree_production_medians,current_gwt_rater_design,edge_beta,Global Workspace Theory > Modularity > Dedicated Speech Systems,Dedicated Speech Systems,indicator,Modularity,2,beta_abs,moderate support,moderately demanding,0.32484646175833376,0.13759891938638127,0.1343970857612462,0.08307447566978125,0.20654865283560664,-0.19044937599708756,0.19044937599708756,0.03627096481768003,False
exact_latent_tree,full_exact_tree,three_state_binomial_2,exact_tree_production_medians,current_gwt_rater_design,edge_beta,Global Workspace Theory > Modularity > Dedicated Action Systems,Dedicated Action Systems,indicator,Modularity,2,beta_pres,strong support,weakly undemanding,0.9205216626808573,0.9034135136521887,0.9061445793248372,0.8503521861785045,0.9427090750303193,-0.01437708335602017,0.01437708335602017,0.0002067005258259522,True
exact_latent_tree,full_exact_tree,three_state_binomial_2,exact_tree_production_medians,current_gwt_rater_design,edge_beta,Global Workspace Theory > Modularity > Dedicated Action Systems,Dedicated Action Systems,indicator,Modularity,2,beta_abs,strong support,weakly undemanding,0.3969036303573165,0.10711855888940418,0.1042602032188859,0.06282273338786915,0.1659712058968156,-0.2926434271384306,0.2926434271384306,0.08564017544732595,False
exact_latent_tree,full_exact_tree,three_state_binomial_2,exact_tree_production_medians,current_gwt_rater_design,edge_beta,Global Workspace Theory > Modularity > Dedicated Sensory Systems,Dedicated Sensory Systems,indicator,Modularity,2,beta_pres,strong support,moderately undemanding,0.9598425445419301,0.9000134998988776,0.903727734898798,0.8408338283095182,0.9411067363885,-0.05611480964313209,0.05611480964313209,0.00314887186128495,False
exact_latent_tree,full_exact_tree,three_state_binomial_2,exact_tree_production_medians,current_gwt_rater_design,edge_beta,Global Workspace Theory > Modularity > Dedicated Sensory Systems,Dedicated Sensory Systems,indicator,Modularity,2,beta_abs,strong support,moderately undemanding,0.5886514926336597,0.1496777245485976,0.1461509859745313,0.0899503916424102,0.22871786212132691,-0.4425005066591284,0.4425005066591284,0.19580669839358533,False
exact_latent_tree,full_exact_tree,three_state_binomial_2,exact_tree_production_medians,current_gwt_rater_design,edge_beta,Global Workspace Theory > Complexity,Complexity,feature,Complexity,1,beta_pres,strong support,weakly undemanding,0.9205216626808573,0.9034135136521887,0.9061445793248372,0.8503521861785045,0.9427090750303193,-0.01437708335602017,0.01437708335602017,0.0002067005258259522,True
exact_latent_tree,full_exact_tree,three_state_binomial_2,exact_tree_production_medians,current_gwt_rater_design,edge_beta,Global Workspace Theory > Complexity,Complexity,feature,Complexity,1,beta_abs,strong support,weakly undemanding,0.3969036303573165,0.10711855888940418,0.1042602032188859,0.06282273338786915,0.1659712058968156,-0.2926434271384306,0.2926434271384306,0.08564017544732595,False
exact_latent_tree,full_exact_tree,three_state_binomial_2,exact_tree_production_medians,current_gwt_rater_design,edge_beta,Global Workspace Theory > Complexity > Functional Diversity,Functional Diversity,feature,Complexity,2,beta_pres,moderate support,weakly demanding,0.7510862838496203,0.8878752085940455,0.8905801913819863,0.8295937658980709,0.9321815837322913,0.139493907532366,0.139493907532366,0.01945855023864828,False
exact_latent_tree,full_exact_tree,three_state_binomial_2,exact_tree_production_medians,current_gwt_rater_design,edge_beta,Global Workspace Theory > Complexity > Functional Diversity,Functional Diversity,feature,Complexity,2,beta_abs,moderate support,weakly demanding,0.2863762716993723,0.11710003045046187,0.11403659091957458,0.06768427982617038,0.18228704100469093,-0.17233968077979772,0.17233968077979772,0.02970096557128258,False
exact_latent_tree,full_exact_tree,three_state_binomial_2,exact_tree_production_medians,current_gwt_rater_design,edge_beta,Global Workspace Theory > Complexity > Functional Diversity > Diversity of Tasks,Diversity of Tasks,indicator,Complexity,3,beta_pres,strong support,weakly demanding,0.8581969292138683,0.8843802463730172,0.8874042171328844,0.8197916189807499,0.9325739736058072,0.029207287919016167,0.029207287919016167,0.0008530656675843078,True
exact_latent_tree,full_exact_tree,three_state_binomial_2,exact_tree_production_medians,current_gwt_rater_design,edge_beta,Global Workspace Theory > Complexity > Functional Diversity > Diversity of Tasks,Diversity of Tasks,indicator,Complexity,3,beta_abs,strong support,weakly demanding,0.32993929915827946,0.12296434739355513,0.11973128383098994,0.0726481885487106,0.1902233350978612,-0.21020801532728953,0.21020801532728953,0.04418740970783799,False
exact_latent_tree,full_exact_tree,three_state_binomial_2,exact_tree_production_medians,current_gwt_rater_design,edge_beta,Global Workspace Theory > Complexity > Functional Diversity > Variability of Responses to Stimuli,Variability of Responses to Stimuli,indicator,Complexity,3,beta_pres,weak support,moderately undemanding,0.8265237784608894,0.8777051288788036,0.881067564912341,0.8114234746910348,0.928812641036624,0.054543786451451526,0.054543786451451526,0.0029750246404615472,True
exact_latent_tree,full_exact_tree,three_state_binomial_2,exact_tree_production_medians,current_gwt_rater_design,edge_beta,Global Workspace Theory > Complexity > Functional Diversity > Variability of Responses to Stimuli,Variability of Responses to Stimuli,indicator,Complexity,3,beta_abs,weak support,moderately undemanding,0.6298719913082595,0.11281575222134821,0.10946690600254529,0.06453369531467298,0.18221099515020853,-0.5204050853057143,0.5204050853057143,0.2708214528120478,False
exact_latent_tree,full_exact_tree,three_state_binomial_2,exact_tree_production_medians,current_gwt_rater_design,edge_beta,Global Workspace Theory > Complexity > Informational Complexity,Informational Complexity,feature,Complexity,2,beta_pres,strong support,moderately demanding,0.8652906577456392,0.8865980664573396,0.8890021556249417,0.8254246426253528,0.9313761941684465,0.02371149787930249,0.02371149787930249,0.0005622351316801665,True
exact_latent_tree,full_exact_tree,three_state_binomial_2,exact_tree_production_medians,current_gwt_rater_design,edge_beta,Global Workspace Theory > Complexity > Informational Complexity,Informational Complexity,feature,Complexity,2,beta_abs,strong support,moderately demanding,0.21587260411564355,0.12658086863633186,0.12332701924751963,0.07736709518998468,0.1900481729162217,-0.09254558486812392,0.09254558486812392,0.008564685278583128,False
exact_latent_tree,full_exact_tree,three_state_binomial_2,exact_tree_production_medians,current_gwt_rater_design,edge_beta,Global Workspace Theory > Complexity > Informational Complexity > Efficient Problem-Solving,Efficient Problem-Solving,feature,Complexity,3,beta_pres,moderate support,moderately demanding,0.7999235885736562,0.8344466446864133,0.837069473415039,0.7572742800601423,0.8989992815784478,0.037145884841382815,0.037145884841382815,0.0013798167606492737,True
exact_latent_tree,full_exact_tree,three_state_binomial_2,exact_tree_production_medians,current_gwt_rater_design,edge_beta,Global Workspace Theory > Complexity > Informational Complexity > Efficient Problem-Solving,Efficient Problem-Solving,feature,Complexity,3,beta_abs,moderate support,moderately demanding,0.32484646175833376,0.13759891938638127,0.1343970857612462,0.08307447566978125,0.20654865283560664,-0.19044937599708756,0.19044937599708756,0.03627096481768003,False
exact_latent_tree,full_exact_tree,three_state_binomial_2,exact_tree_production_medians,current_gwt_rater_design,edge_beta,Global Workspace Theory > Complexity > Informational Complexity > Optimized Componentry,Optimized Componentry,indicator,Complexity,3,beta_pres,weak support,neutral,0.6234429189806305,0.8878363294985028,0.8913633132298859,0.8234973132010565,0.9344902235828287,0.2679203942492554,0.2679203942492554,0.07178133765467645,False
exact_latent_tree,full_exact_tree,three_state_binomial_2,exact_tree_production_medians,current_gwt_rater_design,edge_beta,Global Workspace Theory > Complexity > Informational Complexity > Optimized Componentry,Optimized Componentry,indicator,Complexity,3,beta_abs,weak support,neutral,0.43417415120952235,0.1102603573533303,0.10675957297792069,0.06402629893262805,0.1718641446490199,-0.3274145782316017,0.3274145782316017,0.10720030603857762,False
exact_latent_tree,full_exact_tree,three_state_binomial_2,exact_tree_production_medians,current_gwt_rater_design,edge_beta,Global Workspace Theory > Complexity > Informational Complexity > Compressibility,Compressibility,indicator,Complexity,3,beta_pres,moderate support,neutral,0.800070964229312,0.8922505464209544,0.895474375199016,0.8330415729224532,0.9358391375326424,0.09540341096970395,0.09540341096970395,0.009101810824654229,False
exact_latent_tree,full_exact_tree,three_state_binomial_2,exact_tree_production_medians,current_gwt_rater_design,edge_beta,Global Workspace Theory > Complexity > Informational Complexity > Compressibility,Compressibility,indicator,Complexity,3,beta_abs,moderate support,neutral,0.4019584778791272,0.127607447909612,0.12402914362638856,0.07439499371798051,0.19899347673063936,-0.27792933425273864,0.27792933425273864,0.07724471483817051,False
exact_latent_tree,full_exact_tree,three_state_binomial_2,exact_tree_production_medians,current_gwt_rater_design,edge_beta,Global Workspace Theory > Complexity > Informational Complexity > Efficient Network Topology,Efficient Network Topology,feature,Complexity,3,beta_pres,moderate support,neutral,0.800070964229312,0.8922505464209544,0.895474375199016,0.8330415729224532,0.9358391375326424,0.09540341096970395,0.09540341096970395,0.009101810824654229,False
exact_latent_tree,full_exact_tree,three_state_binomial_2,exact_tree_production_medians,current_gwt_rater_design,edge_beta,Global Workspace Theory > Complexity > Informational Complexity > Efficient Network Topology,Efficient Network Topology,feature,Complexity,3,beta_abs,moderate support,neutral,0.4019584778791272,0.127607447909612,0.12402914362638856,0.07439499371798051,0.19899347673063936,-0.27792933425273864,0.27792933425273864,0.07724471483817051,False
exact_latent_tree,full_exact_tree,three_state_binomial_2,exact_tree_production_medians,current_gwt_rater_design,edge_beta,Global Workspace Theory > Complexity > Structural Complexity,Structural Complexity,feature,Complexity,2,beta_pres,strong support,strongly demanding,0.7979354739553153,0.8911515048200687,0.8943807372308934,0.8287392283210875,0.9377167612497913,0.09644526327557812,0.09644526327557812,0.009301688808295577,False
exact_latent_tree,full_exact_tree,three_state_binomial_2,exact_tree_production_medians,current_gwt_rater_design,edge_beta,Global Workspace Theory > Complexity > Structural Complexity,Structural Complexity,feature,Complexity,2,beta_abs,strong support,strongly demanding,0.10156225083779936,0.10776152678941636,0.10518679609827619,0.06185965458549012,0.16895129147348012,0.0036245452604768275,0.0036245452604768275,1.3137328345245032e-05,True
exact_latent_tree,full_exact_tree,three_state_binomial_2,exact_tree_production_medians,current_gwt_rater_design,edge_beta,Global Workspace Theory > Complexity > Structural Complexity > Functional Specialization,Functional Specialization,indicator,Complexity,3,beta_pres,strong support,neutral,0.8817754922006148,0.8930039987104622,0.8961379661277878,0.8332696968843033,0.9378416772415074,0.014362473927173047,0.014362473927173047,0.00020628065730872558,True
exact_latent_tree,full_exact_tree,three_state_binomial_2,exact_tree_production_medians,current_gwt_rater_design,edge_beta,Global Workspace Theory > Complexity > Structural Complexity > Functional Specialization,Functional Specialization,indicator,Complexity,3,beta_abs,strong support,neutral,0.3996914320701517,0.12452500035057977,0.12116850519392877,0.0737040586647633,0.1891992653211787,-0.27852292687622293,0.27852292687622293,0.07757502079569782,False
exact_latent_tree,full_exact_tree,three_state_binomial_2,exact_tree_production_medians,current_gwt_rater_design,edge_beta,Global Workspace Theory > Complexity > Structural Complexity > Number of Layers,Number of Layers,indicator,Complexity,3,beta_pres,moderate support,moderately demanding,0.7999235885736562,0.8344466446864133,0.837069473415039,0.7572742800601423,0.8989992815784478,0.037145884841382815,0.037145884841382815,0.0013798167606492737,True
exact_latent_tree,full_exact_tree,three_state_binomial_2,exact_tree_production_medians,current_gwt_rater_design,edge_beta,Global Workspace Theory > Complexity > Structural Complexity > Number of Layers,Number of Layers,indicator,Complexity,3,beta_abs,moderate support,moderately demanding,0.32484646175833376,0.13759891938638127,0.1343970857612462,0.08307447566978125,0.20654865283560664,-0.19044937599708756,0.19044937599708756,0.03627096481768003,False
exact_latent_tree,full_exact_tree,three_state_binomial_2,exact_tree_production_medians,current_gwt_rater_design,edge_beta,Global Workspace Theory > Complexity > Structural Complexity > Number of Nodes,Number of Nodes,indicator,Complexity,3,beta_pres,moderate support,weakly demanding,0.7510862838496203,0.8878752085940455,0.8905801913819863,0.8295937658980709,0.9321815837322913,0.139493907532366,0.139493907532366,0.01945855023864828,False
exact_latent_tree,full_exact_tree,three_state_binomial_2,exact_tree_production_medians,current_gwt_rater_design,edge_beta,Global Workspace Theory > Complexity > Structural Complexity > Number of Nodes,Number of Nodes,indicator,Complexity,3,beta_abs,moderate support,weakly demanding,0.2863762716993723,0.11710003045046187,0.11403659091957458,0.06768427982617038,0.18228704100469093,-0.17233968077979772,0.17233968077979772,0.02970096557128258,False
exact_latent_tree,full_exact_tree,three_state_binomial_2,exact_tree_production_medians,current_gwt_rater_design,edge_beta,Global Workspace Theory > Complexity > Structural Complexity > Number of Connections,Number of Connections,indicator,Complexity,3,beta_pres,moderate support,weakly demanding,0.7510862838496203,0.8878752085940455,0.8905801913819863,0.8295937658980709,0.9321815837322913,0.139493907532366,0.139493907532366,0.01945855023864828,False
exact_latent_tree,full_exact_tree,three_state_binomial_2,exact_tree_production_medians,current_gwt_rater_design,edge_beta,Global Workspace Theory > Complexity > Structural Complexity > Number of Connections,Number of Connections,indicator,Complexity,3,beta_abs,moderate support,weakly demanding,0.2863762716993723,0.11710003045046187,0.11403659091957458,0.06768427982617038,0.18228704100469093,-0.17233968077979772,0.17233968077979772,0.02970096557128258,False
exact_latent_tree,full_exact_tree,three_state_binomial_2,exact_tree_production_medians,current_gwt_rater_design,edge_beta,Global Workspace Theory > Selective Attention,Selective Attention,feature,Selective Attention,1,beta_pres,strong support,moderately demanding,0.8652906577456392,0.8865980664573396,0.8890021556249417,0.8254246426253528,0.9313761941684465,0.02371149787930249,0.02371149787930249,0.0005622351316801665,True
exact_latent_tree,full_exact_tree,three_state_binomial_2,exact_tree_production_medians,current_gwt_rater_design,edge_beta,Global Workspace Theory > Selective Attention,Selective Attention,feature,Selective Attention,1,beta_abs,strong support,moderately demanding,0.21587260411564355,0.12658086863633186,0.12332701924751963,0.07736709518998468,0.1900481729162217,-0.09254558486812392,0.09254558486812392,0.008564685278583128,False
exact_latent_tree,full_exact_tree,three_state_binomial_2,exact_tree_production_medians,current_gwt_rater_design,edge_beta,Global Workspace Theory > Selective Attention > Non-Linear Capabilities,Non-Linear Capabilities,feature,Selective Attention,2,beta_pres,moderate support,weakly undemanding,0.8586701611233953,0.8867328652639709,0.888940394483123,0.8295967189101153,0.9312341023832806,0.030270233359727672,0.030270233359727672,0.00091628702765237,True
exact_latent_tree,full_exact_tree,three_state_binomial_2,exact_tree_production_medians,current_gwt_rater_design,edge_beta,Global Workspace Theory > Selective Attention > Non-Linear Capabilities,Non-Linear Capabilities,feature,Selective Attention,2,beta_abs,moderate support,weakly undemanding,0.3912527556246291,0.14430973274817724,0.1403255167275858,0.08583508605099284,0.22246845786780267,-0.25092723889704327,0.25092723889704327,0.06296447922049382,False
exact_latent_tree,full_exact_tree,three_state_binomial_2,exact_tree_production_medians,current_gwt_rater_design,edge_beta,Global Workspace Theory > Selective Attention > Non-Linear Capabilities > Threshold Activation,Threshold Activation,indicator,Selective Attention,3,beta_pres,strong support,neutral,0.8817754922006148,0.8930039987104622,0.8961379661277878,0.8332696968843033,0.9378416772415074,0.014362473927173047,0.014362473927173047,0.00020628065730872558,True
exact_latent_tree,full_exact_tree,three_state_binomial_2,exact_tree_production_medians,current_gwt_rater_design,edge_beta,Global Workspace Theory > Selective Attention > Non-Linear Capabilities > Threshold Activation,Threshold Activation,indicator,Selective Attention,3,beta_abs,strong support,neutral,0.3996914320701517,0.12452500035057977,0.12116850519392877,0.0737040586647633,0.1891992653211787,-0.27852292687622293,0.27852292687622293,0.07757502079569782,False
exact_latent_tree,full_exact_tree,three_state_binomial_2,exact_tree_production_medians,current_gwt_rater_design,edge_beta,Global Workspace Theory > Selective Attention > Non-Linear Capabilities > Self-Sustained Activity,Self-Sustained Activity,indicator,Selective Attention,3,beta_pres,moderate support,weakly undemanding,0.8586701611233953,0.8867328652639709,0.888940394483123,0.8295967189101153,0.9312341023832806,0.030270233359727672,0.030270233359727672,0.00091628702765237,True
exact_latent_tree,full_exact_tree,three_state_binomial_2,exact_tree_production_medians,current_gwt_rater_design,edge_beta,Global Workspace Theory > Selective Attention > Non-Linear Capabilities > Self-Sustained Activity,Self-Sustained Activity,indicator,Selective Attention,3,beta_abs,moderate support,weakly undemanding,0.3912527556246291,0.14430973274817724,0.1403255167275858,0.08583508605099284,0.22246845786780267,-0.25092723889704327,0.25092723889704327,0.06296447922049382,False
exact_latent_tree,full_exact_tree,three_state_binomial_2,exact_tree_production_medians,current_gwt_rater_design,edge_beta,Global Workspace Theory > Selective Attention > Adaptive Focus,Adaptive Focus,feature,Selective Attention,2,beta_pres,strong support,moderately demanding,0.8652906577456392,0.8865980664573396,0.8890021556249417,0.8254246426253528,0.9313761941684465,0.02371149787930249,0.02371149787930249,0.0005622351316801665,True
exact_latent_tree,full_exact_tree,three_state_binomial_2,exact_tree_production_medians,current_gwt_rater_design,edge_beta,Global Workspace Theory > Selective Attention > Adaptive Focus,Adaptive Focus,feature,Selective Attention,2,beta_abs,strong support,moderately demanding,0.21587260411564355,0.12658086863633186,0.12332701924751963,0.07736709518998468,0.1900481729162217,-0.09254558486812392,0.09254558486812392,0.008564685278583128,False
exact_latent_tree,full_exact_tree,three_state_binomial_2,exact_tree_production_medians,current_gwt_rater_design,edge_beta,Global Workspace Theory > Selective Attention > Adaptive Focus > Task Focus,Task Focus,indicator,Selective Attention,3,beta_pres,moderate support,moderately demanding,0.7999235885736562,0.8344466446864133,0.837069473415039,0.7572742800601423,0.8989992815784478,0.037145884841382815,0.037145884841382815,0.0013798167606492737,True
exact_latent_tree,full_exact_tree,three_state_binomial_2,exact_tree_production_medians,current_gwt_rater_design,edge_beta,Global Workspace Theory > Selective Attention > Adaptive Focus > Task Focus,Task Focus,indicator,Selective Attention,3,beta_abs,moderate support,moderately demanding,0.32484646175833376,0.13759891938638127,0.1343970857612462,0.08307447566978125,0.20654865283560664,-0.19044937599708756,0.19044937599708756,0.03627096481768003,False
exact_latent_tree,full_exact_tree,three_state_binomial_2,exact_tree_production_medians,current_gwt_rater_design,edge_beta,Global Workspace Theory > Selective Attention > Adaptive Focus > Goal Focus Shifts,Goal Focus Shifts,indicator,Selective Attention,3,beta_pres,moderate support,moderately demanding,0.7999235885736562,0.8344466446864133,0.837069473415039,0.7572742800601423,0.8989992815784478,0.037145884841382815,0.037145884841382815,0.0013798167606492737,True
exact_latent_tree,full_exact_tree,three_state_binomial_2,exact_tree_production_medians,current_gwt_rater_design,edge_beta,Global Workspace Theory > Selective Attention > Adaptive Focus > Goal Focus Shifts,Goal Focus Shifts,indicator,Selective Attention,3,beta_abs,moderate support,moderately demanding,0.32484646175833376,0.13759891938638127,0.1343970857612462,0.08307447566978125,0.20654865283560664,-0.19044937599708756,0.19044937599708756,0.03627096481768003,False
exact_latent_tree,full_exact_tree,three_state_binomial_2,exact_tree_production_medians,current_gwt_rater_design,edge_beta,Global Workspace Theory > Selective Attention > Adaptive Focus > Inattentional Blindness,Inattentional Blindness,indicator,Selective Attention,3,beta_pres,moderate support,weakly demanding,0.7510862838496203,0.8878752085940455,0.8905801913819863,0.8295937658980709,0.9321815837322913,0.139493907532366,0.139493907532366,0.01945855023864828,False
exact_latent_tree,full_exact_tree,three_state_binomial_2,exact_tree_production_medians,current_gwt_rater_design,edge_beta,Global Workspace Theory > Selective Attention > Adaptive Focus > Inattentional Blindness,Inattentional Blindness,indicator,Selective Attention,3,beta_abs,moderate support,weakly demanding,0.2863762716993723,0.11710003045046187,0.11403659091957458,0.06768427982617038,0.18228704100469093,-0.17233968077979772,0.17233968077979772,0.02970096557128258,False
exact_latent_tree,full_exact_tree,three_state_binomial_2,exact_tree_production_medians,current_gwt_rater_design,edge_beta,Global Workspace Theory > Selective Attention > Attention-Constrained Architecture,Attention-Constrained Architecture,feature,Selective Attention,2,beta_pres,moderate support,weakly demanding,0.7510862838496203,0.8878752085940455,0.8905801913819863,0.8295937658980709,0.9321815837322913,0.139493907532366,0.139493907532366,0.01945855023864828,False
exact_latent_tree,full_exact_tree,three_state_binomial_2,exact_tree_production_medians,current_gwt_rater_design,edge_beta,Global Workspace Theory > Selective Attention > Attention-Constrained Architecture,Attention-Constrained Architecture,feature,Selective Attention,2,beta_abs,moderate support,weakly demanding,0.2863762716993723,0.11710003045046187,0.11403659091957458,0.06768427982617038,0.18228704100469093,-0.17233968077979772,0.17233968077979772,0.02970096557128258,False
exact_latent_tree,full_exact_tree,three_state_binomial_2,exact_tree_production_medians,current_gwt_rater_design,edge_beta,Global Workspace Theory > Selective Attention > Attention-Constrained Architecture > Informational Bottleneck,Informational Bottleneck,indicator,Selective Attention,3,beta_pres,strong support,moderately demanding,0.8652906577456392,0.8865980664573396,0.8890021556249417,0.8254246426253528,0.9313761941684465,0.02371149787930249,0.02371149787930249,0.0005622351316801665,True
exact_latent_tree,full_exact_tree,three_state_binomial_2,exact_tree_production_medians,current_gwt_rater_design,edge_beta,Global Workspace Theory > Selective Attention > Attention-Constrained Architecture > Informational Bottleneck,Informational Bottleneck,indicator,Selective Attention,3,beta_abs,strong support,moderately demanding,0.21587260411564355,0.12658086863633186,0.12332701924751963,0.07736709518998468,0.1900481729162217,-0.09254558486812392,0.09254558486812392,0.008564685278583128,False
exact_latent_tree,full_exact_tree,three_state_binomial_2,exact_tree_production_medians,current_gwt_rater_design,edge_beta,Global Workspace Theory > Selective Attention > Attention-Constrained Architecture > Resource Adaptation,Resource Adaptation,indicator,Selective Attention,3,beta_pres,strong support,neutral,0.8817754922006148,0.8930039987104622,0.8961379661277878,0.8332696968843033,0.9378416772415074,0.014362473927173047,0.014362473927173047,0.00020628065730872558,True
exact_latent_tree,full_exact_tree,three_state_binomial_2,exact_tree_production_medians,current_gwt_rater_design,edge_beta,Global Workspace Theory > Selective Attention > Attention-Constrained Architecture > Resource Adaptation,Resource Adaptation,indicator,Selective Attention,3,beta_abs,strong support,neutral,0.3996914320701517,0.12452500035057977,0.12116850519392877,0.0737040586647633,0.1891992653211787,-0.27852292687622293,0.27852292687622293,0.07757502079569782,False
exact_latent_tree,full_exact_tree,three_state_binomial_2,exact_tree_production_medians,current_gwt_rater_design,edge_beta,Global Workspace Theory > Selective Attention > Performance Sensitivity,Performance Sensitivity,feature,Selective Attention,2,beta_pres,moderate support,weakly demanding,0.7510862838496203,0.8878752085940455,0.8905801913819863,0.8295937658980709,0.9321815837322913,0.139493907532366,0.139493907532366,0.01945855023864828,False
exact_latent_tree,full_exact_tree,three_state_binomial_2,exact_tree_production_medians,current_gwt_rater_design,edge_beta,Global Workspace Theory > Selective Attention > Performance Sensitivity,Performance Sensitivity,feature,Selective Attention,2,beta_abs,moderate support,weakly demanding,0.2863762716993723,0.11710003045046187,0.11403659091957458,0.06768427982617038,0.18228704100469093,-0.17233968077979772,0.17233968077979772,0.02970096557128258,False
exact_latent_tree,full_exact_tree,three_state_binomial_2,exact_tree_production_medians,current_gwt_rater_design,edge_beta,Global Workspace Theory > Selective Attention > Performance Sensitivity > Performance Degradation,Performance Degradation,indicator,Selective Attention,3,beta_pres,moderate support,moderately demanding,0.7999235885736562,0.8344466446864133,0.837069473415039,0.7572742800601423,0.8989992815784478,0.037145884841382815,0.037145884841382815,0.0013798167606492737,True
exact_latent_tree,full_exact_tree,three_state_binomial_2,exact_tree_production_medians,current_gwt_rater_design,edge_beta,Global Workspace Theory > Selective Attention > Performance Sensitivity > Performance Degradation,Performance Degradation,indicator,Selective Attention,3,beta_abs,moderate support,moderately demanding,0.32484646175833376,0.13759891938638127,0.1343970857612462,0.08307447566978125,0.20654865283560664,-0.19044937599708756,0.19044937599708756,0.03627096481768003,False
exact_latent_tree,full_exact_tree,three_state_binomial_2,exact_tree_production_medians,current_gwt_rater_design,edge_beta,Global Workspace Theory > Selective Attention > Performance Sensitivity > Priming Enhancement,Priming Enhancement,indicator,Selective Attention,3,beta_pres,moderate support,weakly undemanding,0.8586701611233953,0.8867328652639709,0.888940394483123,0.8295967189101153,0.9312341023832806,0.030270233359727672,0.030270233359727672,0.00091628702765237,True
exact_latent_tree,full_exact_tree,three_state_binomial_2,exact_tree_production_medians,current_gwt_rater_design,edge_beta,Global Workspace Theory > Selective Attention > Performance Sensitivity > Priming Enhancement,Priming Enhancement,indicator,Selective Attention,3,beta_abs,moderate support,weakly undemanding,0.3912527556246291,0.14430973274817724,0.1403255167275858,0.08583508605099284,0.22246845786780267,-0.25092723889704327,0.25092723889704327,0.06296447922049382,False
exact_latent_tree,full_exact_tree,three_state_binomial_2,exact_tree_production_medians,current_gwt_rater_design,edge_beta,Global Workspace Theory > Selective Attention > Performance Sensitivity > Coupling,Coupling,indicator,Selective Attention,3,beta_pres,moderate support,weakly undemanding,0.8586701611233953,0.8867328652639709,0.888940394483123,0.8295967189101153,0.9312341023832806,0.030270233359727672,0.030270233359727672,0.00091628702765237,True
exact_latent_tree,full_exact_tree,three_state_binomial_2,exact_tree_production_medians,current_gwt_rater_design,edge_beta,Global Workspace Theory > Selective Attention > Performance Sensitivity > Coupling,Coupling,indicator,Selective Attention,3,beta_abs,moderate support,weakly undemanding,0.3912527556246291,0.14430973274817724,0.1403255167275858,0.08583508605099284,0.22246845786780267,-0.25092723889704327,0.25092723889704327,0.06296447922049382,False
exact_latent_tree,full_exact_tree,three_state_binomial_2,exact_tree_production_medians,current_gwt_rater_design,edge_beta,Global Workspace Theory > Selective Attention > Capability Attention Modulation,Capability Attention Modulation,feature,Selective Attention,2,beta_pres,strong support,weakly demanding,0.8581969292138683,0.8843802463730172,0.8874042171328844,0.8197916189807499,0.9325739736058072,0.029207287919016167,0.029207287919016167,0.0008530656675843078,True
exact_latent_tree,full_exact_tree,three_state_binomial_2,exact_tree_production_medians,current_gwt_rater_design,edge_beta,Global Workspace Theory > Selective Attention > Capability Attention Modulation,Capability Attention Modulation,feature,Selective Attention,2,beta_abs,strong support,weakly demanding,0.32993929915827946,0.12296434739355513,0.11973128383098994,0.0726481885487106,0.1902233350978612,-0.21020801532728953,0.21020801532728953,0.04418740970783799,False
exact_latent_tree,full_exact_tree,three_state_binomial_2,exact_tree_production_medians,current_gwt_rater_design,edge_beta,Global Workspace Theory > Selective Attention > Capability Attention Modulation > Feature Binding,Feature Binding,indicator,Selective Attention,3,beta_pres,moderate support,neutral,0.800070964229312,0.8922505464209544,0.895474375199016,0.8330415729224532,0.9358391375326424,0.09540341096970395,0.09540341096970395,0.009101810824654229,False
exact_latent_tree,full_exact_tree,three_state_binomial_2,exact_tree_production_medians,current_gwt_rater_design,edge_beta,Global Workspace Theory > Selective Attention > Capability Attention Modulation > Feature Binding,Feature Binding,indicator,Selective Attention,3,beta_abs,moderate support,neutral,0.4019584778791272,0.127607447909612,0.12402914362638856,0.07439499371798051,0.19899347673063936,-0.27792933425273864,0.27792933425273864,0.07724471483817051,False
exact_latent_tree,full_exact_tree,three_state_binomial_2,exact_tree_production_medians,current_gwt_rater_design,edge_beta,Global Workspace Theory > Selective Attention > Capability Attention Modulation > Adaptive Learning,Adaptive Learning,indicator,Selective Attention,3,beta_pres,moderate support,moderately undemanding,0.8888837493824054,0.8895852043586058,0.8930170351091606,0.8257132515299546,0.9354900200613189,0.004133285726755198,0.004133285726755198,1.7084050898998247e-05,True
exact_latent_tree,full_exact_tree,three_state_binomial_2,exact_tree_production_medians,current_gwt_rater_design,edge_beta,Global Workspace Theory > Selective Attention > Capability Attention Modulation > Adaptive Learning,Adaptive Learning,indicator,Selective Attention,3,beta_abs,moderate support,moderately undemanding,0.6389513159466798,0.12646182022267258,0.12175288337087092,0.07495455432945715,0.19904286281040823,-0.5171984325758088,0.5171984325758088,0.2674942186588734,False
exact_latent_tree,full_exact_tree,three_state_binomial_2,exact_tree_production_medians,current_gwt_rater_design,edge_beta,Global Workspace Theory > Integration,Integration,feature,Integration,1,beta_pres,strong support,moderately demanding,0.8652906577456392,0.8865980664573396,0.8890021556249417,0.8254246426253528,0.9313761941684465,0.02371149787930249,0.02371149787930249,0.0005622351316801665,True
exact_latent_tree,full_exact_tree,three_state_binomial_2,exact_tree_production_medians,current_gwt_rater_design,edge_beta,Global Workspace Theory > Integration,Integration,feature,Integration,1,beta_abs,strong support,moderately demanding,0.21587260411564355,0.12658086863633186,0.12332701924751963,0.07736709518998468,0.1900481729162217,-0.09254558486812392,0.09254558486812392,0.008564685278583128,False
exact_latent_tree,full_exact_tree,three_state_binomial_2,exact_tree_production_medians,current_gwt_rater_design,edge_beta,Global Workspace Theory > Integration > Wiring Convergence,Wiring Convergence,indicator,Integration,2,beta_pres,strong support,moderately demanding,0.8652906577456392,0.8865980664573396,0.8890021556249417,0.8254246426253528,0.9313761941684465,0.02371149787930249,0.02371149787930249,0.0005622351316801665,True
exact_latent_tree,full_exact_tree,three_state_binomial_2,exact_tree_production_medians,current_gwt_rater_design,edge_beta,Global Workspace Theory > Integration > Wiring Convergence,Wiring Convergence,indicator,Integration,2,beta_abs,strong support,moderately demanding,0.21587260411564355,0.12658086863633186,0.12332701924751963,0.07736709518998468,0.1900481729162217,-0.09254558486812392,0.09254558486812392,0.008564685278583128,False
exact_latent_tree,full_exact_tree,three_state_binomial_2,exact_tree_production_medians,current_gwt_rater_design,edge_beta,Global Workspace Theory > Integration > Holistic Dependency,Holistic Dependency,indicator,Integration,2,beta_pres,strong support,weakly undemanding,0.9205216626808573,0.9034135136521887,0.9061445793248372,0.8503521861785045,0.9427090750303193,-0.01437708335602017,0.01437708335602017,0.0002067005258259522,True
exact_latent_tree,full_exact_tree,three_state_binomial_2,exact_tree_production_medians,current_gwt_rater_design,edge_beta,Global Workspace Theory > Integration > Holistic Dependency,Holistic Dependency,indicator,Integration,2,beta_abs,strong support,weakly undemanding,0.3969036303573165,0.10711855888940418,0.1042602032188859,0.06282273338786915,0.1659712058968156,-0.2926434271384306,0.2926434271384306,0.08564017544732595,False
