beta_profile,observation_model,K_or_n_raters,epsilon,n_replicates,median_log_B_R1,median_log_B_R0,balanced_accuracy,balanced_log_score_improvement,evidence_margin_M,pass_fail_label
production_oracle_median,binary_noisy,1,0.05,500,1.3737033770668479,-1.4944377265699416,0.701,0.37966311132138175,-0.23573453536725242,fail
production_oracle_median,binary_noisy,2,0.05,500,1.5488008498631523,-1.674146003039823,0.721,0.40346289383530504,-0.06063706257094803,fail
production_oracle_median,binary_noisy,3,0.05,500,1.6175740655487658,-1.7292771616283318,0.732,0.42165348773922023,0.008136153114665534,fail
production_oracle_median,binary_noisy,6,0.05,500,1.6782963278903367,-1.812903792624411,0.739,0.43161931119171515,0.06885841545623639,fail
production_oracle_median,binary_noisy,12,0.05,500,1.6782320108912216,-1.813410352706029,0.739,0.4322128617548517,0.06879409845712137,fail
production_oracle_median,binary_noisy,30,0.05,500,1.6782319996504782,-1.8134103556587036,0.739,0.4322118500042806,0.06879408721637792,fail
production_oracle_median,binary_noisy,100,0.05,500,1.678231999650336,-1.8134103556586751,0.739,0.4322118500042759,0.06879408721623581,fail
production_oracle_median,binary_noisy,1000,0.05,500,1.6782319996509614,-1.8134103556585615,0.739,0.43221185000437845,0.06879408721686109,fail
production_oracle_median,ordinal_binary,1,,500,1.5705618531821202,-1.721772821484798,0.723,0.42199017574172837,-0.03887605925198012,fail
production_oracle_median,ordinal_binary,2,,500,1.6906750434784854,-1.8151671718917157,0.738,0.4311093260487541,0.08123713104438512,fail
production_oracle_median,ordinal_binary,3,,500,1.678090537131098,-1.809592846175434,0.739,0.4321032239994986,0.06865262469699762,fail
production_oracle_median,ordinal_binary,6,,500,1.6782319996243587,-1.8134103556442227,0.739,0.4322118577295413,0.06879408719025837,fail
production_oracle_median,ordinal_binary,12,,500,1.6782319996504498,-1.8134103556587604,0.739,0.4322118500042731,0.0687940872163495,fail
production_oracle_median,ordinal_binary,30,,500,1.6782319996505066,-1.8134103556587888,0.739,0.43221185000428014,0.06879408721640634,fail
production_oracle_median,ordinal_three_state,1,,500,1.9383867811929534,-1.8522885205911663,0.754,0.4541637462824803,0.3289488687588531,pass
production_oracle_median,ordinal_three_state,2,,500,2.2450013712642516,-2.0875288273117434,0.7749999999999999,0.5067679701054583,0.6355634588301513,pass
production_oracle_median,ordinal_three_state,3,,500,2.3500682123545005,-2.059556572092717,0.7889999999999999,0.5137279912681176,0.7245555053927168,pass
production_oracle_median,ordinal_three_state,6,,500,2.3724422338699753,-2.265492823784541,0.8029999999999999,0.5303369796917451,0.763004321435875,pass
production_oracle_median,ordinal_three_state,12,,500,2.3963331593264456,-2.296288789370294,0.8,0.5301338592565785,0.7868952468923454,pass
production_oracle_median,ordinal_three_state,30,,500,2.4005594247025783,-2.2949063938908694,0.798,0.5304364855123141,0.791121512268478,pass
production_oracle_median,perfect_leaf,perfect,0.0,500,1.678231999650464,-1.813410355658764,0.739,0.4322118500042781,0.06879408721636371,fail
production_prior_mean,binary_noisy,1,0.05,500,0.4538798727796234,-0.4846701793732695,0.529,0.14248850167480293,-1.155558039654477,fail
production_prior_mean,binary_noisy,2,0.05,500,0.4895826892287367,-0.5433876721206374,0.539,0.16704631534983871,-1.1198552232053636,fail
production_prior_mean,binary_noisy,3,0.05,500,0.5587002991559089,-0.6157947417922038,0.544,0.1736892227306023,-1.0507376132781914,fail
production_prior_mean,binary_noisy,6,0.05,500,0.5599023433149384,-0.6330780663479949,0.552,0.1758520774927268,-1.049535569119162,fail
production_prior_mean,binary_noisy,12,0.05,500,0.5637446813247067,-0.6340864074791455,0.552,0.17610138416446983,-1.0456932311093936,fail
production_prior_mean,binary_noisy,30,0.05,500,0.5637446813210261,-0.634086406989951,0.552,0.17610208314245476,-1.0456932311130742,fail
production_prior_mean,binary_noisy,100,0.05,500,0.5637446813211682,-0.6340864069898089,0.552,0.1761020831424551,-1.045693231112932,fail
production_prior_mean,binary_noisy,1000,0.05,500,0.5637446813207134,-0.6340864069888994,0.552,0.17610208314246578,-1.0456932311133869,fail
production_prior_mean,ordinal_binary,1,,500,0.5507393215000853,-0.5939677091589175,0.544,0.166828077410061,-1.058698590934015,fail
production_prior_mean,ordinal_binary,2,,500,0.5627353073082304,-0.6299677678573374,0.549,0.1751602897371447,-1.0467026051258699,fail
production_prior_mean,ordinal_binary,3,,500,0.5608827379994068,-0.6340553594387472,0.552,0.1758539252110667,-1.0485551744346935,fail
production_prior_mean,ordinal_binary,6,,500,0.5637446813207134,-0.634086406986853,0.552,0.1761020853867527,-1.0456932311133869,fail
production_prior_mean,ordinal_binary,12,,500,0.5637446813211113,-0.634086406989951,0.552,0.17610208314245288,-1.045693231112989,fail
production_prior_mean,ordinal_binary,30,,500,0.5637446813209408,-0.6340864069900363,0.552,0.17610208314245887,-1.0456932311131595,fail
production_prior_mean,ordinal_three_state,1,,500,0.5498062037132811,-0.4926967162618894,0.566,0.15539809442756053,-1.0596317087208191,fail
production_prior_mean,ordinal_three_state,2,,500,0.6210609075308611,-0.5848075433895019,0.589,0.19617175568922446,-0.9883770049032392,fail
production_prior_mean,ordinal_three_state,3,,500,0.764836876767049,-0.6044493733443375,0.596,0.20421340646267125,-0.8446010356670512,fail
production_prior_mean,ordinal_three_state,6,,500,0.820204097025254,-0.6818050167733247,0.608,0.21970417374772552,-0.7892338154088463,fail
production_prior_mean,ordinal_three_state,12,,500,0.7914833039999962,-0.6759311720000483,0.605,0.21839839138548306,-0.8179546084341041,fail
production_prior_mean,ordinal_three_state,30,,500,0.7936990962596155,-0.6746271352809572,0.606,0.21891025858023902,-0.8157388161744847,fail
production_prior_mean,perfect_leaf,perfect,0.0,500,0.5637446813210492,-0.6340864069899883,0.552,0.1761020831424554,-1.0456932311130511,fail
