beta_profile,evidence_stage,rung_label,system,root_z_true,n,median_log_B,mean_log_B,q05_log_B,q25_log_B,q75_log_B,q95_log_B,mean_rho,p_correct_sign,p_decisive,balanced_accuracy,balanced_log_score_improvement,evidence_margin_M,pass_fail_label,median_loss_top_to_subfeature,median_loss_subfeature_to_leaf_latent,median_loss_leaf_latent_to_binary_K6,median_loss_binary_perfect_to_binary_K6,median_loss_binary_K6_to_ordinal_binary,median_loss_ordinal_binary_to_three_state
extreme_0p9_0p1,top_observed,,Chicken,0,250,-15.380572041353538,-12.515391192507106,-15.380572041353538,-15.380572041353538,-10.986122886681098,-6.591673732008658,0.003294611392180418,0.996,0.996,0.998,0.9779780693745052,13.771134128919439,pass,1.45701923195272,0.1116620261893484,2.9510712357350144e-05,2.9510712357350144e-05,-2.9510531433629694e-05,-0.7080759901841418
extreme_0p9_0p1,top_observed,,Chicken,1,250,15.380572041353538,12.392346616176278,6.591673732008658,10.986122886681098,15.380572041353538,15.380572041353538,0.9890987513145432,1.0,1.0,0.998,0.9779780693745052,13.771134128919439,pass,-0.999665630528181,-0.11592437413280621,-2.318440788506848e-05,-2.318440788506848e-05,2.318440471071881e-05,0.7827378456433962
extreme_0p9_0p1,top_observed,,Chicken,ALL,500,2.197224577336219,-0.06152228816541421,-15.380572041353538,-15.380572041353538,15.380572041353538,15.380572041353538,0.49619668135336176,0.998,0.998,0.998,0.9779780693745052,13.771134128919439,pass,0.328396116819178,-0.00632174450705314,4.6561937594447045e-07,4.6561937594447045e-07,-4.86887703488037e-07,0.06003184092583069
extreme_0p9_0p1,top_observed,,LLMs,0,250,-10.986122886681098,-12.181413056752001,-15.380572041353538,-15.380572041353538,-10.986122886681098,-6.591673732008658,0.0005667809438686496,1.0,1.0,0.996,0.9683500605489251,9.651121819981098,pass,1.2712360180172242,0.10571928152391052,1.5701814557900207e-05,1.5701814557900207e-05,-1.5701812806412363e-05,-0.7297726907007416
extreme_0p9_0p1,top_observed,,LLMs,1,250,15.380572041353538,12.480235599269726,6.591673732008658,10.986122886681098,15.380572041353538,15.380572041353538,0.987013850992634,0.992,0.992,0.996,0.9683500605489251,9.651121819981098,pass,-1.4686188722098414,-0.11709842368507628,-3.5279891610784375e-05,-3.5279891610784375e-05,3.527687882609598e-05,0.7952830505359714
extreme_0p9_0p1,top_observed,,LLMs,ALL,500,-2.1972245773362187,0.14941127125886297,-15.380572041353538,-10.986122886681098,15.380572041353538,15.380572041353538,0.49379031596825135,0.996,0.996,0.996,0.9683500605489251,9.651121819981098,pass,0.2815573869180157,-0.008123644431648813,4.683568519681103e-07,4.683568519681103e-07,-4.5091709566236204e-07,0.2119212607441625
extreme_0p9_0p1,subfeature_observed,,Chicken,0,250,-10.7759537734128,-10.535675217927558,-14.579375427376096,-13.9119531691437,-8.086426624824693,-3.7463723892012983,0.003671999327697198,0.996,0.984,0.99,0.967700075922542,9.269151707313375,pass,1.45701923195272,0.1116620261893484,2.9510712357350144e-05,2.9510712357350144e-05,-2.9510531433629694e-05,-0.7080759901841418
extreme_0p9_0p1,subfeature_observed,,Chicken,1,250,10.878589619747475,10.570826378203899,3.2869826607223875,8.100115339213378,14.249590718880377,14.567408261461964,0.9746258720298902,1.0,0.98,0.99,0.967700075922542,9.269151707313375,pass,-0.999665630528181,-0.11592437413280621,-2.318440788506848e-05,-2.318440788506848e-05,2.318440471071881e-05,0.7827378456433962
extreme_0p9_0p1,subfeature_observed,,Chicken,ALL,500,0.905149694631018,0.017575580138171062,-14.567408261461967,-10.775619488082775,10.878255334417453,14.478076722361504,0.4891489356787937,0.998,0.982,0.99,0.967700075922542,9.269151707313375,pass,0.328396116819178,-0.00632174450705314,4.6561937594447045e-07,4.6561937594447045e-07,-4.86887703488037e-07,0.06003184092583069
extreme_0p9_0p1,subfeature_observed,,LLMs,0,250,-10.290269853417072,-10.338550308787937,-14.56874540278206,-13.809317322809019,-8.082766262686114,-3.9619617243588503,0.0018693675789522857,1.0,0.988,0.988,0.9586722499720468,8.955268786717072,pass,1.2712360180172242,0.10571928152391052,1.5701814557900207e-05,1.5701814557900207e-05,-1.5701812806412363e-05,-0.7297726907007416
extreme_0p9_0p1,subfeature_observed,,LLMs,1,250,10.763986607498664,10.623285239855594,4.948216482135306,8.29396700667524,13.898648861909475,14.580712568696185,0.9752237682535434,0.988,0.976,0.988,0.9586722499720468,8.955268786717072,pass,-1.4686188722098414,-0.11709842368507628,-3.5279891610784375e-05,-3.5279891610784375e-05,3.527687882609598e-05,0.7952830505359714
extreme_0p9_0p1,subfeature_observed,,LLMs,ALL,500,-1.130649866424507,0.1423674655338287,-14.476806438107422,-10.290269853417072,10.763652322168642,14.567408261461964,0.4885465679162478,0.994,0.982,0.988,0.9586722499720468,8.955268786717072,pass,0.2815573869180157,-0.008123644431648813,4.683568519681103e-07,4.683568519681103e-07,-4.5091709566236204e-07,0.2119212607441625
extreme_0p9_0p1,leaf_latent_observed,,Chicken,0,250,-10.27455888956471,-10.169961821897704,-14.469914358588216,-13.61516810166485,-8.00169991530288,-3.6446731031761317,0.003880330315809731,0.992,0.98,0.99,0.9591577014129506,8.93955782286471,pass,1.45701923195272,0.1116620261893484,2.9510712357350144e-05,2.9510712357350144e-05,-2.9510531433629694e-05,-0.7080759901841418
extreme_0p9_0p1,leaf_latent_observed,,Chicken,1,250,10.59203860076418,10.24557196852276,3.130768970097027,7.869559118140781,13.635939059838861,14.45610744551813,0.9717087516706834,0.992,0.98,0.99,0.9591577014129506,8.93955782286471,pass,-0.999665630528181,-0.11592437413280621,-2.318440788506848e-05,-2.318440788506848e-05,2.318440471071881e-05,0.7827378456433962
extreme_0p9_0p1,leaf_latent_observed,,Chicken,ALL,500,-0.14365357669676548,0.03780507331252869,-14.356260294766427,-10.270171082241916,10.58673812364954,14.378361709129686,0.4877945409932466,0.992,0.98,0.99,0.9591577014129506,8.93955782286471,pass,0.328396116819178,-0.00632174450705314,4.6561937594447045e-07,4.6561937594447045e-07,-4.86887703488037e-07,0.06003184092583069
extreme_0p9_0p1,leaf_latent_observed,,LLMs,0,250,-10.293612375112476,-9.998166207479176,-14.502176422633145,-12.94227880012674,-7.774978719900948,-2.653365888307173,0.0022988391252081676,1.0,0.988,0.99,0.9565670976103632,8.67096376947921,pass,1.2712360180172242,0.10571928152391052,1.5701814557900207e-05,1.5701814557900207e-05,-1.5701812806412363e-05,-0.7297726907007416
extreme_0p9_0p1,leaf_latent_observed,,LLMs,1,250,10.28040168191331,10.227597340187316,3.7166859370429393,8.060245415184848,13.549499157324753,14.502073700971732,0.974187972347778,0.988,0.98,0.99,0.9565670976103632,8.67096376947921,pass,-1.4686188722098414,-0.11709842368507628,-3.5279891610784375e-05,-3.5279891610784375e-05,3.527687882609598e-05,0.7952830505359714
extreme_0p9_0p1,leaf_latent_observed,,LLMs,ALL,500,-1.3411553856884275,0.11471556635407015,-14.351561495165601,-10.289184969863843,10.272683570572354,14.40346690381001,0.48824340573649305,0.994,0.984,0.99,0.9565670976103632,8.67096376947921,pass,0.2815573869180157,-0.008123644431648813,4.683568519681103e-07,4.683568519681103e-07,-4.5091709566236204e-07,0.2119212607441625
extreme_0p9_0p1,binary_perfect_leaf,,Chicken,0,250,-10.27455888956471,-10.169961821897704,-14.469914358588216,-13.61516810166485,-8.00169991530288,-3.6446731031761317,0.003880330315809731,0.992,0.98,0.99,0.9591577014129506,8.93955782286471,pass,1.45701923195272,0.1116620261893484,2.9510712357350144e-05,2.9510712357350144e-05,-2.9510531433629694e-05,-0.7080759901841418
extreme_0p9_0p1,binary_perfect_leaf,,Chicken,1,250,10.59203860076418,10.24557196852276,3.130768970097027,7.869559118140781,13.635939059838861,14.45610744551813,0.9717087516706834,0.992,0.98,0.99,0.9591577014129506,8.93955782286471,pass,-0.999665630528181,-0.11592437413280621,-2.318440788506848e-05,-2.318440788506848e-05,2.318440471071881e-05,0.7827378456433962
extreme_0p9_0p1,binary_perfect_leaf,,Chicken,ALL,500,-0.14365357669676548,0.03780507331252869,-14.356260294766427,-10.270171082241916,10.58673812364954,14.378361709129686,0.4877945409932466,0.992,0.98,0.99,0.9591577014129506,8.93955782286471,pass,0.328396116819178,-0.00632174450705314,4.6561937594447045e-07,4.6561937594447045e-07,-4.86887703488037e-07,0.06003184092583069
extreme_0p9_0p1,binary_perfect_leaf,,LLMs,0,250,-10.293612375112476,-9.998166207479176,-14.502176422633145,-12.94227880012674,-7.774978719900948,-2.653365888307173,0.0022988391252081676,1.0,0.988,0.99,0.9565670976103632,8.67096376947921,pass,1.2712360180172242,0.10571928152391052,1.5701814557900207e-05,1.5701814557900207e-05,-1.5701812806412363e-05,-0.7297726907007416
extreme_0p9_0p1,binary_perfect_leaf,,LLMs,1,250,10.28040168191331,10.227597340187316,3.7166859370429393,8.060245415184848,13.549499157324753,14.502073700971732,0.974187972347778,0.988,0.98,0.99,0.9565670976103632,8.67096376947921,pass,-1.4686188722098414,-0.11709842368507628,-3.5279891610784375e-05,-3.5279891610784375e-05,3.527687882609598e-05,0.7952830505359714
extreme_0p9_0p1,binary_perfect_leaf,,LLMs,ALL,500,-1.3411553856884275,0.11471556635407015,-14.351561495165601,-10.289184969863843,10.272683570572354,14.40346690381001,0.48824340573649305,0.994,0.984,0.99,0.9565670976103632,8.67096376947921,pass,0.2815573869180157,-0.008123644431648813,4.683568519681103e-07,4.683568519681103e-07,-4.5091709566236204e-07,0.2119212607441625
extreme_0p9_0p1,binary_noisy_K6,1X,Chicken,0,250,-10.274521832891836,-10.167747762086982,-14.46988087893916,-13.61513616713475,-8.001717346960998,-3.6446752760684977,0.003923741582128262,0.992,0.98,0.99,0.95909444805784,8.939520766191835,pass,1.45701923195272,0.1116620261893484,2.9510712357350144e-05,2.9510712357350144e-05,-2.9510531433629694e-05,-0.7080759901841418
extreme_0p9_0p1,binary_noisy_K6,1X,Chicken,1,250,10.591990979440165,10.235346987476033,3.131188977988929,7.872572771791411,13.607365002147866,14.452344419200422,0.9716847897379725,0.992,0.98,0.99,0.95909444805784,8.939520766191835,pass,-0.999665630528181,-0.11592437413280621,-2.318440788506848e-05,-2.318440788506848e-05,2.318440471071881e-05,0.7827378456433962
extreme_0p9_0p1,binary_noisy_K6,1X,Chicken,ALL,500,-0.1497805062946469,0.03379961269452471,-14.35607250856111,-10.270130556537808,10.586681031509604,14.378349231023334,0.4878042656600503,0.992,0.98,0.99,0.95909444805784,8.939520766191835,pass,0.328396116819178,-0.00632174450705314,4.6561937594447045e-07,4.6561937594447045e-07,-4.86887703488037e-07,0.06003184092583069
extreme_0p9_0p1,binary_noisy_K6,1X,LLMs,0,250,-10.270162064157027,-9.991368391661165,-14.502463046361008,-12.943039744859892,-7.774951098999722,-2.653666286359071,0.0023009731919106883,1.0,0.988,0.99,0.9565113044493112,8.671050609041526,pass,1.2712360180172242,0.10571928152391052,1.5701814557900207e-05,1.5701814557900207e-05,-1.5701812806412363e-05,-0.7297726907007416
extreme_0p9_0p1,binary_noisy_K6,1X,LLMs,1,250,10.280488521475625,10.223423356538895,3.71673317770508,8.058505818568818,13.54973846715987,14.49013844776379,0.9740804828495898,0.988,0.98,0.99,0.9565113044493112,8.671050609041526,pass,-1.4686188722098414,-0.11709842368507628,-3.5279891610784375e-05,-3.5279891610784375e-05,3.527687882609598e-05,0.7952830505359714
extreme_0p9_0p1,binary_noisy_K6,1X,LLMs,ALL,500,-1.3410487671946,0.11602748243886475,-14.351551599101162,-10.263003789851393,10.272841488946344,14.40339502658126,0.4881907280207502,0.994,0.984,0.99,0.9565113044493112,8.671050609041526,pass,0.2815573869180157,-0.008123644431648813,4.683568519681103e-07,4.683568519681103e-07,-4.5091709566236204e-07,0.2119212607441625
extreme_0p9_0p1,ordinal_binary_clamped,3X,Chicken,0,250,-10.274558889575104,-10.169961822142339,-14.469914358588207,-13.615168101662398,-8.001699914458868,-3.6446731031770354,0.0038803302874377632,0.992,0.98,0.99,0.9591577011967846,8.939557822875104,pass,1.45701923195272,0.1116620261893484,2.9510712357350144e-05,2.9510712357350144e-05,-2.9510531433629694e-05,-0.7080759901841418
extreme_0p9_0p1,ordinal_binary_clamped,3X,Chicken,1,250,10.59203860076471,10.245571947569555,3.130768970059282,7.869559118143528,13.635939059853655,14.456107445516682,0.9717087512531346,0.992,0.98,0.99,0.9591577011967846,8.939557822875104,pass,-0.999665630528181,-0.11592437413280621,-2.318440788506848e-05,-2.318440788506848e-05,2.318440471071881e-05,0.7827378456433962
extreme_0p9_0p1,ordinal_binary_clamped,3X,Chicken,ALL,500,-0.14365357669498735,0.03780506271360753,-14.356260294762755,-10.270171082244588,10.58673812365025,14.378361709129688,0.4877945407702861,0.992,0.98,0.99,0.9591577011967846,8.939557822875104,pass,0.328396116819178,-0.00632174450705314,4.6561937594447045e-07,4.6561937594447045e-07,-4.86887703488037e-07,0.06003184092583069
extreme_0p9_0p1,ordinal_binary_clamped,3X,LLMs,0,250,-10.293612375112303,-9.998166194546364,-14.50217642263262,-12.942278800124235,-7.774978719900602,-2.6533658883027447,0.002298839139171279,1.0,0.988,0.99,0.9565670975994379,8.670963769479375,pass,1.2712360180172242,0.10571928152391052,1.5701814557900207e-05,1.5701814557900207e-05,-1.5701812806412363e-05,-0.7297726907007416
extreme_0p9_0p1,ordinal_binary_clamped,3X,LLMs,1,250,10.280401681913474,10.227597340156954,3.716685937043269,8.060245415185278,13.549499159839556,14.502073700969248,0.9741879723409891,0.988,0.98,0.99,0.9565670975994379,8.670963769479375,pass,-1.4686188722098414,-0.11709842368507628,-3.5279891610784375e-05,-3.5279891610784375e-05,3.527687882609598e-05,0.7952830505359714
extreme_0p9_0p1,ordinal_binary_clamped,3X,LLMs,ALL,500,-1.3411553856782632,0.1147155728052943,-14.351561495156949,-10.289184969863612,10.27268357057244,14.403466903810402,0.4882434057400802,0.994,0.984,0.99,0.9565670975994379,8.670963769479375,pass,0.2815573869180157,-0.008123644431648813,4.683568519681103e-07,4.683568519681103e-07,-4.5091709566236204e-07,0.2119212607441625
extreme_0p9_0p1,ordinal_three_state_clamped,4X,Chicken,0,250,-10.965374812776105,-11.008350377566693,-15.21630374951366,-14.475166895206584,-8.802477590975357,-3.1098133570042483,0.004563816393293143,0.992,0.988,0.992,0.9697880703113015,9.630373746076105,pass,1.45701923195272,0.1116620261893484,2.9510712357350144e-05,2.9510712357350144e-05,-2.9510531433629694e-05,-0.7080759901841418
extreme_0p9_0p1,ordinal_three_state_clamped,4X,Chicken,1,250,11.49534599063486,11.358957860193655,4.622222878499247,9.835376810539245,14.578372628179082,15.245961031564544,0.9814255059481408,1.0,0.988,0.992,0.9697880703113015,9.630373746076105,pass,-0.999665630528181,-0.11592437413280621,-2.318440788506848e-05,-2.318440788506848e-05,2.318440471071881e-05,0.7827378456433962
extreme_0p9_0p1,ordinal_three_state_clamped,4X,Chicken,ALL,500,0.11259816388763966,0.17530374131348145,-15.130947315774321,-10.962641239247674,11.47217354586249,15.154570151141604,0.49299466117071694,0.996,0.988,0.992,0.9697880703113015,9.630373746076105,pass,0.328396116819178,-0.00632174450705314,4.6561937594447045e-07,4.6561937594447045e-07,-4.86887703488037e-07,0.06003184092583069
extreme_0p9_0p1,ordinal_three_state_clamped,4X,LLMs,0,250,-10.863038846843267,-10.935225770020832,-15.233255027207198,-14.516731432441333,-8.666324409134745,-4.313157999801582,0.002244679439353632,0.996,0.984,0.996,0.9698485812146699,9.528037780143267,pass,1.2712360180172242,0.10571928152391052,1.5701814557900207e-05,1.5701814557900207e-05,-1.5701812806412363e-05,-0.7297726907007416
extreme_0p9_0p1,ordinal_three_state_clamped,4X,LLMs,1,250,11.47187120945199,11.396181517156425,5.84379142636177,10.001636457242753,14.468800437331751,15.184440473391305,0.9845556324843928,0.992,0.992,0.996,0.9698485812146699,9.528037780143267,pass,-1.4686188722098414,-0.11709842368507628,-3.5279891610784375e-05,-3.5279891610784375e-05,3.527687882609598e-05,0.7952830505359714
extreme_0p9_0p1,ordinal_three_state_clamped,4X,LLMs,ALL,500,-0.3213905749535684,0.23047787356779748,-15.137131234874163,-10.862433826310365,11.458878034827109,15.134075915505713,0.4934001559618732,0.994,0.988,0.996,0.9698485812146699,9.528037780143267,pass,0.2815573869180157,-0.008123644431648813,4.683568519681103e-07,4.683568519681103e-07,-4.5091709566236204e-07,0.2119212607441625
production_oracle_median,top_observed,,Chicken,0,250,-4.395163375933338,-4.670351884330995,-8.292523359839866,-7.263002906370367,-3.371539917693421,0.1858147396021277,0.037759847629374996,0.936,0.856,0.9259999999999999,0.7847935496060432,3.0601623092333377,pass,1.9312516893472016,0.8143435859523311,1.715217506692568e-05,1.715217506692568e-05,-1.7152171224665835e-05,-0.39296311370372905
production_oracle_median,top_observed,,Chicken,1,250,5.457920973726438,4.339579258170875,0.1858147396021277,2.5900814432894084,6.889069991302298,6.889069991302298,0.8234226791350463,0.952,0.884,0.9259999999999999,0.7847935496060432,3.0601623092333377,pass,-2.043712559986335,-0.8435237818841284,-9.738600958542065e-06,-9.738600958542065e-06,9.738601121966894e-06,0.4366794356859032
production_oracle_median,top_observed,,Chicken,ALL,500,0.1858147396021277,-0.16538631308005972,-8.292523359839866,-4.395163375933338,5.457920973726438,6.889069991302298,0.4305912633822107,0.944,0.87,0.9259999999999999,0.7847935496060432,3.0601623092333377,pass,-0.07770699857102004,-0.0838796899030867,6.713196825103296e-07,6.713196825103296e-07,-6.713197180374664e-07,0.041174766338812674
production_oracle_median,top_observed,,LLMs,0,250,-4.328594487607675,-4.164076329206597,-8.292523359839866,-6.450871623772381,-2.274854731443233,0.6279898359480923,0.0481379454641335,0.896,0.82,0.938,0.8272163126603364,2.9935934209076747,pass,1.8018918161891162,0.9395177540790529,1.4824447756467407e-05,1.4824447756467407e-05,-1.4824140670555153e-05,-0.5601120308005818
production_oracle_median,top_observed,,LLMs,1,250,4.838903238748561,4.413348884642049,0.8730092145304831,2.5900814432894084,6.889069991302298,6.889069991302298,0.8373949022214185,0.972,0.904,0.938,0.8272163126603364,2.9935934209076747,pass,-1.8381882213259106,-0.9171422616300988,-1.0031054026526931e-05,-1.0031054026526931e-05,1.0031053129466727e-05,0.7164812020321563
production_oracle_median,top_observed,,LLMs,ALL,500,0.871401362905666,0.12463627771772673,-7.882020641348243,-4.328594487607675,4.838903238748561,6.889069991302298,0.442766423842776,0.934,0.862,0.938,0.8272163126603364,2.9935934209076747,pass,-0.2047846167643903,-0.14431734175610567,2.436387315896127e-06,2.436387315896127e-06,-2.4377668310648914e-06,0.20206498405713091
production_oracle_median,subfeature_observed,,Chicken,0,250,-2.853163170893172,-2.7104007455882817,-5.996801900455089,-4.297001318254433,-1.1981396080653688,0.9432116913742566,0.06960276661981794,0.876,0.728,0.8160000000000001,0.549453821753508,1.0274935970391244,pass,1.9312516893472016,0.8143435859523311,1.715217506692568e-05,1.715217506692568e-05,-1.7152171224665835e-05,-0.39296311370372905
production_oracle_median,subfeature_observed,,Chicken,1,250,2.6369315094732246,2.3517690472061603,-1.612832006004032,1.0750111272575118,4.065234407518717,5.2594009540079485,0.6276869229648928,0.868,0.664,0.8160000000000001,0.549453821753508,1.0274935970391244,pass,-2.043712559986335,-0.8435237818841284,-9.738600958542065e-06,-9.738600958542065e-06,9.738601121966894e-06,0.4366794356859032
production_oracle_median,subfeature_observed,,Chicken,ALL,500,-0.08311196939987886,-0.1793158491910606,-5.528898896817,-2.9027694976496843,2.6958705864313037,4.66348534343249,0.34864484479235536,0.872,0.696,0.8160000000000001,0.549453821753508,1.0274935970391244,pass,-0.07770699857102004,-0.0838796899030867,6.713196825103296e-07,6.713196825103296e-07,-6.713197180374664e-07,0.041174766338812674
production_oracle_median,subfeature_observed,,LLMs,0,250,-2.3855017275637143,-2.3764317200617597,-5.98221197036153,-3.9882858957168894,-0.8362147278744679,1.5026972516855954,0.087023581909617,0.852,0.676,0.8140000000000001,0.5909625077763749,1.0191536605955405,pass,1.8018918161891162,0.9395177540790529,1.4824447756467407e-05,1.4824447756467407e-05,-1.4824140670555153e-05,-0.5601120308005818
production_oracle_median,subfeature_observed,,LLMs,1,250,2.6285915730296407,2.4524823998792007,-0.6779529217790045,1.0801277832042513,3.772935292826739,5.544030978773981,0.6349868461097915,0.9,0.672,0.8140000000000001,0.5909625077763749,1.0191536605955405,pass,-1.8381882213259106,-0.9171422616300988,-1.0031054026526931e-05,-1.0031054026526931e-05,1.0031053129466727e-05,0.7164812020321563
production_oracle_median,subfeature_observed,,LLMs,ALL,500,0.3049956451592811,0.038025339908720306,-5.337597555724527,-2.4000230608187816,2.7100798272402375,4.759696605914424,0.3610052140097042,0.876,0.674,0.8140000000000001,0.5909625077763749,1.0191536605955405,pass,-0.2047846167643903,-0.14431734175610567,2.436387315896127e-06,2.436387315896127e-06,-2.4377668310648914e-06,0.20206498405713091
production_oracle_median,leaf_latent_observed,,Chicken,0,250,-2.0330024707395964,-1.9035565957418157,-4.592221018075377,-2.981845600895549,-0.8263405121005682,0.7517224808648164,0.07596848238410263,0.876,0.664,0.758,0.4459328893240203,0.14687506881213364,pass,1.9312516893472016,0.8143435859523311,1.715217506692568e-05,1.715217506692568e-05,-1.7152171224665835e-05,-0.39296311370372905
production_oracle_median,leaf_latent_observed,,Chicken,1,250,1.756312981246234,1.6405809426816353,-1.1705733465904915,0.34963616185855884,2.8041312271941843,4.585362836828024,0.5116089684972487,0.804,0.548,0.758,0.4459328893240203,0.14687506881213364,pass,-2.043712559986335,-0.8435237818841284,-9.738600958542065e-06,-9.738600958542065e-06,9.738601121966894e-06,0.4366794356859032
production_oracle_median,leaf_latent_observed,,Chicken,ALL,500,-0.1961627482795123,-0.13148782653009006,-3.8925360389156505,-2.048616752073152,1.821917452357125,3.941446602112422,0.29378872544067564,0.84,0.606,0.758,0.4459328893240203,0.14687506881213364,pass,-0.07770699857102004,-0.0838796899030867,6.713196825103296e-07,6.713196825103296e-07,-6.713197180374664e-07,0.041174766338812674
production_oracle_median,leaf_latent_observed,,LLMs,0,250,-1.4483627722381716,-1.5363536844645476,-4.544241688455993,-2.7099571472572066,-0.286786870871369,1.5344265500944687,0.11131923166995011,0.772,0.528,0.72,0.4184908106845358,-0.06879777350488392,fail,1.8018918161891162,0.9395177540790529,1.4824447756467407e-05,1.4824447756467407e-05,-1.4824140670555153e-05,-0.5601120308005818
production_oracle_median,leaf_latent_observed,,LLMs,1,250,1.5406401389292164,1.5392468892321922,-0.9825611163872306,0.42672856610712184,2.6904763210244935,4.159371741992963,0.49226783364500537,0.812,0.48,0.72,0.4184908106845358,-0.06879777350488392,fail,-1.8381882213259106,-0.9171422616300988,-1.0031054026526931e-05,-1.0031054026526931e-05,1.0031053129466727e-05,0.7164812020321563
production_oracle_median,leaf_latent_observed,,LLMs,ALL,500,0.15052160842635054,0.0014466023838223805,-4.150356090352358,-1.6142036845326455,1.6858870609401748,3.6119701093472596,0.3017935326574777,0.792,0.504,0.72,0.4184908106845358,-0.06879777350488392,fail,-0.2047846167643903,-0.14431734175610567,2.436387315896127e-06,2.436387315896127e-06,-2.4377668310648914e-06,0.20206498405713091
production_oracle_median,binary_perfect_leaf,,Chicken,0,250,-2.0330024707395964,-1.9035565957418157,-4.592221018075377,-2.981845600895549,-0.8263405121005682,0.7517224808648164,0.07596848238410263,0.876,0.664,0.758,0.4459328893240203,0.14687506881213364,pass,1.9312516893472016,0.8143435859523311,1.715217506692568e-05,1.715217506692568e-05,-1.7152171224665835e-05,-0.39296311370372905
production_oracle_median,binary_perfect_leaf,,Chicken,1,250,1.756312981246234,1.6405809426816353,-1.1705733465904915,0.34963616185855884,2.8041312271941843,4.585362836828024,0.5116089684972487,0.804,0.548,0.758,0.4459328893240203,0.14687506881213364,pass,-2.043712559986335,-0.8435237818841284,-9.738600958542065e-06,-9.738600958542065e-06,9.738601121966894e-06,0.4366794356859032
production_oracle_median,binary_perfect_leaf,,Chicken,ALL,500,-0.1961627482795123,-0.13148782653009006,-3.8925360389156505,-2.048616752073152,1.821917452357125,3.941446602112422,0.29378872544067564,0.84,0.606,0.758,0.4459328893240203,0.14687506881213364,pass,-0.07770699857102004,-0.0838796899030867,6.713196825103296e-07,6.713196825103296e-07,-6.713197180374664e-07,0.041174766338812674
production_oracle_median,binary_perfect_leaf,,LLMs,0,250,-1.4483627722381716,-1.5363536844645476,-4.544241688455993,-2.7099571472572066,-0.286786870871369,1.5344265500944687,0.11131923166995011,0.772,0.528,0.72,0.4184908106845358,-0.06879777350488392,fail,1.8018918161891162,0.9395177540790529,1.4824447756467407e-05,1.4824447756467407e-05,-1.4824140670555153e-05,-0.5601120308005818
production_oracle_median,binary_perfect_leaf,,LLMs,1,250,1.5406401389292164,1.5392468892321922,-0.9825611163872306,0.42672856610712184,2.6904763210244935,4.159371741992963,0.49226783364500537,0.812,0.48,0.72,0.4184908106845358,-0.06879777350488392,fail,-1.8381882213259106,-0.9171422616300988,-1.0031054026526931e-05,-1.0031054026526931e-05,1.0031053129466727e-05,0.7164812020321563
production_oracle_median,binary_perfect_leaf,,LLMs,ALL,500,0.15052160842635054,0.0014466023838223805,-4.150356090352358,-1.6142036845326455,1.6858870609401748,3.6119701093472596,0.3017935326574777,0.792,0.504,0.72,0.4184908106845358,-0.06879777350488392,fail,-0.2047846167643903,-0.14431734175610567,2.436387315896127e-06,2.436387315896127e-06,-2.4377668310648914e-06,0.20206498405713091
production_oracle_median,binary_noisy_K6,1O,Chicken,0,250,-2.0381685643230725,-1.897191837198042,-4.591861120705996,-2.96484526866767,-0.8274407305353897,0.7517622742579725,0.0759659410598949,0.876,0.664,0.758,0.4455665927385857,0.14619811802168958,pass,1.9312516893472016,0.8143435859523311,1.715217506692568e-05,1.715217506692568e-05,-1.7152171224665835e-05,-0.39296311370372905
production_oracle_median,binary_noisy_K6,1O,Chicken,1,250,1.7556360304557899,1.63647186181417,-1.1661420464706573,0.3381881350091476,2.79914250807785,4.576620260323366,0.5106857289790034,0.804,0.548,0.758,0.4455665927385857,0.14619811802168958,pass,-2.043712559986335,-0.8435237818841284,-9.738600958542065e-06,-9.738600958542065e-06,9.738601121966894e-06,0.4366794356859032
production_oracle_median,binary_noisy_K6,1O,Chicken,ALL,500,-0.19598331335611618,-0.1303599876919361,-3.8925328098785963,-2.052208808262236,1.807638458206867,3.9413417759138087,0.2933258350194491,0.84,0.606,0.758,0.4455665927385857,0.14619811802168958,pass,-0.07770699857102004,-0.0838796899030867,6.713196825103296e-07,6.713196825103296e-07,-6.713197180374664e-07,0.041174766338812674
production_oracle_median,binary_noisy_K6,1O,LLMs,0,250,-1.4075634249823636,-1.5365406408624276,-4.5442225784128105,-2.7196545175008,-0.23650365546412289,1.538365732237894,0.11135536224621387,0.772,0.524,0.722,0.41921323666880767,-0.06239024437293206,fail,1.8018918161891162,0.9395177540790529,1.4824447756467407e-05,1.4824447756467407e-05,-1.4824140670555153e-05,-0.5601120308005818
production_oracle_median,binary_noisy_K6,1O,LLMs,1,250,1.5470476680611682,1.5427433327650375,-0.9672699718163293,0.4265066335679606,2.6904839566188095,4.122264562500547,0.49281507881182324,0.812,0.484,0.722,0.41921323666880767,-0.06239024437293206,fail,-1.8381882213259106,-0.9171422616300988,-1.0031054026526931e-05,-1.0031054026526931e-05,1.0031053129466727e-05,0.7164812020321563
production_oracle_median,binary_noisy_K6,1O,LLMs,ALL,500,0.14326748831802405,0.003101345951304893,-4.152892494679741,-1.6025210900112157,1.712810884973539,3.623562117455233,0.30208522052901854,0.792,0.504,0.722,0.41921323666880767,-0.06239024437293206,fail,-0.2047846167643903,-0.14431734175610567,2.436387315896127e-06,2.436387315896127e-06,-2.4377668310648914e-06,0.20206498405713091
production_oracle_median,ordinal_binary_clamped,3O,Chicken,0,250,-2.0330024707379266,-1.9035565949409743,-4.592221018225765,-2.9818456008928678,-0.8263405121018792,0.7517224808565174,0.0759684826189006,0.876,0.664,0.758,0.44593290336741687,0.14687506887090085,pass,1.9312516893472016,0.8143435859523311,1.715217506692568e-05,1.715217506692568e-05,-1.7152171224665835e-05,-0.39296311370372905
production_oracle_median,ordinal_binary_clamped,3O,Chicken,1,250,1.7563129813050011,1.6405809920418346,-1.1705733465866301,0.3496361618584345,2.8041312271942047,4.585362836828119,0.5116089805531407,0.804,0.548,0.758,0.44593290336741687,0.14687506887090085,pass,-2.043712559986335,-0.8435237818841284,-9.738600958542065e-06,-9.738600958542065e-06,9.738601121966894e-06,0.4366794356859032
production_oracle_median,ordinal_binary_clamped,3O,Chicken,ALL,500,-0.19616274827914992,-0.1314878014495697,-3.892536030713927,-2.048616752070913,1.8219174523571553,3.941446602110981,0.2937887315860206,0.84,0.606,0.758,0.44593290336741687,0.14687506887090085,pass,-0.07770699857102004,-0.0838796899030867,6.713196825103296e-07,6.713196825103296e-07,-6.713197180374664e-07,0.041174766338812674
production_oracle_median,ordinal_binary_clamped,3O,LLMs,0,250,-1.4483627721713788,-1.5363536649116503,-4.544241688455455,-2.709957147156416,-0.2867868708718788,1.534426550081994,0.11131923127083146,0.772,0.528,0.72,0.4184908120343283,-0.06879777350347349,fail,1.8018918161891162,0.9395177540790529,1.4824447756467407e-05,1.4824447756467407e-05,-1.4824140670555153e-05,-0.5601120308005818
production_oracle_median,ordinal_binary_clamped,3O,LLMs,1,250,1.5406401389306268,1.5392468921203168,-0.9825611163865033,0.4267285661099578,2.690476321022473,4.159371742163811,0.49226783423414533,0.812,0.48,0.72,0.4184908120343283,-0.06879777350347349,fail,-1.8381882213259106,-0.9171422616300988,-1.0031054026526931e-05,-1.0031054026526931e-05,1.0031053129466727e-05,0.7164812020321563
production_oracle_median,ordinal_binary_clamped,3O,LLMs,ALL,500,0.15052160891667654,0.0014466136043333792,-4.150356090347281,-1.6142036845101018,1.6858870608378709,3.611970109347686,0.3017935327524883,0.792,0.504,0.72,0.4184908120343283,-0.06879777350347349,fail,-0.2047846167643903,-0.14431734175610567,2.436387315896127e-06,2.436387315896127e-06,-2.4377668310648914e-06,0.20206498405713091
production_oracle_median,ordinal_three_state_clamped,4O,Chicken,0,250,-2.2922730003283505,-2.2802208687441716,-5.558377318885664,-3.743608123749894,-1.0197590513955106,1.4922215765084925,0.0816966348432495,0.876,0.688,0.796,0.5112338739266508,0.7075350265348732,pass,1.9312516893472016,0.8143435859523311,1.715217506692568e-05,1.715217506692568e-05,-1.7152171224665835e-05,-0.39296311370372905
production_oracle_median,ordinal_three_state_clamped,4O,Chicken,1,250,2.3169729389689735,2.1221921824671197,-1.2104259137298612,0.8966956102272974,3.6646688936182557,4.9610804158130515,0.5939192306961869,0.86,0.632,0.796,0.5112338739266508,0.7075350265348732,pass,-2.043712559986335,-0.8435237818841284,-9.738600958542065e-06,-9.738600958542065e-06,9.738601121966894e-06,0.4366794356859032
production_oracle_median,ordinal_three_state_clamped,4O,Chicken,ALL,500,-0.04321483913693669,-0.07901434313852587,-5.093220294151177,-2.403554824826813,2.390585650288884,4.424874988318841,0.3378079327697182,0.868,0.66,0.796,0.5112338739266508,0.7075350265348732,pass,-0.07770699857102004,-0.0838796899030867,6.713196825103296e-07,6.713196825103296e-07,-6.713197180374664e-07,0.041174766338812674
production_oracle_median,ordinal_three_state_clamped,4O,LLMs,0,250,-2.108242125559457,-2.036164237487378,-5.2652844431195716,-3.581974291515351,-0.4127287945677125,1.749810640390642,0.10014703128655751,0.804,0.632,0.798,0.5534646239881752,0.7732410588594567,pass,1.8018918161891162,0.9395177540790529,1.4824447756467407e-05,1.4824447756467407e-05,-1.4824140670555153e-05,-0.5601120308005818
production_oracle_median,ordinal_three_state_clamped,4O,LLMs,1,250,2.423174610719883,2.2736005570037494,-1.3180748540299474,1.1570993503792266,3.7072882772941824,4.927020644213789,0.6190205859262057,0.888,0.652,0.798,0.5534646239881752,0.7732410588594567,pass,-1.8381882213259106,-0.9171422616300988,-1.0031054026526931e-05,-1.0031054026526931e-05,1.0031053129466727e-05,0.7164812020321563
production_oracle_median,ordinal_three_state_clamped,4O,LLMs,ALL,500,0.33310261460684387,0.11871815975818584,-4.63362070700291,-2.1804399855225967,2.5335173765506767,4.373648200913955,0.35958380860638156,0.846,0.642,0.798,0.5534646239881752,0.7732410588594567,pass,-0.2047846167643903,-0.14431734175610567,2.436387315896127e-06,2.436387315896127e-06,-2.4377668310648914e-06,0.20206498405713091
production_prior_mean,top_observed,,Chicken,0,250,-3.50963956385739,-2.8551875736777803,-5.626821433520074,-3.9528449999484003,-1.0624732420522371,1.4224334077357634,0.06680804822214276,0.916,0.708,0.88,0.6210460552659074,1.1992898564215537,pass,1.9208443557446244,0.49990250433569305,1.974958749428879e-06,1.974958749428879e-06,-1.9749486099840396e-06,0.05999586342556995
production_prior_mean,top_observed,,Chicken,1,250,2.808727768855654,2.8008811904687874,-1.062473242052237,1.7478558081703919,4.600487238083709,5.293634418643655,0.6924899149684943,0.88,0.796,0.88,0.6210460552659074,1.1992898564215537,pass,-2.015609667336803,-0.5300106331992129,-1.9415532364064347e-06,-1.9415532364064347e-06,1.9415891543417274e-06,0.12331852337072746
production_prior_mean,top_observed,,Chicken,ALL,500,-0.3693260614922915,-0.027153191604496328,-5.626821433520074,-3.5473798918402357,2.808727768855654,4.925909638518338,0.37964898159531857,0.898,0.752,0.88,0.6210460552659074,1.1992898564215537,pass,-0.12820801008983884,0.04839473280362483,8.588578737089847e-08,8.588578737089847e-08,-8.587719690922313e-08,0.07949998413137394
production_prior_mean,top_observed,,LLMs,0,250,-2.854232711280292,-2.570402778747383,-5.626821433520074,-3.915104671965553,-1.062473242052237,1.4224334077357634,0.07077559876400284,0.904,0.668,0.856,0.6893741940920738,1.1992898564215537,pass,1.727585133398906,0.33385691006561946,3.560127666446533e-06,3.560127666446533e-06,-3.5601198078438756e-06,-0.10707337314195797
production_prior_mean,top_observed,,LLMs,1,250,2.808727768855654,2.9166320724488455,-0.3693260614922908,1.7195505621832574,4.600487238083709,5.293634418643655,0.6975930461653604,0.94,0.76,0.856,0.6893741940920738,1.1992898564215537,pass,-1.8909685036352544,-0.6547809535983015,-3.079938311500996e-06,-3.079938311500996e-06,3.0782949167473816e-06,0.2744113784212061
production_prior_mean,top_observed,,LLMs,ALL,500,0.03613904661587286,0.17311464685073116,-5.626821433520074,-2.854232711280292,2.808727768855654,4.925909638518338,0.38418432246468165,0.922,0.714,0.856,0.6893741940920738,1.1992898564215537,pass,-0.04334520830755567,-0.1702697764635941,1.5046100898530312e-07,1.5046100898530312e-07,-1.5033818101528595e-07,0.0645709011730844
production_prior_mean,subfeature_observed,,Chicken,0,250,-1.0590781541268792,-1.0776013913676719,-3.3641475442251814,-2.0952175183852413,-0.10441886931825078,1.240282765959824,0.11663540127040997,0.772,0.424,0.64,0.2948294995923365,-0.5895476296477182,fail,1.9208443557446244,0.49990250433569305,1.974958749428879e-06,1.974958749428879e-06,-1.9749486099840396e-06,0.05999586342556995
production_prior_mean,subfeature_observed,,Chicken,1,250,1.019890282786382,0.9452544274931152,-1.5981294608884264,0.16978162003009187,1.7661935964955884,3.0034414805046565,0.3825974124093671,0.788,0.304,0.64,0.2948294995923365,-0.5895476296477182,fail,-2.015609667336803,-0.5300106331992129,-1.9415532364064347e-06,-1.9415532364064347e-06,1.9415891543417274e-06,0.12331852337072746
production_prior_mean,subfeature_observed,,Chicken,ALL,500,0.03953734859723146,-0.06617348193727839,-3.083747419730676,-1.2622594819412851,1.1870576832496162,2.681647244676049,0.24961640683988856,0.78,0.364,0.64,0.2948294995923365,-0.5895476296477182,fail,-0.12820801008983884,0.04839473280362483,8.588578737089847e-08,8.588578737089847e-08,-8.587719690922313e-08,0.07949998413137394
production_prior_mean,subfeature_observed,,LLMs,0,250,-0.8652783381422218,-0.9155203373149262,-3.232452082462066,-1.8443442612092693,-0.054186591113528526,1.3489424122996705,0.12819607295139676,0.756,0.384,0.6639999999999999,0.33140926228426043,-0.4697227285577783,fail,1.727585133398906,0.33385691006561946,3.560127666446533e-06,3.560127666446533e-06,-3.5601198078438756e-06,-0.10707337314195797
production_prior_mean,subfeature_observed,,LLMs,1,250,1.2131344384725544,1.0782013489470013,-1.1291093434571584,0.3153752360125941,1.8909620343104225,2.981423604868172,0.4067023439029973,0.792,0.356,0.6639999999999999,0.33140926228426043,-0.4697227285577783,fail,-1.8909685036352544,-0.6547809535983015,-3.079938311500996e-06,-3.079938311500996e-06,3.0782949167473816e-06,0.2744113784212061
production_prior_mean,subfeature_observed,,LLMs,ALL,500,0.12892288831586934,0.08134050581603754,-2.667175660069461,-1.0809059184962213,1.363973816369,2.6999916081335877,0.26744920842719705,0.774,0.37,0.6639999999999999,0.33140926228426043,-0.4697227285577783,fail,-0.04334520830755567,-0.1702697764635941,1.5046100898530312e-07,1.5046100898530312e-07,-1.5033818101528595e-07,0.0645709011730844
production_prior_mean,leaf_latent_observed,,Chicken,0,250,-0.6686798541958439,-0.5967844285139375,-1.9156974088607062,-1.3532132731968698,0.023371214147078767,1.0402959239903231,0.12978378915259886,0.744,0.26,0.544,0.18030177911039696,-1.0417875871534956,fail,1.9208443557446244,0.49990250433569305,1.974958749428879e-06,1.974958749428879e-06,-1.9749486099840396e-06,0.05999586342556995
production_prior_mean,leaf_latent_observed,,Chicken,1,250,0.5676503252806047,0.5068208214031423,-1.1645725661188724,-0.08732015554217742,1.2028018496055264,1.8451919705076427,0.28367582204101943,0.724,0.104,0.544,0.18030177911039696,-1.0417875871534956,fail,-2.015609667336803,-0.5300106331992129,-1.9415532364064347e-06,-1.9415532364064347e-06,1.9415891543417274e-06,0.12331852337072746
production_prior_mean,leaf_latent_observed,,Chicken,ALL,500,-0.04218642195240463,-0.044981803555397645,-1.7380603154634513,-0.8809752968476339,0.8444631802030687,1.6710803761481856,0.20672980559680917,0.734,0.182,0.544,0.18030177911039696,-1.0417875871534956,fail,-0.12820801008983884,0.04839473280362483,8.588578737089847e-08,8.588578737089847e-08,-8.587719690922313e-08,0.07949998413137394
production_prior_mean,leaf_latent_observed,,LLMs,0,250,-0.5858600167996144,-0.47727003065852464,-1.9360137746824466,-1.1620394390285673,0.17880948178236267,1.0907419658620998,0.1419773362122333,0.7,0.184,0.56,0.17190238717451378,-1.0485597587435496,fail,1.727585133398906,0.33385691006561946,3.560127666446533e-06,3.560127666446533e-06,-3.5601198078438756e-06,-0.10707337314195797
production_prior_mean,leaf_latent_observed,,LLMs,1,250,0.5608781536905507,0.4967007314204826,-1.1606688048267568,-0.05106890180521528,1.201717290277065,1.8318500135774585,0.27978809298178475,0.72,0.136,0.56,0.17190238717451378,-1.0485597587435496,fail,-1.8909685036352544,-0.6547809535983015,-3.079938311500996e-06,-3.079938311500996e-06,3.0782949167473816e-06,0.2744113784212061
production_prior_mean,leaf_latent_observed,,LLMs,ALL,500,0.03458989171604543,0.00971535038097894,-1.7142478413754867,-0.737959701410281,0.7211843422212247,1.7260173250186284,0.21088271459700902,0.71,0.16,0.56,0.17190238717451378,-1.0485597587435496,fail,-0.04334520830755567,-0.1702697764635941,1.5046100898530312e-07,1.5046100898530312e-07,-1.5033818101528595e-07,0.0645709011730844
production_prior_mean,binary_perfect_leaf,,Chicken,0,250,-0.6686798541958439,-0.5967844285139375,-1.9156974088607062,-1.3532132731968698,0.023371214147078767,1.0402959239903231,0.12978378915259886,0.744,0.26,0.544,0.18030177911039696,-1.0417875871534956,fail,1.9208443557446244,0.49990250433569305,1.974958749428879e-06,1.974958749428879e-06,-1.9749486099840396e-06,0.05999586342556995
production_prior_mean,binary_perfect_leaf,,Chicken,1,250,0.5676503252806047,0.5068208214031423,-1.1645725661188724,-0.08732015554217742,1.2028018496055264,1.8451919705076427,0.28367582204101943,0.724,0.104,0.544,0.18030177911039696,-1.0417875871534956,fail,-2.015609667336803,-0.5300106331992129,-1.9415532364064347e-06,-1.9415532364064347e-06,1.9415891543417274e-06,0.12331852337072746
production_prior_mean,binary_perfect_leaf,,Chicken,ALL,500,-0.04218642195240463,-0.044981803555397645,-1.7380603154634513,-0.8809752968476339,0.8444631802030687,1.6710803761481856,0.20672980559680917,0.734,0.182,0.544,0.18030177911039696,-1.0417875871534956,fail,-0.12820801008983884,0.04839473280362483,8.588578737089847e-08,8.588578737089847e-08,-8.587719690922313e-08,0.07949998413137394
production_prior_mean,binary_perfect_leaf,,LLMs,0,250,-0.5858600167996144,-0.47727003065852464,-1.9360137746824466,-1.1620394390285673,0.17880948178236267,1.0907419658620998,0.1419773362122333,0.7,0.184,0.56,0.17190238717451378,-1.0485597587435496,fail,1.727585133398906,0.33385691006561946,3.560127666446533e-06,3.560127666446533e-06,-3.5601198078438756e-06,-0.10707337314195797
production_prior_mean,binary_perfect_leaf,,LLMs,1,250,0.5608781536905507,0.4967007314204826,-1.1606688048267568,-0.05106890180521528,1.201717290277065,1.8318500135774585,0.27978809298178475,0.72,0.136,0.56,0.17190238717451378,-1.0485597587435496,fail,-1.8909685036352544,-0.6547809535983015,-3.079938311500996e-06,-3.079938311500996e-06,3.0782949167473816e-06,0.2744113784212061
production_prior_mean,binary_perfect_leaf,,LLMs,ALL,500,0.03458989171604543,0.00971535038097894,-1.7142478413754867,-0.737959701410281,0.7211843422212247,1.7260173250186284,0.21088271459700902,0.71,0.16,0.56,0.17190238717451378,-1.0485597587435496,fail,-0.04334520830755567,-0.1702697764635941,1.5046100898530312e-07,1.5046100898530312e-07,-1.5033818101528595e-07,0.0645709011730844
production_prior_mean,binary_noisy_K6,1P,Chicken,0,250,-0.6686288812672316,-0.5967535087202253,-1.9133741017857624,-1.3639817102462253,0.02354311594798375,1.0400440297332632,0.12974974696051556,0.744,0.264,0.546,0.1801451981685333,-1.0473802367619214,fail,1.9208443557446244,0.49990250433569305,1.974958749428879e-06,1.974958749428879e-06,-1.9749486099840396e-06,0.05999586342556995
production_prior_mean,binary_noisy_K6,1P,Chicken,1,250,0.5620576756721789,0.506367544155604,-1.164701393558085,-0.08693206430539746,1.202755089649406,1.8453772185757262,0.2835903369829402,0.724,0.108,0.546,0.1801451981685333,-1.0473802367619214,fail,-2.015609667336803,-0.5300106331992129,-1.9415532364064347e-06,-1.9415532364064347e-06,1.9415891543417274e-06,0.12331852337072746
production_prior_mean,binary_noisy_K6,1P,Chicken,ALL,500,-0.04308018086040022,-0.04519298228231064,-1.7363559735120817,-0.8763805479280506,0.8491100040831299,1.6711068289046702,0.20667004197172792,0.734,0.186,0.546,0.1801451981685333,-1.0473802367619214,fail,-0.12820801008983884,0.04839473280362483,8.588578737089847e-08,8.588578737089847e-08,-8.587719690922313e-08,0.07949998413137394
production_prior_mean,binary_noisy_K6,1P,LLMs,0,250,-0.5911242190467689,-0.4785327884553241,-1.935556310871108,-1.1615264741582152,0.17888739674582865,1.0911533366185824,0.14196114350110403,0.7,0.184,0.558,0.17189627995947507,-1.0517233401883928,fail,1.727585133398906,0.33385691006561946,3.560127666446533e-06,3.560127666446533e-06,-3.5601198078438756e-06,-0.10707337314195797
production_prior_mean,binary_noisy_K6,1P,LLMs,1,250,0.5577145722457075,0.4970350319146742,-1.172946785819402,-0.039309547002968515,1.2038923627213904,1.8401940760746291,0.2799331468069195,0.716,0.132,0.558,0.17189627995947507,-1.0517233401883928,fail,-1.8909685036352544,-0.6547809535983015,-3.079938311500996e-06,-3.079938311500996e-06,3.0782949167473816e-06,0.2744113784212061
production_prior_mean,binary_noisy_K6,1P,LLMs,ALL,500,0.0306795803620048,0.009251121729675035,-1.7131042205915257,-0.7381858380621864,0.7270969507321219,1.7258884478089294,0.21094714515401175,0.708,0.158,0.558,0.17189627995947507,-1.0517233401883928,fail,-0.04334520830755567,-0.1702697764635941,1.5046100898530312e-07,1.5046100898530312e-07,-1.5033818101528595e-07,0.0645709011730844
production_prior_mean,ordinal_binary_clamped,3,Chicken,0,250,-0.6686798542110068,-0.596784423266361,-1.9156974089510015,-1.3532132731878619,0.0233712145979581,1.0402959239747072,0.12978379002779034,0.744,0.26,0.544,0.1803017839380439,-1.0417875871534192,fail,1.9208443557446244,0.49990250433569305,1.974958749428879e-06,1.974958749428879e-06,-1.9749486099840396e-06,0.05999586342556995
production_prior_mean,ordinal_binary_clamped,3,Chicken,1,250,0.567650325280681,0.5068208341490535,-1.1645725660770039,-0.08732015611096244,1.2028018496185524,1.8451919697792982,0.2836758236876468,0.724,0.104,0.544,0.1803017839380439,-1.0417875871534192,fail,-2.015609667336803,-0.5300106331992129,-1.9415532364064347e-06,-1.9415532364064347e-06,1.9415891543417274e-06,0.12331852337072746
production_prior_mean,ordinal_binary_clamped,3,Chicken,ALL,500,-0.04218642985640031,-0.04498179455865375,-1.7380603154545866,-0.8809752968471685,0.844463180203121,1.6710803761484323,0.20672980685771858,0.734,0.182,0.544,0.1803017839380439,-1.0417875871534192,fail,-0.12820801008983884,0.04839473280362483,8.588578737089847e-08,8.588578737089847e-08,-8.587719690922313e-08,0.07949998413137394
production_prior_mean,ordinal_binary_clamped,3,LLMs,0,250,-0.5858600167896668,-0.4772700281912214,-1.9360137739167669,-1.1620394387531263,0.17880948170284228,1.090741964701922,0.141977336272042,0.7,0.184,0.56,0.17190238768661817,-1.0485597587601319,fail,1.727585133398906,0.33385691006561946,3.560127666446533e-06,3.560127666446533e-06,-3.5601198078438756e-06,-0.10707337314195797
production_prior_mean,ordinal_binary_clamped,3,LLMs,1,250,0.5608781536739684,0.4967007319702043,-1.160668801337701,-0.051068899179739446,1.2017172902835966,1.8318500135684699,0.2797880929633292,0.72,0.136,0.56,0.17190238768661817,-1.0485597587601319,fail,-1.8909685036352544,-0.6547809535983015,-3.079938311500996e-06,-3.079938311500996e-06,3.0782949167473816e-06,0.2744113784212061
production_prior_mean,ordinal_binary_clamped,3,LLMs,ALL,500,0.03458989171659255,0.009715351889491445,-1.714247841369739,-0.737959701410233,0.7211843422185638,1.7260173250284845,0.2108827146176856,0.71,0.16,0.56,0.17190238768661817,-1.0485597587601319,fail,-0.04334520830755567,-0.1702697764635941,1.5046100898530312e-07,1.5046100898530312e-07,-1.5033818101528595e-07,0.0645709011730844
production_prior_mean,ordinal_three_state_clamped,4,Chicken,0,250,-0.681821462825468,-0.6083618603712132,-2.679114700768116,-1.444726992027853,0.22538720044845206,1.5224381103617781,0.1485987412831533,0.696,0.276,0.598,0.20817348874342784,-0.7855601495735811,fail,1.9208443557446244,0.49990250433569305,1.974958749428879e-06,1.974958749428879e-06,-1.9749486099840396e-06,0.05999586342556995
production_prior_mean,ordinal_three_state_clamped,4,Chicken,1,250,0.8238777628605192,0.6931928119717988,-1.3314448778212067,-0.13620461426143038,1.5400842888414985,2.483121535885898,0.32992467534876807,0.716,0.232,0.598,0.20817348874342784,-0.7855601495735811,fail,-2.015609667336803,-0.5300106331992129,-1.9415532364064347e-06,-1.9415532364064347e-06,1.9415891543417274e-06,0.12331852337072746
production_prior_mean,ordinal_three_state_clamped,4,Chicken,ALL,500,0.04899615234239718,0.042415475800292826,-2.246090556344589,-0.8400815753647208,1.0633780196453841,2.2054284984021817,0.23926170831596066,0.706,0.254,0.598,0.20817348874342784,-0.7855601495735811,fail,-0.12820801008983884,0.04839473280362483,8.588578737089847e-08,8.588578737089847e-08,-8.587719690922313e-08,0.07949998413137394
production_prior_mean,ordinal_three_state_clamped,4,LLMs,0,250,-0.636921224770532,-0.5935904559991466,-2.559738586494839,-1.426695556432307,0.2012020578994509,1.3648579755496009,0.14640774724068614,0.684,0.272,0.61,0.22442547386356454,-0.9072401360702826,fail,1.727585133398906,0.33385691006561946,3.560127666446533e-06,3.560127666446533e-06,-3.5601198078438756e-06,-0.10707337314195797
production_prior_mean,ordinal_three_state_clamped,4,LLMs,1,250,0.7021977763638176,0.7433788870943127,-1.2808577616376653,-0.045281605772416356,1.6298921044237602,2.5193360447624844,0.3385004275639539,0.74,0.26,0.61,0.22442547386356454,-0.9072401360702826,fail,-1.8909685036352544,-0.6547809535983015,-3.079938311500996e-06,-3.079938311500996e-06,3.0782949167473816e-06,0.2744113784212061
production_prior_mean,ordinal_three_state_clamped,4,LLMs,ALL,500,0.10919062625058018,0.07489421554758303,-2.142366734011958,-0.8990075863448226,1.0492500890645857,2.3406114764037733,0.24245408740232,0.712,0.266,0.61,0.22442547386356454,-0.9072401360702826,fail,-0.04334520830755567,-0.1702697764635941,1.5046100898530312e-07,1.5046100898530312e-07,-1.5033818101528595e-07,0.0645709011730844
