run_id,run_family,seed,system,root_z_true,top_feature_key,top_feature_name,support_label,demandingness_label,beta_pres_true,beta_abs_true,beta_gap_true,realised_z_top,n_descendant_subfeatures,n_descendant_indicators,n_observed_ratings_desc,c_top_latent,c_oracle_subtree,delta_oracle_minus_top_latent,abs_delta,subtree_message_loglik_z0,subtree_message_loglik_z1
full_exact_recovery:exact_latent_tree__full_exact_tree__three_state_binomial_2__exact_tree_production_medians__current_gwt_rater_design__seed20260506,full_exact_recovery,20260506,Chicken,0,Global Workspace Theory > Representationality,Representationality,weak support,strongly undemanding,0.9250177775636342,0.869159106691928,0.05585867087170626,1,4,8,12,0.06228675610397856,0.05611326954129936,-0.006173486562679201,0.006173486562679201,-26.791671575350193,-24.381278742027007
full_exact_recovery:exact_latent_tree__full_exact_tree__three_state_binomial_2__exact_tree_production_medians__current_gwt_rater_design__seed20260506,full_exact_recovery,20260506,Chicken,0,Global Workspace Theory > Hierarchical Organization,Hierarchical Organization,weak support,moderately undemanding,0.8265237784608894,0.6298719913082595,0.19665178715262988,1,0,1,1,0.2717120765744194,0.18853726930926185,-0.08317480726515758,0.08317480726515758,-2.1228789727001147,-0.70089093027109
full_exact_recovery:exact_latent_tree__full_exact_tree__three_state_binomial_2__exact_tree_production_medians__current_gwt_rater_design__seed20260506,full_exact_recovery,20260506,Chicken,0,Global Workspace Theory > Coherence,Coherence,strong support,strongly demanding,0.7979354739553153,0.10156225083779936,0.6963732231175159,0,4,13,25,-1.4920703384968867,-1.0669283581631888,0.425141980333698,0.425141980333698,-37.35895944402674,-39.322860710351264
full_exact_recovery:exact_latent_tree__full_exact_tree__three_state_binomial_2__exact_tree_production_medians__current_gwt_rater_design__seed20260506,full_exact_recovery,20260506,Chicken,0,Global Workspace Theory > Modularity,Modularity,weak support,moderately demanding,0.560047800174686,0.2332959659893026,0.32675183418538345,0,0,6,12,-0.5554347678250722,-0.5553810276555211,5.37401695510642e-05,5.37401695510642e-05,-23.379999632827108,-33.17949498953271
full_exact_recovery:exact_latent_tree__full_exact_tree__three_state_binomial_2__exact_tree_production_medians__current_gwt_rater_design__seed20260506,full_exact_recovery,20260506,Chicken,0,Global Workspace Theory > Complexity,Complexity,strong support,weakly undemanding,0.9205216626808573,0.3969036303573165,0.5236180323235409,0,5,8,15,-2.0265925029666034,-1.0849740278250444,0.941618475141559,0.941618475141559,-25.08691015115624,-26.93156746470848
full_exact_recovery:exact_latent_tree__full_exact_tree__three_state_binomial_2__exact_tree_production_medians__current_gwt_rater_design__seed20260506,full_exact_recovery,20260506,Chicken,0,Global Workspace Theory > Selective Attention,Selective Attention,strong support,moderately demanding,0.8652906577456392,0.21587260411564355,0.6494180536299956,0,5,12,24,-1.761452064880101,-1.6851407101940055,0.07631135468609562,0.07631135468609562,-37.5765988519005,-41.92371787774724
full_exact_recovery:exact_latent_tree__full_exact_tree__three_state_binomial_2__exact_tree_production_medians__current_gwt_rater_design__seed20260506,full_exact_recovery,20260506,Chicken,0,Global Workspace Theory > Integration,Integration,strong support,moderately demanding,0.8652906577456392,0.21587260411564355,0.6494180536299956,1,0,2,4,1.3883770330795024,1.136997209950109,-0.25137982312939355,0.25137982312939355,-7.273769571539814,-4.788103073793182
full_exact_recovery:exact_latent_tree__full_exact_tree__three_state_binomial_2__exact_tree_production_medians__current_gwt_rater_design__seed20260506,full_exact_recovery,20260506,LLMs,1,Global Workspace Theory > Representationality,Representationality,weak support,strongly undemanding,0.9250177775636342,0.869159106691928,0.05585867087170626,1,4,8,30,0.06228675610397856,0.046379462066354904,-0.015907294037623657,0.015907294037623657,-48.99296564826242,-47.54559639713578
full_exact_recovery:exact_latent_tree__full_exact_tree__three_state_binomial_2__exact_tree_production_medians__current_gwt_rater_design__seed20260506,full_exact_recovery,20260506,LLMs,1,Global Workspace Theory > Hierarchical Organization,Hierarchical Organization,weak support,moderately undemanding,0.8265237784608894,0.6298719913082595,0.19665178715262988,1,0,1,3,0.2717120765744194,-0.1845650692676184,-0.4562771458420378,0.4562771458420378,-5.281285071779179,-6.094507986385449
full_exact_recovery:exact_latent_tree__full_exact_tree__three_state_binomial_2__exact_tree_production_medians__current_gwt_rater_design__seed20260506,full_exact_recovery,20260506,LLMs,1,Global Workspace Theory > Coherence,Coherence,strong support,strongly demanding,0.7979354739553153,0.10156225083779936,0.6963732231175159,1,4,13,48,2.061355815243681,-0.133989542001828,-2.195345357245509,2.195345357245509,-77.09669591991032,-77.29130388935432
full_exact_recovery:exact_latent_tree__full_exact_tree__three_state_binomial_2__exact_tree_production_medians__current_gwt_rater_design__seed20260506,full_exact_recovery,20260506,LLMs,1,Global Workspace Theory > Modularity,Modularity,weak support,moderately demanding,0.560047800174686,0.2332959659893026,0.32675183418538345,0,0,6,24,-0.5554347678250722,-0.555431201209629,3.5666154432068e-06,3.5666154432068e-06,-36.24187834208314,-48.75395821389618
full_exact_recovery:exact_latent_tree__full_exact_tree__three_state_binomial_2__exact_tree_production_medians__current_gwt_rater_design__seed20260506,full_exact_recovery,20260506,LLMs,1,Global Workspace Theory > Complexity,Complexity,strong support,weakly undemanding,0.9205216626808573,0.3969036303573165,0.5236180323235409,1,5,8,30,0.8412470274704257,0.25472122417808407,-0.5865258032923416,0.5865258032923416,-58.27038978058272,-57.733775732275035
full_exact_recovery:exact_latent_tree__full_exact_tree__three_state_binomial_2__exact_tree_production_medians__current_gwt_rater_design__seed20260506,full_exact_recovery,20260506,LLMs,1,Global Workspace Theory > Selective Attention,Selective Attention,strong support,moderately demanding,0.8652906577456392,0.21587260411564355,0.6494180536299956,1,5,12,43,1.3883770330795024,-0.6005747146803628,-1.9889517477598653,1.9889517477598653,-69.75671059332117,-70.68435402274224
full_exact_recovery:exact_latent_tree__full_exact_tree__three_state_binomial_2__exact_tree_production_medians__current_gwt_rater_design__seed20260506,full_exact_recovery,20260506,LLMs,1,Global Workspace Theory > Integration,Integration,strong support,moderately demanding,0.8652906577456392,0.21587260411564355,0.6494180536299956,1,0,2,8,1.3883770330795024,1.3477994980138934,-0.040577535065609016,0.040577535065609016,-13.361642468786615,-8.933237219054257
full_exact_recovery:exact_latent_tree__full_exact_tree__three_state_binomial_2__exact_tree_production_medians__current_gwt_rater_design__seed20260506__smoke,full_exact_recovery,20260506,Chicken,0,Global Workspace Theory > Representationality,Representationality,weak support,strongly undemanding,0.9250177775636342,0.869159106691928,0.05585867087170626,1,4,8,12,0.06228675610397856,0.05611326954129936,-0.006173486562679201,0.006173486562679201,-26.791671575350193,-24.381278742027007
full_exact_recovery:exact_latent_tree__full_exact_tree__three_state_binomial_2__exact_tree_production_medians__current_gwt_rater_design__seed20260506__smoke,full_exact_recovery,20260506,Chicken,0,Global Workspace Theory > Hierarchical Organization,Hierarchical Organization,weak support,moderately undemanding,0.8265237784608894,0.6298719913082595,0.19665178715262988,1,0,1,1,0.2717120765744194,0.18853726930926185,-0.08317480726515758,0.08317480726515758,-2.1228789727001147,-0.70089093027109
full_exact_recovery:exact_latent_tree__full_exact_tree__three_state_binomial_2__exact_tree_production_medians__current_gwt_rater_design__seed20260506__smoke,full_exact_recovery,20260506,Chicken,0,Global Workspace Theory > Coherence,Coherence,strong support,strongly demanding,0.7979354739553153,0.10156225083779936,0.6963732231175159,0,4,13,25,-1.4920703384968867,-1.0669283581631888,0.425141980333698,0.425141980333698,-37.35895944402674,-39.322860710351264
full_exact_recovery:exact_latent_tree__full_exact_tree__three_state_binomial_2__exact_tree_production_medians__current_gwt_rater_design__seed20260506__smoke,full_exact_recovery,20260506,Chicken,0,Global Workspace Theory > Modularity,Modularity,weak support,moderately demanding,0.560047800174686,0.2332959659893026,0.32675183418538345,0,0,6,12,-0.5554347678250722,-0.5553810276555211,5.37401695510642e-05,5.37401695510642e-05,-23.379999632827108,-33.17949498953271
full_exact_recovery:exact_latent_tree__full_exact_tree__three_state_binomial_2__exact_tree_production_medians__current_gwt_rater_design__seed20260506__smoke,full_exact_recovery,20260506,Chicken,0,Global Workspace Theory > Complexity,Complexity,strong support,weakly undemanding,0.9205216626808573,0.3969036303573165,0.5236180323235409,0,5,8,15,-2.0265925029666034,-1.0849740278250444,0.941618475141559,0.941618475141559,-25.08691015115624,-26.93156746470848
full_exact_recovery:exact_latent_tree__full_exact_tree__three_state_binomial_2__exact_tree_production_medians__current_gwt_rater_design__seed20260506__smoke,full_exact_recovery,20260506,Chicken,0,Global Workspace Theory > Selective Attention,Selective Attention,strong support,moderately demanding,0.8652906577456392,0.21587260411564355,0.6494180536299956,0,5,12,24,-1.761452064880101,-1.6851407101940055,0.07631135468609562,0.07631135468609562,-37.5765988519005,-41.92371787774724
full_exact_recovery:exact_latent_tree__full_exact_tree__three_state_binomial_2__exact_tree_production_medians__current_gwt_rater_design__seed20260506__smoke,full_exact_recovery,20260506,Chicken,0,Global Workspace Theory > Integration,Integration,strong support,moderately demanding,0.8652906577456392,0.21587260411564355,0.6494180536299956,1,0,2,4,1.3883770330795024,1.136997209950109,-0.25137982312939355,0.25137982312939355,-7.273769571539814,-4.788103073793182
full_exact_recovery:exact_latent_tree__full_exact_tree__three_state_binomial_2__exact_tree_production_medians__current_gwt_rater_design__seed20260506__smoke,full_exact_recovery,20260506,LLMs,1,Global Workspace Theory > Representationality,Representationality,weak support,strongly undemanding,0.9250177775636342,0.869159106691928,0.05585867087170626,1,4,8,30,0.06228675610397856,0.046379462066354904,-0.015907294037623657,0.015907294037623657,-48.99296564826242,-47.54559639713578
full_exact_recovery:exact_latent_tree__full_exact_tree__three_state_binomial_2__exact_tree_production_medians__current_gwt_rater_design__seed20260506__smoke,full_exact_recovery,20260506,LLMs,1,Global Workspace Theory > Hierarchical Organization,Hierarchical Organization,weak support,moderately undemanding,0.8265237784608894,0.6298719913082595,0.19665178715262988,1,0,1,3,0.2717120765744194,-0.1845650692676184,-0.4562771458420378,0.4562771458420378,-5.281285071779179,-6.094507986385449
full_exact_recovery:exact_latent_tree__full_exact_tree__three_state_binomial_2__exact_tree_production_medians__current_gwt_rater_design__seed20260506__smoke,full_exact_recovery,20260506,LLMs,1,Global Workspace Theory > Coherence,Coherence,strong support,strongly demanding,0.7979354739553153,0.10156225083779936,0.6963732231175159,1,4,13,48,2.061355815243681,-0.133989542001828,-2.195345357245509,2.195345357245509,-77.09669591991032,-77.29130388935432
full_exact_recovery:exact_latent_tree__full_exact_tree__three_state_binomial_2__exact_tree_production_medians__current_gwt_rater_design__seed20260506__smoke,full_exact_recovery,20260506,LLMs,1,Global Workspace Theory > Modularity,Modularity,weak support,moderately demanding,0.560047800174686,0.2332959659893026,0.32675183418538345,0,0,6,24,-0.5554347678250722,-0.555431201209629,3.5666154432068e-06,3.5666154432068e-06,-36.24187834208314,-48.75395821389618
full_exact_recovery:exact_latent_tree__full_exact_tree__three_state_binomial_2__exact_tree_production_medians__current_gwt_rater_design__seed20260506__smoke,full_exact_recovery,20260506,LLMs,1,Global Workspace Theory > Complexity,Complexity,strong support,weakly undemanding,0.9205216626808573,0.3969036303573165,0.5236180323235409,1,5,8,30,0.8412470274704257,0.25472122417808407,-0.5865258032923416,0.5865258032923416,-58.27038978058272,-57.733775732275035
full_exact_recovery:exact_latent_tree__full_exact_tree__three_state_binomial_2__exact_tree_production_medians__current_gwt_rater_design__seed20260506__smoke,full_exact_recovery,20260506,LLMs,1,Global Workspace Theory > Selective Attention,Selective Attention,strong support,moderately demanding,0.8652906577456392,0.21587260411564355,0.6494180536299956,1,5,12,43,1.3883770330795024,-0.6005747146803628,-1.9889517477598653,1.9889517477598653,-69.75671059332117,-70.68435402274224
full_exact_recovery:exact_latent_tree__full_exact_tree__three_state_binomial_2__exact_tree_production_medians__current_gwt_rater_design__seed20260506__smoke,full_exact_recovery,20260506,LLMs,1,Global Workspace Theory > Integration,Integration,strong support,moderately demanding,0.8652906577456392,0.21587260411564355,0.6494180536299956,1,0,2,8,1.3883770330795024,1.3477994980138934,-0.040577535065609016,0.040577535065609016,-13.361642468786615,-8.933237219054257
full_exact_recovery:exact_latent_tree__full_exact_tree__three_state_binomial_2__exact_tree_production_medians__current_gwt_rater_design__seed20260507,full_exact_recovery,20260507,Chicken,0,Global Workspace Theory > Representationality,Representationality,weak support,strongly undemanding,0.9250177775636342,0.869159106691928,0.05585867087170626,1,4,8,12,0.06228675610397856,0.06138097954775823,-0.0009057765562203307,0.0009057765562203307,-18.968157122528655,-14.629709073731766
full_exact_recovery:exact_latent_tree__full_exact_tree__three_state_binomial_2__exact_tree_production_medians__current_gwt_rater_design__seed20260507,full_exact_recovery,20260507,Chicken,0,Global Workspace Theory > Hierarchical Organization,Hierarchical Organization,weak support,moderately undemanding,0.8265237784608894,0.6298719913082595,0.19665178715262988,1,0,1,1,0.2717120765744194,-0.26183549833107955,-0.533547574905499,0.533547574905499,-2.456410898625767,-3.5774705643261404
full_exact_recovery:exact_latent_tree__full_exact_tree__three_state_binomial_2__exact_tree_production_medians__current_gwt_rater_design__seed20260507,full_exact_recovery,20260507,Chicken,0,Global Workspace Theory > Coherence,Coherence,strong support,strongly demanding,0.7979354739553153,0.10156225083779936,0.6963732231175159,0,4,13,25,-1.4920703384968867,-0.8469578513731051,0.6451124871237817,0.6451124871237817,-49.536357122736504,-50.9521784665409
full_exact_recovery:exact_latent_tree__full_exact_tree__three_state_binomial_2__exact_tree_production_medians__current_gwt_rater_design__seed20260507,full_exact_recovery,20260507,Chicken,0,Global Workspace Theory > Modularity,Modularity,weak support,moderately demanding,0.560047800174686,0.2332959659893026,0.32675183418538345,1,0,6,12,0.8757142497507894,0.8750736155682652,-0.0006406341825241357,0.0006406341825241357,-23.68221630374495,-15.41305977665836
full_exact_recovery:exact_latent_tree__full_exact_tree__three_state_binomial_2__exact_tree_production_medians__current_gwt_rater_design__seed20260507,full_exact_recovery,20260507,Chicken,0,Global Workspace Theory > Complexity,Complexity,strong support,weakly undemanding,0.9205216626808573,0.3969036303573165,0.5236180323235409,0,5,8,15,-2.0265925029666034,-1.4838776740337387,0.5427148289328647,0.5427148289328647,-26.498097874156848,-29.172238088750987
full_exact_recovery:exact_latent_tree__full_exact_tree__three_state_binomial_2__exact_tree_production_medians__current_gwt_rater_design__seed20260507,full_exact_recovery,20260507,Chicken,0,Global Workspace Theory > Selective Attention,Selective Attention,strong support,moderately demanding,0.8652906577456392,0.21587260411564355,0.6494180536299956,0,5,12,24,-1.761452064880101,-1.3198050183204941,0.44164704655960696,0.44164704655960696,-38.37657932978192,-40.755848637340655
full_exact_recovery:exact_latent_tree__full_exact_tree__three_state_binomial_2__exact_tree_production_medians__current_gwt_rater_design__seed20260507,full_exact_recovery,20260507,Chicken,0,Global Workspace Theory > Integration,Integration,strong support,moderately demanding,0.8652906577456392,0.21587260411564355,0.6494180536299956,0,0,2,4,-1.761452064880101,-1.681120223543271,0.08033184133683013,0.08033184133683013,-5.082198727770801,-9.375741531301752
full_exact_recovery:exact_latent_tree__full_exact_tree__three_state_binomial_2__exact_tree_production_medians__current_gwt_rater_design__seed20260507,full_exact_recovery,20260507,LLMs,0,Global Workspace Theory > Representationality,Representationality,weak support,strongly undemanding,0.9250177775636342,0.869159106691928,0.05585867087170626,1,4,8,30,0.06228675610397856,-0.05426855521384866,-0.11655531131782722,0.11655531131782722,-24.66249396355738,-25.39446058531465
full_exact_recovery:exact_latent_tree__full_exact_tree__three_state_binomial_2__exact_tree_production_medians__current_gwt_rater_design__seed20260507,full_exact_recovery,20260507,LLMs,0,Global Workspace Theory > Hierarchical Organization,Hierarchical Organization,weak support,moderately undemanding,0.8265237784608894,0.6298719913082595,0.19665178715262988,1,0,1,3,0.2717120765744194,0.1967288395765423,-0.07498323699787712,0.07498323699787712,-5.14211746048873,-3.607137527188761
full_exact_recovery:exact_latent_tree__full_exact_tree__three_state_binomial_2__exact_tree_production_medians__current_gwt_rater_design__seed20260507,full_exact_recovery,20260507,LLMs,0,Global Workspace Theory > Coherence,Coherence,strong support,strongly demanding,0.7979354739553153,0.10156225083779936,0.6963732231175159,0,4,13,48,-1.4920703384968867,1.4191158878654448,2.9111862263623314,2.9111862263623314,-77.45301368922023,-75.22442989455904
full_exact_recovery:exact_latent_tree__full_exact_tree__three_state_binomial_2__exact_tree_production_medians__current_gwt_rater_design__seed20260507,full_exact_recovery,20260507,LLMs,0,Global Workspace Theory > Modularity,Modularity,weak support,moderately demanding,0.560047800174686,0.2332959659893026,0.32675183418538345,1,0,6,24,0.8757142497507894,0.8738945991063147,-0.0018196506444746463,0.0018196506444746463,-43.88955778421225,-36.665303049588736
full_exact_recovery:exact_latent_tree__full_exact_tree__three_state_binomial_2__exact_tree_production_medians__current_gwt_rater_design__seed20260507,full_exact_recovery,20260507,LLMs,0,Global Workspace Theory > Complexity,Complexity,strong support,weakly undemanding,0.9205216626808573,0.3969036303573165,0.5236180323235409,1,5,8,30,0.8412470274704257,0.7810424512176937,-0.06020457625273201,0.06020457625273201,-43.99202639076652,-40.85613449696903
full_exact_recovery:exact_latent_tree__full_exact_tree__three_state_binomial_2__exact_tree_production_medians__current_gwt_rater_design__seed20260507,full_exact_recovery,20260507,LLMs,0,Global Workspace Theory > Selective Attention,Selective Attention,strong support,moderately demanding,0.8652906577456392,0.21587260411564355,0.6494180536299956,0,5,12,43,-1.761452064880101,-1.4307349981557707,0.33071706672433043,0.33071706672433043,-59.820144260826474,-62.55515812835591
full_exact_recovery:exact_latent_tree__full_exact_tree__three_state_binomial_2__exact_tree_production_medians__current_gwt_rater_design__seed20260507,full_exact_recovery,20260507,LLMs,0,Global Workspace Theory > Integration,Integration,strong support,moderately demanding,0.8652906577456392,0.21587260411564355,0.6494180536299956,0,0,2,8,-1.761452064880101,-0.9538769204806403,0.8075751443994608,0.8075751443994608,-15.673508437765374,-17.215309724599365
full_exact_recovery:exact_latent_tree__full_exact_tree__three_state_binomial_2__exact_tree_production_medians__current_gwt_rater_design__seed20260508,full_exact_recovery,20260508,Chicken,0,Global Workspace Theory > Representationality,Representationality,weak support,strongly undemanding,0.9250177775636342,0.869159106691928,0.05585867087170626,0,4,8,12,-0.5567309788738974,0.05894108971092393,0.6156720685848214,0.6156720685848214,-19.435172169557454,-16.407432855989974
full_exact_recovery:exact_latent_tree__full_exact_tree__three_state_binomial_2__exact_tree_production_medians__current_gwt_rater_design__seed20260508,full_exact_recovery,20260508,Chicken,0,Global Workspace Theory > Hierarchical Organization,Hierarchical Organization,weak support,moderately undemanding,0.8265237784608894,0.6298719913082595,0.19665178715262988,1,0,1,1,0.2717120765744194,0.18853726930926185,-0.08317480726515758,0.08317480726515758,-2.1228789727001147,-0.70089093027109
full_exact_recovery:exact_latent_tree__full_exact_tree__three_state_binomial_2__exact_tree_production_medians__current_gwt_rater_design__seed20260508,full_exact_recovery,20260508,Chicken,0,Global Workspace Theory > Coherence,Coherence,strong support,strongly demanding,0.7979354739553153,0.10156225083779936,0.6963732231175159,1,4,13,25,2.061355815243681,0.3993553270785881,-1.6620004881650927,1.6620004881650927,-41.979235978184875,-41.41435461702763
full_exact_recovery:exact_latent_tree__full_exact_tree__three_state_binomial_2__exact_tree_production_medians__current_gwt_rater_design__seed20260508,full_exact_recovery,20260508,Chicken,0,Global Workspace Theory > Modularity,Modularity,weak support,moderately demanding,0.560047800174686,0.2332959659893026,0.32675183418538345,0,0,6,12,-0.5554347678250722,-0.5551310982435105,0.0003036695815616941,0.0003036695815616941,-17.779522957811906,-25.847035370645198
full_exact_recovery:exact_latent_tree__full_exact_tree__three_state_binomial_2__exact_tree_production_medians__current_gwt_rater_design__seed20260508,full_exact_recovery,20260508,Chicken,0,Global Workspace Theory > Complexity,Complexity,strong support,weakly undemanding,0.9205216626808573,0.3969036303573165,0.5236180323235409,1,5,8,15,0.8412470274704257,0.6389058846779427,-0.20234114279248294,0.20234114279248294,-24.224832907280835,-22.383627847012804
full_exact_recovery:exact_latent_tree__full_exact_tree__three_state_binomial_2__exact_tree_production_medians__current_gwt_rater_design__seed20260508,full_exact_recovery,20260508,Chicken,0,Global Workspace Theory > Selective Attention,Selective Attention,strong support,moderately demanding,0.8652906577456392,0.21587260411564355,0.6494180536299956,0,5,12,24,-1.761452064880101,-1.2803357572485154,0.48111630763158564,0.48111630763158564,-39.51069735808767,-41.780242506213256
full_exact_recovery:exact_latent_tree__full_exact_tree__three_state_binomial_2__exact_tree_production_medians__current_gwt_rater_design__seed20260508,full_exact_recovery,20260508,Chicken,0,Global Workspace Theory > Integration,Integration,strong support,moderately demanding,0.8652906577456392,0.21587260411564355,0.6494180536299956,0,0,2,4,-1.761452064880101,-0.01849649449547286,1.7429555703846282,1.7429555703846282,-8.186933148323929,-8.215383020065135
full_exact_recovery:exact_latent_tree__full_exact_tree__three_state_binomial_2__exact_tree_production_medians__current_gwt_rater_design__seed20260508,full_exact_recovery,20260508,LLMs,0,Global Workspace Theory > Representationality,Representationality,weak support,strongly undemanding,0.9250177775636342,0.869159106691928,0.05585867087170626,1,4,8,30,0.06228675610397856,0.05594226845347805,-0.0063444876505005104,0.0063444876505005104,-40.787241408352095,-38.40445899744425
full_exact_recovery:exact_latent_tree__full_exact_tree__three_state_binomial_2__exact_tree_production_medians__current_gwt_rater_design__seed20260508,full_exact_recovery,20260508,LLMs,0,Global Workspace Theory > Hierarchical Organization,Hierarchical Organization,weak support,moderately undemanding,0.8265237784608894,0.6298719913082595,0.19665178715262988,1,0,1,3,0.2717120765744194,-0.13069380909379547,-0.4024058856682149,0.4024058856682149,-5.029563573493452,-5.62272852346713
full_exact_recovery:exact_latent_tree__full_exact_tree__three_state_binomial_2__exact_tree_production_medians__current_gwt_rater_design__seed20260508,full_exact_recovery,20260508,LLMs,0,Global Workspace Theory > Coherence,Coherence,strong support,strongly demanding,0.7979354739553153,0.10156225083779936,0.6963732231175159,0,4,13,48,-1.4920703384968867,-0.04247838794832859,1.4495919505485582,1.4495919505485582,-55.55788115439442,-55.61907803118947
full_exact_recovery:exact_latent_tree__full_exact_tree__three_state_binomial_2__exact_tree_production_medians__current_gwt_rater_design__seed20260508,full_exact_recovery,20260508,LLMs,0,Global Workspace Theory > Modularity,Modularity,weak support,moderately demanding,0.560047800174686,0.2332959659893026,0.32675183418538345,1,0,6,24,0.8757142497507894,0.8676624149272598,-0.008051834823529558,0.008051834823529558,-40.08596195034969,-34.354051741262836
full_exact_recovery:exact_latent_tree__full_exact_tree__three_state_binomial_2__exact_tree_production_medians__current_gwt_rater_design__seed20260508,full_exact_recovery,20260508,LLMs,0,Global Workspace Theory > Complexity,Complexity,strong support,weakly undemanding,0.9205216626808573,0.3969036303573165,0.5236180323235409,1,5,8,30,0.8412470274704257,0.5710759937006955,-0.2701710337697302,0.2701710337697302,-52.91468918473184,-51.40309447426047
full_exact_recovery:exact_latent_tree__full_exact_tree__three_state_binomial_2__exact_tree_production_medians__current_gwt_rater_design__seed20260508,full_exact_recovery,20260508,LLMs,0,Global Workspace Theory > Selective Attention,Selective Attention,strong support,moderately demanding,0.8652906577456392,0.21587260411564355,0.6494180536299956,0,5,12,43,-1.761452064880101,-0.4700396009607175,1.2914124639193836,1.2914124639193836,-67.30088319732965,-68.02133079999186
full_exact_recovery:exact_latent_tree__full_exact_tree__three_state_binomial_2__exact_tree_production_medians__current_gwt_rater_design__seed20260508,full_exact_recovery,20260508,LLMs,0,Global Workspace Theory > Integration,Integration,strong support,moderately demanding,0.8652906577456392,0.21587260411564355,0.6494180536299956,0,0,2,8,-1.761452064880101,-1.689146862834404,0.07230520204569713,0.07230520204569713,-11.432842931311779,-15.836109402757899
full_exact_recovery:exact_latent_tree__full_exact_tree__three_state_binomial_2__exact_tree_production_medians__current_gwt_rater_design__seed20260509,full_exact_recovery,20260509,Chicken,0,Global Workspace Theory > Representationality,Representationality,weak support,strongly undemanding,0.9250177775636342,0.869159106691928,0.05585867087170626,1,4,8,12,0.06228675610397856,0.04085818866322022,-0.021428567440758342,0.021428567440758342,-16.269083959916085,-15.129141913170368
full_exact_recovery:exact_latent_tree__full_exact_tree__three_state_binomial_2__exact_tree_production_medians__current_gwt_rater_design__seed20260509,full_exact_recovery,20260509,Chicken,0,Global Workspace Theory > Hierarchical Organization,Hierarchical Organization,weak support,moderately undemanding,0.8265237784608894,0.6298719913082595,0.19665178715262988,0,0,1,1,-0.7578083768950798,-0.005680536749581577,0.7521278401454983,0.7521278401454983,-2.015127449725286,-2.043826448172857
full_exact_recovery:exact_latent_tree__full_exact_tree__three_state_binomial_2__exact_tree_production_medians__current_gwt_rater_design__seed20260509,full_exact_recovery,20260509,Chicken,0,Global Workspace Theory > Coherence,Coherence,strong support,strongly demanding,0.7979354739553153,0.10156225083779936,0.6963732231175159,0,4,13,25,-1.4920703384968867,-0.8286353692726109,0.6634349692242758,0.6634349692242758,-41.419247786169365,-42.79584197627098
full_exact_recovery:exact_latent_tree__full_exact_tree__three_state_binomial_2__exact_tree_production_medians__current_gwt_rater_design__seed20260509,full_exact_recovery,20260509,Chicken,0,Global Workspace Theory > Modularity,Modularity,weak support,moderately demanding,0.560047800174686,0.2332959659893026,0.32675183418538345,0,0,6,12,-0.5554347678250722,-0.5542659397165437,0.0011688281085284746,0.0011688281085284746,-21.20460056141989,-27.923591614109906
full_exact_recovery:exact_latent_tree__full_exact_tree__three_state_binomial_2__exact_tree_production_medians__current_gwt_rater_design__seed20260509,full_exact_recovery,20260509,Chicken,0,Global Workspace Theory > Complexity,Complexity,strong support,weakly undemanding,0.9205216626808573,0.3969036303573165,0.5236180323235409,1,5,8,15,0.8412470274704257,0.4719435782774255,-0.3693034491930002,0.3693034491930002,-25.277770586060427,-24.13935996393907
full_exact_recovery:exact_latent_tree__full_exact_tree__three_state_binomial_2__exact_tree_production_medians__current_gwt_rater_design__seed20260509,full_exact_recovery,20260509,Chicken,0,Global Workspace Theory > Selective Attention,Selective Attention,strong support,moderately demanding,0.8652906577456392,0.21587260411564355,0.6494180536299956,1,5,12,24,1.3883770330795024,1.1470190256905894,-0.241358007388913,0.241358007388913,-38.33314128282341,-35.80099322283492
full_exact_recovery:exact_latent_tree__full_exact_tree__three_state_binomial_2__exact_tree_production_medians__current_gwt_rater_design__seed20260509,full_exact_recovery,20260509,Chicken,0,Global Workspace Theory > Integration,Integration,strong support,moderately demanding,0.8652906577456392,0.21587260411564355,0.6494180536299956,0,0,2,4,-1.761452064880101,-1.6727357646919936,0.0887163001881075,0.0887163001881075,-5.737341149656173,-9.926944925583228
full_exact_recovery:exact_latent_tree__full_exact_tree__three_state_binomial_2__exact_tree_production_medians__current_gwt_rater_design__seed20260509,full_exact_recovery,20260509,LLMs,0,Global Workspace Theory > Representationality,Representationality,weak support,strongly undemanding,0.9250177775636342,0.869159106691928,0.05585867087170626,1,4,8,30,0.06228675610397856,0.010646331215760085,-0.051640424888218475,0.051640424888218475,-35.6156809468589,-35.408747948618846
full_exact_recovery:exact_latent_tree__full_exact_tree__three_state_binomial_2__exact_tree_production_medians__current_gwt_rater_design__seed20260509,full_exact_recovery,20260509,LLMs,0,Global Workspace Theory > Hierarchical Organization,Hierarchical Organization,weak support,moderately undemanding,0.8265237784608894,0.6298719913082595,0.19665178715262988,1,0,1,3,0.2717120765744194,0.19954859613894627,-0.07216348043547316,0.07216348043547316,-4.207354814233586,-2.6308561379217292
full_exact_recovery:exact_latent_tree__full_exact_tree__three_state_binomial_2__exact_tree_production_medians__current_gwt_rater_design__seed20260509,full_exact_recovery,20260509,LLMs,0,Global Workspace Theory > Coherence,Coherence,strong support,strongly demanding,0.7979354739553153,0.10156225083779936,0.6963732231175159,0,4,13,48,-1.4920703384968867,-0.07259624590372482,1.419474092593162,1.419474092593162,-69.73305969871868,-69.83790744639826
full_exact_recovery:exact_latent_tree__full_exact_tree__three_state_binomial_2__exact_tree_production_medians__current_gwt_rater_design__seed20260509,full_exact_recovery,20260509,LLMs,0,Global Workspace Theory > Modularity,Modularity,weak support,moderately demanding,0.560047800174686,0.2332959659893026,0.32675183418538345,0,0,6,24,-0.5554347678250722,-0.5553902559084847,4.4511916587497424e-05,4.4511916587497424e-05,-34.25991443338897,-44.24782111964325
full_exact_recovery:exact_latent_tree__full_exact_tree__three_state_binomial_2__exact_tree_production_medians__current_gwt_rater_design__seed20260509,full_exact_recovery,20260509,LLMs,0,Global Workspace Theory > Complexity,Complexity,strong support,weakly undemanding,0.9205216626808573,0.3969036303573165,0.5236180323235409,0,5,8,30,-2.0265925029666034,-1.2249886572636228,0.8016038457029806,0.8016038457029806,-41.6802208733814,-43.78795170118451
full_exact_recovery:exact_latent_tree__full_exact_tree__three_state_binomial_2__exact_tree_production_medians__current_gwt_rater_design__seed20260509,full_exact_recovery,20260509,LLMs,0,Global Workspace Theory > Selective Attention,Selective Attention,strong support,moderately demanding,0.8652906577456392,0.21587260411564355,0.6494180536299956,0,5,12,43,-1.761452064880101,-1.6142711643266665,0.14718090055343458,0.14718090055343458,-64.73842173939929,-68.38903710641452
full_exact_recovery:exact_latent_tree__full_exact_tree__three_state_binomial_2__exact_tree_production_medians__current_gwt_rater_design__seed20260509,full_exact_recovery,20260509,LLMs,0,Global Workspace Theory > Integration,Integration,strong support,moderately demanding,0.8652906577456392,0.21587260411564355,0.6494180536299956,0,0,2,8,-1.761452064880101,-0.9735300758239909,0.7879219890561102,0.7879219890561102,-16.491860903761015,-18.07148584640013
sample_size_sweep:exact_latent_tree__full_exact_tree__three_state_binomial_2__exact_tree_production_medians__current_gwt_rater_design__seed20260506,sample_size_sweep,20260506,Chicken,0,Global Workspace Theory > Representationality,Representationality,weak support,strongly undemanding,0.9250177775636342,0.869159106691928,0.05585867087170626,1,4,8,12,0.06228675610397856,0.05611326954129936,-0.006173486562679201,0.006173486562679201,-26.791671575350193,-24.381278742027007
sample_size_sweep:exact_latent_tree__full_exact_tree__three_state_binomial_2__exact_tree_production_medians__current_gwt_rater_design__seed20260506,sample_size_sweep,20260506,Chicken,0,Global Workspace Theory > Hierarchical Organization,Hierarchical Organization,weak support,moderately undemanding,0.8265237784608894,0.6298719913082595,0.19665178715262988,1,0,1,1,0.2717120765744194,0.18853726930926185,-0.08317480726515758,0.08317480726515758,-2.1228789727001147,-0.70089093027109
sample_size_sweep:exact_latent_tree__full_exact_tree__three_state_binomial_2__exact_tree_production_medians__current_gwt_rater_design__seed20260506,sample_size_sweep,20260506,Chicken,0,Global Workspace Theory > Coherence,Coherence,strong support,strongly demanding,0.7979354739553153,0.10156225083779936,0.6963732231175159,0,4,13,25,-1.4920703384968867,-1.0669283581631888,0.425141980333698,0.425141980333698,-37.35895944402674,-39.322860710351264
sample_size_sweep:exact_latent_tree__full_exact_tree__three_state_binomial_2__exact_tree_production_medians__current_gwt_rater_design__seed20260506,sample_size_sweep,20260506,Chicken,0,Global Workspace Theory > Modularity,Modularity,weak support,moderately demanding,0.560047800174686,0.2332959659893026,0.32675183418538345,0,0,6,12,-0.5554347678250722,-0.5553810276555211,5.37401695510642e-05,5.37401695510642e-05,-23.379999632827108,-33.17949498953271
sample_size_sweep:exact_latent_tree__full_exact_tree__three_state_binomial_2__exact_tree_production_medians__current_gwt_rater_design__seed20260506,sample_size_sweep,20260506,Chicken,0,Global Workspace Theory > Complexity,Complexity,strong support,weakly undemanding,0.9205216626808573,0.3969036303573165,0.5236180323235409,0,5,8,15,-2.0265925029666034,-1.0849740278250444,0.941618475141559,0.941618475141559,-25.08691015115624,-26.93156746470848
sample_size_sweep:exact_latent_tree__full_exact_tree__three_state_binomial_2__exact_tree_production_medians__current_gwt_rater_design__seed20260506,sample_size_sweep,20260506,Chicken,0,Global Workspace Theory > Selective Attention,Selective Attention,strong support,moderately demanding,0.8652906577456392,0.21587260411564355,0.6494180536299956,0,5,12,24,-1.761452064880101,-1.6851407101940055,0.07631135468609562,0.07631135468609562,-37.5765988519005,-41.92371787774724
sample_size_sweep:exact_latent_tree__full_exact_tree__three_state_binomial_2__exact_tree_production_medians__current_gwt_rater_design__seed20260506,sample_size_sweep,20260506,Chicken,0,Global Workspace Theory > Integration,Integration,strong support,moderately demanding,0.8652906577456392,0.21587260411564355,0.6494180536299956,1,0,2,4,1.3883770330795024,1.136997209950109,-0.25137982312939355,0.25137982312939355,-7.273769571539814,-4.788103073793182
sample_size_sweep:exact_latent_tree__full_exact_tree__three_state_binomial_2__exact_tree_production_medians__current_gwt_rater_design__seed20260506,sample_size_sweep,20260506,LLMs,1,Global Workspace Theory > Representationality,Representationality,weak support,strongly undemanding,0.9250177775636342,0.869159106691928,0.05585867087170626,1,4,8,30,0.06228675610397856,0.046379462066354904,-0.015907294037623657,0.015907294037623657,-48.99296564826242,-47.54559639713578
sample_size_sweep:exact_latent_tree__full_exact_tree__three_state_binomial_2__exact_tree_production_medians__current_gwt_rater_design__seed20260506,sample_size_sweep,20260506,LLMs,1,Global Workspace Theory > Hierarchical Organization,Hierarchical Organization,weak support,moderately undemanding,0.8265237784608894,0.6298719913082595,0.19665178715262988,1,0,1,3,0.2717120765744194,-0.1845650692676184,-0.4562771458420378,0.4562771458420378,-5.281285071779179,-6.094507986385449
sample_size_sweep:exact_latent_tree__full_exact_tree__three_state_binomial_2__exact_tree_production_medians__current_gwt_rater_design__seed20260506,sample_size_sweep,20260506,LLMs,1,Global Workspace Theory > Coherence,Coherence,strong support,strongly demanding,0.7979354739553153,0.10156225083779936,0.6963732231175159,1,4,13,48,2.061355815243681,-0.133989542001828,-2.195345357245509,2.195345357245509,-77.09669591991032,-77.29130388935432
sample_size_sweep:exact_latent_tree__full_exact_tree__three_state_binomial_2__exact_tree_production_medians__current_gwt_rater_design__seed20260506,sample_size_sweep,20260506,LLMs,1,Global Workspace Theory > Modularity,Modularity,weak support,moderately demanding,0.560047800174686,0.2332959659893026,0.32675183418538345,0,0,6,24,-0.5554347678250722,-0.555431201209629,3.5666154432068e-06,3.5666154432068e-06,-36.24187834208314,-48.75395821389618
sample_size_sweep:exact_latent_tree__full_exact_tree__three_state_binomial_2__exact_tree_production_medians__current_gwt_rater_design__seed20260506,sample_size_sweep,20260506,LLMs,1,Global Workspace Theory > Complexity,Complexity,strong support,weakly undemanding,0.9205216626808573,0.3969036303573165,0.5236180323235409,1,5,8,30,0.8412470274704257,0.25472122417808407,-0.5865258032923416,0.5865258032923416,-58.27038978058272,-57.733775732275035
sample_size_sweep:exact_latent_tree__full_exact_tree__three_state_binomial_2__exact_tree_production_medians__current_gwt_rater_design__seed20260506,sample_size_sweep,20260506,LLMs,1,Global Workspace Theory > Selective Attention,Selective Attention,strong support,moderately demanding,0.8652906577456392,0.21587260411564355,0.6494180536299956,1,5,12,43,1.3883770330795024,-0.6005747146803628,-1.9889517477598653,1.9889517477598653,-69.75671059332117,-70.68435402274224
sample_size_sweep:exact_latent_tree__full_exact_tree__three_state_binomial_2__exact_tree_production_medians__current_gwt_rater_design__seed20260506,sample_size_sweep,20260506,LLMs,1,Global Workspace Theory > Integration,Integration,strong support,moderately demanding,0.8652906577456392,0.21587260411564355,0.6494180536299956,1,0,2,8,1.3883770330795024,1.3477994980138934,-0.040577535065609016,0.040577535065609016,-13.361642468786615,-8.933237219054257
sample_size_sweep:exact_latent_tree__full_exact_tree__three_state_binomial_2__exact_tree_production_medians__current_gwt_rater_design__seed20260506__multK10,sample_size_sweep,20260506,Chicken,0,Global Workspace Theory > Representationality,Representationality,weak support,strongly undemanding,0.9250177775636342,0.869159106691928,0.05585867087170626,1,4,8,120,0.06228675610397856,0.06060047200475083,-0.0016862840992277334,0.0016862840992277334,-172.16836900749016,-168.45271447447288
sample_size_sweep:exact_latent_tree__full_exact_tree__three_state_binomial_2__exact_tree_production_medians__current_gwt_rater_design__seed20260506__multK10,sample_size_sweep,20260506,Chicken,0,Global Workspace Theory > Hierarchical Organization,Hierarchical Organization,weak support,moderately undemanding,0.8265237784608894,0.6298719913082595,0.19665178715262988,1,0,1,10,0.2717120765744194,0.19994715489618642,-0.071764921678233,0.071764921678233,-13.054115477008402,-11.471628551809504
sample_size_sweep:exact_latent_tree__full_exact_tree__three_state_binomial_2__exact_tree_production_medians__current_gwt_rater_design__seed20260506__multK10,sample_size_sweep,20260506,Chicken,0,Global Workspace Theory > Coherence,Coherence,strong support,strongly demanding,0.7979354739553153,0.10156225083779936,0.6963732231175159,0,4,13,250,-1.4920703384968867,-1.290570632394349,0.20149970610253765,0.20149970610253765,-291.05743748907395,-293.8947598417065
sample_size_sweep:exact_latent_tree__full_exact_tree__three_state_binomial_2__exact_tree_production_medians__current_gwt_rater_design__seed20260506__multK10,sample_size_sweep,20260506,Chicken,0,Global Workspace Theory > Modularity,Modularity,weak support,moderately demanding,0.560047800174686,0.2332959659893026,0.32675183418538345,0,0,6,120,-0.5554347678250722,-0.5553168716509447,0.00011789617412749642,0.00011789617412749642,-199.7019341067762,-208.7157336315512
sample_size_sweep:exact_latent_tree__full_exact_tree__three_state_binomial_2__exact_tree_production_medians__current_gwt_rater_design__seed20260506__multK10,sample_size_sweep,20260506,Chicken,0,Global Workspace Theory > Complexity,Complexity,strong support,weakly undemanding,0.9205216626808573,0.3969036303573165,0.5236180323235409,0,5,8,150,-2.0265925029666034,-1.0325483294477067,0.9940441735188967,0.9940441735188967,-215.29587178741394,-217.04674923232216
sample_size_sweep:exact_latent_tree__full_exact_tree__three_state_binomial_2__exact_tree_production_medians__current_gwt_rater_design__seed20260506__multK10,sample_size_sweep,20260506,Chicken,0,Global Workspace Theory > Selective Attention,Selective Attention,strong support,moderately demanding,0.8652906577456392,0.21587260411564355,0.6494180536299956,0,5,12,240,-1.761452064880101,-1.6909732278210186,0.07047883705908253,0.07047883705908253,-267.3265401456288,-271.75640238675624
sample_size_sweep:exact_latent_tree__full_exact_tree__three_state_binomial_2__exact_tree_production_medians__current_gwt_rater_design__seed20260506__multK10,sample_size_sweep,20260506,Chicken,0,Global Workspace Theory > Integration,Integration,strong support,moderately demanding,0.8652906577456392,0.21587260411564355,0.6494180536299956,1,0,2,40,1.3883770330795024,1.349005808262099,-0.039371224817403405,0.039371224817403405,-39.22311344028225,-34.763865319182514
sample_size_sweep:exact_latent_tree__full_exact_tree__three_state_binomial_2__exact_tree_production_medians__current_gwt_rater_design__seed20260506__multK10,sample_size_sweep,20260506,LLMs,1,Global Workspace Theory > Representationality,Representationality,weak support,strongly undemanding,0.9250177775636342,0.869159106691928,0.05585867087170626,1,4,8,300,0.06228675610397856,0.047104671904605766,-0.015182084199372795,0.015182084199372795,-458.3179858868178,-456.822716031263
sample_size_sweep:exact_latent_tree__full_exact_tree__three_state_binomial_2__exact_tree_production_medians__current_gwt_rater_design__seed20260506__multK10,sample_size_sweep,20260506,LLMs,1,Global Workspace Theory > Hierarchical Organization,Hierarchical Organization,weak support,moderately undemanding,0.8265237784608894,0.6298719913082595,0.19665178715262988,1,0,1,30,0.2717120765744194,-0.18964096851903633,-0.46135304509345576,0.46135304509345576,-55.1554911396154,-55.98910486722126
sample_size_sweep:exact_latent_tree__full_exact_tree__three_state_binomial_2__exact_tree_production_medians__current_gwt_rater_design__seed20260506__multK10,sample_size_sweep,20260506,LLMs,1,Global Workspace Theory > Coherence,Coherence,strong support,strongly demanding,0.7979354739553153,0.10156225083779936,0.6963732231175159,1,4,13,480,2.061355815243681,-0.04220152324114679,-2.1035573384848276,2.1035573384848276,-690.5337048381234,-690.5945015009179
sample_size_sweep:exact_latent_tree__full_exact_tree__three_state_binomial_2__exact_tree_production_medians__current_gwt_rater_design__seed20260506__multK10,sample_size_sweep,20260506,LLMs,1,Global Workspace Theory > Modularity,Modularity,weak support,moderately demanding,0.560047800174686,0.2332959659893026,0.32675183418538345,0,0,6,240,-0.5554347678250722,-0.5554336415486318,1.1262764403330294e-06,1.1262764403330294e-06,-300.573109575151,-314.2378915199225
sample_size_sweep:exact_latent_tree__full_exact_tree__three_state_binomial_2__exact_tree_production_medians__current_gwt_rater_design__seed20260506__multK10,sample_size_sweep,20260506,LLMs,1,Global Workspace Theory > Complexity,Complexity,strong support,weakly undemanding,0.9205216626808573,0.3969036303573165,0.5236180323235409,1,5,8,300,0.8412470274704257,0.23273722367105165,-0.608509803799374,0.608509803799374,-470.7695598787692,-470.2843544387668
sample_size_sweep:exact_latent_tree__full_exact_tree__three_state_binomial_2__exact_tree_production_medians__current_gwt_rater_design__seed20260506__multK10,sample_size_sweep,20260506,LLMs,1,Global Workspace Theory > Selective Attention,Selective Attention,strong support,moderately demanding,0.8652906577456392,0.21587260411564355,0.6494180536299956,1,5,12,430,1.3883770330795024,-0.8455383871973936,-2.233915420276896,2.233915420276896,-613.0366940389702,-614.3785135590324
sample_size_sweep:exact_latent_tree__full_exact_tree__three_state_binomial_2__exact_tree_production_medians__current_gwt_rater_design__seed20260506__multK10,sample_size_sweep,20260506,LLMs,1,Global Workspace Theory > Integration,Integration,strong support,moderately demanding,0.8652906577456392,0.21587260411564355,0.6494180536299956,1,0,2,80,1.3883770330795024,1.3490058082621061,-0.0393712248173963,0.0393712248173963,-82.23985486166873,-77.78060674056887
sample_size_sweep:exact_latent_tree__full_exact_tree__three_state_binomial_2__exact_tree_production_medians__current_gwt_rater_design__seed20260506__multK2,sample_size_sweep,20260506,Chicken,0,Global Workspace Theory > Representationality,Representationality,weak support,strongly undemanding,0.9250177775636342,0.869159106691928,0.05585867087170626,1,4,8,24,0.06228675610397856,0.06043186606781603,-0.0018548900361625292,0.0018548900361625292,-41.89446106858613,-38.27438640073054
sample_size_sweep:exact_latent_tree__full_exact_tree__three_state_binomial_2__exact_tree_production_medians__current_gwt_rater_design__seed20260506__multK2,sample_size_sweep,20260506,Chicken,0,Global Workspace Theory > Hierarchical Organization,Hierarchical Organization,weak support,moderately undemanding,0.8265237784608894,0.6298719913082595,0.19665178715262988,1,0,1,2,0.2717120765744194,0.19918963587380545,-0.07252244070061398,0.07252244070061398,-2.754537885086447,-1.1834065307381554
sample_size_sweep:exact_latent_tree__full_exact_tree__three_state_binomial_2__exact_tree_production_medians__current_gwt_rater_design__seed20260506__multK2,sample_size_sweep,20260506,Chicken,0,Global Workspace Theory > Coherence,Coherence,strong support,strongly demanding,0.7979354739553153,0.10156225083779936,0.6963732231175159,0,4,13,50,-1.4920703384968867,-1.2904150568847328,0.20165528161215396,0.20165528161215396,-61.478889284750416,-64.31535380200144
sample_size_sweep:exact_latent_tree__full_exact_tree__three_state_binomial_2__exact_tree_production_medians__current_gwt_rater_design__seed20260506__multK2,sample_size_sweep,20260506,Chicken,0,Global Workspace Theory > Modularity,Modularity,weak support,moderately demanding,0.560047800174686,0.2332959659893026,0.32675183418538345,0,0,6,24,-0.5554347678250722,-0.5552661457770256,0.00016862204804657388,0.00016862204804657388,-39.273622128998426,-47.92952490163546
sample_size_sweep:exact_latent_tree__full_exact_tree__three_state_binomial_2__exact_tree_production_medians__current_gwt_rater_design__seed20260506__multK2,sample_size_sweep,20260506,Chicken,0,Global Workspace Theory > Complexity,Complexity,strong support,weakly undemanding,0.9205216626808573,0.3969036303573165,0.5236180323235409,0,5,8,30,-2.0265925029666034,-1.1743737898237327,0.8522187131428707,0.8522187131428707,-54.82638724649348,-56.83657508472902
sample_size_sweep:exact_latent_tree__full_exact_tree__three_state_binomial_2__exact_tree_production_medians__current_gwt_rater_design__seed20260506__multK2,sample_size_sweep,20260506,Chicken,0,Global Workspace Theory > Selective Attention,Selective Attention,strong support,moderately demanding,0.8652906577456392,0.21587260411564355,0.6494180536299956,0,5,12,48,-1.761452064880101,-1.6833486599345946,0.0781034049455065,0.0781034049455065,-65.99585315912863,-70.31876572215832
sample_size_sweep:exact_latent_tree__full_exact_tree__three_state_binomial_2__exact_tree_production_medians__current_gwt_rater_design__seed20260506__multK2,sample_size_sweep,20260506,Chicken,0,Global Workspace Theory > Integration,Integration,strong support,moderately demanding,0.8652906577456392,0.21587260411564355,0.6494180536299956,1,0,2,8,1.3883770330795024,1.3487112086567166,-0.03966582442278588,0.03966582442278588,-12.405817297755949,-7.954185951237481
sample_size_sweep:exact_latent_tree__full_exact_tree__three_state_binomial_2__exact_tree_production_medians__current_gwt_rater_design__seed20260506__multK2,sample_size_sweep,20260506,LLMs,1,Global Workspace Theory > Representationality,Representationality,weak support,strongly undemanding,0.9250177775636342,0.869159106691928,0.05585867087170626,1,4,8,60,0.06228675610397856,0.04710361485605574,-0.015183141247922818,0.015183141247922818,-93.67823956847622,-92.1830411399948
sample_size_sweep:exact_latent_tree__full_exact_tree__three_state_binomial_2__exact_tree_production_medians__current_gwt_rater_design__seed20260506__multK2,sample_size_sweep,20260506,LLMs,1,Global Workspace Theory > Hierarchical Organization,Hierarchical Organization,weak support,moderately undemanding,0.8265237784608894,0.6298719913082595,0.19665178715262988,1,0,1,6,0.2717120765744194,-0.18946846363078862,-0.46118054020520804,0.46118054020520804,-11.820945318195777,-12.653866762101869
sample_size_sweep:exact_latent_tree__full_exact_tree__three_state_binomial_2__exact_tree_production_medians__current_gwt_rater_design__seed20260506__multK2,sample_size_sweep,20260506,LLMs,1,Global Workspace Theory > Coherence,Coherence,strong support,strongly demanding,0.7979354739553153,0.10156225083779936,0.6963732231175159,1,4,13,96,2.061355815243681,-0.049516220217896034,-2.110872035461577,2.110872035461577,-156.30884262279764,-156.38021912886967
sample_size_sweep:exact_latent_tree__full_exact_tree__three_state_binomial_2__exact_tree_production_medians__current_gwt_rater_design__seed20260506__multK2,sample_size_sweep,20260506,LLMs,1,Global Workspace Theory > Modularity,Modularity,weak support,moderately demanding,0.560047800174686,0.2332959659893026,0.32675183418538345,0,0,6,48,-0.5554347678250722,-0.5554336381138114,1.1297112607611126e-06,1.1297112607611126e-06,-60.17409971922329,-73.83583658331224
sample_size_sweep:exact_latent_tree__full_exact_tree__three_state_binomial_2__exact_tree_production_medians__current_gwt_rater_design__seed20260506__multK2,sample_size_sweep,20260506,LLMs,1,Global Workspace Theory > Complexity,Complexity,strong support,weakly undemanding,0.9205216626808573,0.3969036303573165,0.5236180323235409,1,5,8,60,0.8412470274704257,0.16688676603617125,-0.6743602614342544,0.6743602614342544,-96.00883355698417,-95.67076869426452
sample_size_sweep:exact_latent_tree__full_exact_tree__three_state_binomial_2__exact_tree_production_medians__current_gwt_rater_design__seed20260506__multK2,sample_size_sweep,20260506,LLMs,1,Global Workspace Theory > Selective Attention,Selective Attention,strong support,moderately demanding,0.8652906577456392,0.21587260411564355,0.6494180536299956,1,5,12,86,1.3883770330795024,-0.8447806495594392,-2.2331576826389417,2.2331576826389417,-117.35583498157052,-118.69630067286121
sample_size_sweep:exact_latent_tree__full_exact_tree__three_state_binomial_2__exact_tree_production_medians__current_gwt_rater_design__seed20260506__multK2,sample_size_sweep,20260506,LLMs,1,Global Workspace Theory > Integration,Integration,strong support,moderately demanding,0.8652906577456392,0.21587260411564355,0.6494180536299956,1,0,2,16,1.3883770330795024,1.3490053712291221,-0.039371661850380324,0.039371661850380324,-20.067271455484352,-15.608034674979823
sample_size_sweep:exact_latent_tree__full_exact_tree__three_state_binomial_2__exact_tree_production_medians__current_gwt_rater_design__seed20260506__multK20,sample_size_sweep,20260506,Chicken,0,Global Workspace Theory > Representationality,Representationality,weak support,strongly undemanding,0.9250177775636342,0.869159106691928,0.05585867087170626,1,4,8,240,0.06228675610397856,0.06060055155296595,-0.0016862045510126072,0.0016862045510126072,-349.41975610520603,-345.7040542644538
sample_size_sweep:exact_latent_tree__full_exact_tree__three_state_binomial_2__exact_tree_production_medians__current_gwt_rater_design__seed20260506__multK20,sample_size_sweep,20260506,Chicken,0,Global Workspace Theory > Hierarchical Organization,Hierarchical Organization,weak support,moderately undemanding,0.8265237784608894,0.6298719913082595,0.19665178715262988,1,0,1,20,0.2717120765744194,0.1999473125568052,-0.07176476401761422,0.07176476401761422,-18.69904693949624,-17.11655763943872
sample_size_sweep:exact_latent_tree__full_exact_tree__three_state_binomial_2__exact_tree_production_medians__current_gwt_rater_design__seed20260506__multK20,sample_size_sweep,20260506,Chicken,0,Global Workspace Theory > Coherence,Coherence,strong support,strongly demanding,0.7979354739553153,0.10156225083779936,0.6963732231175159,0,4,13,500,-1.4920703384968867,-1.29057063940013,0.2014996990967568,0.2014996990967568,-556.3691463895558,-559.2064687808313
sample_size_sweep:exact_latent_tree__full_exact_tree__three_state_binomial_2__exact_tree_production_medians__current_gwt_rater_design__seed20260506__multK20,sample_size_sweep,20260506,Chicken,0,Global Workspace Theory > Modularity,Modularity,weak support,moderately demanding,0.560047800174686,0.2332959659893026,0.32675183418538345,0,0,6,240,-0.5554347678250722,-0.5553168716526784,0.00011789617239377215,0.00011789617239377215,-396.5415882925982,-405.555387831643
sample_size_sweep:exact_latent_tree__full_exact_tree__three_state_binomial_2__exact_tree_production_medians__current_gwt_rater_design__seed20260506__multK20,sample_size_sweep,20260506,Chicken,0,Global Workspace Theory > Complexity,Complexity,strong support,weakly undemanding,0.9205216626808573,0.3969036303573165,0.5236180323235409,0,5,8,300,-2.0265925029666034,-1.0325461060083967,0.9940463969582067,0.9940463969582067,-430.7845894172705,-432.5354629291695
sample_size_sweep:exact_latent_tree__full_exact_tree__three_state_binomial_2__exact_tree_production_medians__current_gwt_rater_design__seed20260506__multK20,sample_size_sweep,20260506,Chicken,0,Global Workspace Theory > Selective Attention,Selective Attention,strong support,moderately demanding,0.8652906577456392,0.21587260411564355,0.6494180536299956,0,5,12,480,-1.761452064880101,-1.6909732278264755,0.07047883705362556,0.07047883705362556,-520.5760276919939,-525.0058899332024
sample_size_sweep:exact_latent_tree__full_exact_tree__three_state_binomial_2__exact_tree_production_medians__current_gwt_rater_design__seed20260506__multK20,sample_size_sweep,20260506,Chicken,0,Global Workspace Theory > Integration,Integration,strong support,moderately demanding,0.8652906577456392,0.21587260411564355,0.6494180536299956,1,0,2,80,1.3883770330795024,1.3490058082621061,-0.0393712248173963,0.0393712248173963,-109.15869505987105,-104.69944693877119
sample_size_sweep:exact_latent_tree__full_exact_tree__three_state_binomial_2__exact_tree_production_medians__current_gwt_rater_design__seed20260506__multK20,sample_size_sweep,20260506,LLMs,1,Global Workspace Theory > Representationality,Representationality,weak support,strongly undemanding,0.9250177775636342,0.869159106691928,0.05585867087170626,1,4,8,600,0.06228675610397856,0.04710467190454892,-0.015182084199429638,0.015182084199429638,-896.0034362493396,-894.5081663937848
sample_size_sweep:exact_latent_tree__full_exact_tree__three_state_binomial_2__exact_tree_production_medians__current_gwt_rater_design__seed20260506__multK20,sample_size_sweep,20260506,LLMs,1,Global Workspace Theory > Hierarchical Organization,Hierarchical Organization,weak support,moderately undemanding,0.8265237784608894,0.6298719913082595,0.19665178715262988,1,0,1,60,0.2717120765744194,-0.18964096851904344,-0.46135304509346287,0.46135304509346287,-116.56846930844314,-117.402083036049
sample_size_sweep:exact_latent_tree__full_exact_tree__three_state_binomial_2__exact_tree_production_medians__current_gwt_rater_design__seed20260506__multK20,sample_size_sweep,20260506,LLMs,1,Global Workspace Theory > Coherence,Coherence,strong support,strongly demanding,0.7979354739553153,0.10156225083779936,0.6963732231175159,1,4,13,960,2.061355815243681,-0.04220152324114679,-2.1035573384848276,2.1035573384848276,-1396.0601352435078,-1396.1209319063023
sample_size_sweep:exact_latent_tree__full_exact_tree__three_state_binomial_2__exact_tree_production_medians__current_gwt_rater_design__seed20260506__multK20,sample_size_sweep,20260506,LLMs,1,Global Workspace Theory > Modularity,Modularity,weak support,moderately demanding,0.560047800174686,0.2332959659893026,0.32675183418538345,0,0,6,480,-0.5554347678250722,-0.555433641548575,1.1262764971764483e-06,1.1262764971764483e-06,-601.5671212212727,-615.2319031660442
sample_size_sweep:exact_latent_tree__full_exact_tree__three_state_binomial_2__exact_tree_production_medians__current_gwt_rater_design__seed20260506__multK20,sample_size_sweep,20260506,LLMs,1,Global Workspace Theory > Complexity,Complexity,strong support,weakly undemanding,0.9205216626808573,0.3969036303573165,0.5236180323235409,1,5,8,600,0.8412470274704257,0.23273722367105165,-0.608509803799374,0.608509803799374,-910.5450897637916,-910.0598843237892
sample_size_sweep:exact_latent_tree__full_exact_tree__three_state_binomial_2__exact_tree_production_medians__current_gwt_rater_design__seed20260506__multK20,sample_size_sweep,20260506,LLMs,1,Global Workspace Theory > Selective Attention,Selective Attention,strong support,moderately demanding,0.8652906577456392,0.21587260411564355,0.6494180536299956,1,5,12,860,1.3883770330795024,-0.8455383871973936,-2.233915420276896,2.233915420276896,-1213.6628645317091,-1215.0046840517712
sample_size_sweep:exact_latent_tree__full_exact_tree__three_state_binomial_2__exact_tree_production_medians__current_gwt_rater_design__seed20260506__multK20,sample_size_sweep,20260506,LLMs,1,Global Workspace Theory > Integration,Integration,strong support,moderately demanding,0.8652906577456392,0.21587260411564355,0.6494180536299956,1,0,2,160,1.3883770330795024,1.3490058082620635,-0.03937122481743893,0.03937122481743893,-185.08513720274124,-180.62588908164136
sample_size_sweep:exact_latent_tree__full_exact_tree__three_state_binomial_2__exact_tree_production_medians__current_gwt_rater_design__seed20260506__multK5,sample_size_sweep,20260506,Chicken,0,Global Workspace Theory > Representationality,Representationality,weak support,strongly undemanding,0.9250177775636342,0.869159106691928,0.05585867087170626,1,4,8,60,0.06228675610397856,0.060581857767644465,-0.0017048983363340958,0.0017048983363340958,-96.6927308906559,-92.98808559690937
sample_size_sweep:exact_latent_tree__full_exact_tree__three_state_binomial_2__exact_tree_production_medians__current_gwt_rater_design__seed20260506__multK5,sample_size_sweep,20260506,Chicken,0,Global Workspace Theory > Hierarchical Organization,Hierarchical Organization,weak support,moderately undemanding,0.8265237784608894,0.6298719913082595,0.19665178715262988,1,0,1,5,0.2717120765744194,0.18351737133750845,-0.08819470523691098,0.08819470523691098,-9.491545841620624,-8.133903780254725
sample_size_sweep:exact_latent_tree__full_exact_tree__three_state_binomial_2__exact_tree_production_medians__current_gwt_rater_design__seed20260506__multK5,sample_size_sweep,20260506,Chicken,0,Global Workspace Theory > Coherence,Coherence,strong support,strongly demanding,0.7979354739553153,0.10156225083779936,0.6963732231175159,0,4,13,125,-1.4920703384968867,-1.290498471376793,0.20157186712009367,0.20157186712009367,-148.3761963488488,-151.21312073562532
sample_size_sweep:exact_latent_tree__full_exact_tree__three_state_binomial_2__exact_tree_production_medians__current_gwt_rater_design__seed20260506__multK5,sample_size_sweep,20260506,Chicken,0,Global Workspace Theory > Modularity,Modularity,weak support,moderately demanding,0.560047800174686,0.2332959659893026,0.32675183418538345,0,0,6,60,-0.5554347678250722,-0.5553168554932455,0.00011791233182667504,0.00011791233182667504,-101.37529945781233,-110.3889619283925
sample_size_sweep:exact_latent_tree__full_exact_tree__three_state_binomial_2__exact_tree_production_medians__current_gwt_rater_design__seed20260506__multK5,sample_size_sweep,20260506,Chicken,0,Global Workspace Theory > Complexity,Complexity,strong support,weakly undemanding,0.9205216626808573,0.3969036303573165,0.5236180323235409,0,5,8,75,-2.0265925029666034,-1.0331480233767962,0.9934444795898072,0.9934444795898072,-119.28253819332966,-121.03447655775068
sample_size_sweep:exact_latent_tree__full_exact_tree__three_state_binomial_2__exact_tree_production_medians__current_gwt_rater_design__seed20260506__multK5,sample_size_sweep,20260506,Chicken,0,Global Workspace Theory > Selective Attention,Selective Attention,strong support,moderately demanding,0.8652906577456392,0.21587260411564355,0.6494180536299956,0,5,12,120,-1.761452064880101,-1.6907342563361851,0.07071780854391596,0.07071780854391596,-141.75427088400514,-146.180615763399
sample_size_sweep:exact_latent_tree__full_exact_tree__three_state_binomial_2__exact_tree_production_medians__current_gwt_rater_design__seed20260506__multK5,sample_size_sweep,20260506,Chicken,0,Global Workspace Theory > Integration,Integration,strong support,moderately demanding,0.8652906577456392,0.21587260411564355,0.6494180536299956,1,0,2,20,1.3883770330795024,1.3490058068713857,-0.03937122620811673,0.03937122620811673,-22.358191361390375,-17.89894327637829
sample_size_sweep:exact_latent_tree__full_exact_tree__three_state_binomial_2__exact_tree_production_medians__current_gwt_rater_design__seed20260506__multK5,sample_size_sweep,20260506,LLMs,1,Global Workspace Theory > Representationality,Representationality,weak support,strongly undemanding,0.9250177775636342,0.869159106691928,0.05585867087170626,1,4,8,150,0.06228675610397856,0.0471046719045205,-0.01518208419945806,0.01518208419945806,-233.7199116502553,-232.22464179470785
sample_size_sweep:exact_latent_tree__full_exact_tree__three_state_binomial_2__exact_tree_production_medians__current_gwt_rater_design__seed20260506__multK5,sample_size_sweep,20260506,LLMs,1,Global Workspace Theory > Hierarchical Organization,Hierarchical Organization,weak support,moderately undemanding,0.8265237784608894,0.6298719913082595,0.19665178715262988,1,0,1,15,0.2717120765744194,-0.18964096851779644,-0.46135304509221586,0.46135304509221586,-26.263364134892928,-27.09697786249382
sample_size_sweep:exact_latent_tree__full_exact_tree__three_state_binomial_2__exact_tree_production_medians__current_gwt_rater_design__seed20260506__multK5,sample_size_sweep,20260506,LLMs,1,Global Workspace Theory > Coherence,Coherence,strong support,strongly demanding,0.7979354739553153,0.10156225083779936,0.6963732231175159,1,4,13,240,2.061355815243681,-0.04220152324580795,-2.103557338489489,2.103557338489489,-350.37142846370364,-350.4322251265048
sample_size_sweep:exact_latent_tree__full_exact_tree__three_state_binomial_2__exact_tree_production_medians__current_gwt_rater_design__seed20260506__multK5,sample_size_sweep,20260506,LLMs,1,Global Workspace Theory > Modularity,Modularity,weak support,moderately demanding,0.560047800174686,0.2332959659893026,0.32675183418538345,0,0,6,120,-0.5554347678250722,-0.5554336415486318,1.1262764403330294e-06,1.1262764403330294e-06,-142.67363185718995,-156.33841380186175
sample_size_sweep:exact_latent_tree__full_exact_tree__three_state_binomial_2__exact_tree_production_medians__current_gwt_rater_design__seed20260506__multK5,sample_size_sweep,20260506,LLMs,1,Global Workspace Theory > Complexity,Complexity,strong support,weakly undemanding,0.9205216626808573,0.3969036303573165,0.5236180323235409,1,5,8,150,0.8412470274704257,0.23273723172124505,-0.6085097957491806,0.6085097957491806,-241.14534257663934,-240.66013711803822
sample_size_sweep:exact_latent_tree__full_exact_tree__three_state_binomial_2__exact_tree_production_medians__current_gwt_rater_design__seed20260506__multK5,sample_size_sweep,20260506,LLMs,1,Global Workspace Theory > Selective Attention,Selective Attention,strong support,moderately demanding,0.8652906577456392,0.21587260411564355,0.6494180536299956,1,5,12,215,1.3883770330795024,-0.8455368112528276,-2.23391384433233,2.23391384433233,-328.96271268953404,-330.30452939331786
sample_size_sweep:exact_latent_tree__full_exact_tree__three_state_binomial_2__exact_tree_production_medians__current_gwt_rater_design__seed20260506__multK5,sample_size_sweep,20260506,LLMs,1,Global Workspace Theory > Integration,Integration,strong support,moderately demanding,0.8652906577456392,0.21587260411564355,0.6494180536299956,1,0,2,40,1.3883770330795024,1.3490058082613672,-0.039371224818135264,0.039371224818135264,-45.47087772662056,-41.01162960553978
asymmetric_prior_sweep:exact_latent_tree__full_exact_tree__three_state_binomial_2__exact_tree_production_medians__current_gwt_rater_design__seed20260506__pres85_abs15_sig50,asymmetric_prior_sweep,20260506,Chicken,0,Global Workspace Theory > Representationality,Representationality,weak support,strongly undemanding,0.9250177775636342,0.869159106691928,0.05585867087170626,1,4,8,12,0.06228675610397856,0.05611326954129936,-0.006173486562679201,0.006173486562679201,-26.791671575350193,-24.381278742027007
asymmetric_prior_sweep:exact_latent_tree__full_exact_tree__three_state_binomial_2__exact_tree_production_medians__current_gwt_rater_design__seed20260506__pres85_abs15_sig50,asymmetric_prior_sweep,20260506,Chicken,0,Global Workspace Theory > Hierarchical Organization,Hierarchical Organization,weak support,moderately undemanding,0.8265237784608894,0.6298719913082595,0.19665178715262988,1,0,1,1,0.2717120765744194,0.18853726930926185,-0.08317480726515758,0.08317480726515758,-2.1228789727001147,-0.70089093027109
asymmetric_prior_sweep:exact_latent_tree__full_exact_tree__three_state_binomial_2__exact_tree_production_medians__current_gwt_rater_design__seed20260506__pres85_abs15_sig50,asymmetric_prior_sweep,20260506,Chicken,0,Global Workspace Theory > Coherence,Coherence,strong support,strongly demanding,0.7979354739553153,0.10156225083779936,0.6963732231175159,0,4,13,25,-1.4920703384968867,-1.0669283581631888,0.425141980333698,0.425141980333698,-37.35895944402674,-39.322860710351264
asymmetric_prior_sweep:exact_latent_tree__full_exact_tree__three_state_binomial_2__exact_tree_production_medians__current_gwt_rater_design__seed20260506__pres85_abs15_sig50,asymmetric_prior_sweep,20260506,Chicken,0,Global Workspace Theory > Modularity,Modularity,weak support,moderately demanding,0.560047800174686,0.2332959659893026,0.32675183418538345,0,0,6,12,-0.5554347678250722,-0.5553810276555211,5.37401695510642e-05,5.37401695510642e-05,-23.379999632827108,-33.17949498953271
asymmetric_prior_sweep:exact_latent_tree__full_exact_tree__three_state_binomial_2__exact_tree_production_medians__current_gwt_rater_design__seed20260506__pres85_abs15_sig50,asymmetric_prior_sweep,20260506,Chicken,0,Global Workspace Theory > Complexity,Complexity,strong support,weakly undemanding,0.9205216626808573,0.3969036303573165,0.5236180323235409,0,5,8,15,-2.0265925029666034,-1.0849740278250444,0.941618475141559,0.941618475141559,-25.08691015115624,-26.93156746470848
asymmetric_prior_sweep:exact_latent_tree__full_exact_tree__three_state_binomial_2__exact_tree_production_medians__current_gwt_rater_design__seed20260506__pres85_abs15_sig50,asymmetric_prior_sweep,20260506,Chicken,0,Global Workspace Theory > Selective Attention,Selective Attention,strong support,moderately demanding,0.8652906577456392,0.21587260411564355,0.6494180536299956,0,5,12,24,-1.761452064880101,-1.6851407101940055,0.07631135468609562,0.07631135468609562,-37.5765988519005,-41.92371787774724
asymmetric_prior_sweep:exact_latent_tree__full_exact_tree__three_state_binomial_2__exact_tree_production_medians__current_gwt_rater_design__seed20260506__pres85_abs15_sig50,asymmetric_prior_sweep,20260506,Chicken,0,Global Workspace Theory > Integration,Integration,strong support,moderately demanding,0.8652906577456392,0.21587260411564355,0.6494180536299956,1,0,2,4,1.3883770330795024,1.136997209950109,-0.25137982312939355,0.25137982312939355,-7.273769571539814,-4.788103073793182
asymmetric_prior_sweep:exact_latent_tree__full_exact_tree__three_state_binomial_2__exact_tree_production_medians__current_gwt_rater_design__seed20260506__pres85_abs15_sig50,asymmetric_prior_sweep,20260506,LLMs,1,Global Workspace Theory > Representationality,Representationality,weak support,strongly undemanding,0.9250177775636342,0.869159106691928,0.05585867087170626,1,4,8,30,0.06228675610397856,0.046379462066354904,-0.015907294037623657,0.015907294037623657,-48.99296564826242,-47.54559639713578
asymmetric_prior_sweep:exact_latent_tree__full_exact_tree__three_state_binomial_2__exact_tree_production_medians__current_gwt_rater_design__seed20260506__pres85_abs15_sig50,asymmetric_prior_sweep,20260506,LLMs,1,Global Workspace Theory > Hierarchical Organization,Hierarchical Organization,weak support,moderately undemanding,0.8265237784608894,0.6298719913082595,0.19665178715262988,1,0,1,3,0.2717120765744194,-0.1845650692676184,-0.4562771458420378,0.4562771458420378,-5.281285071779179,-6.094507986385449
asymmetric_prior_sweep:exact_latent_tree__full_exact_tree__three_state_binomial_2__exact_tree_production_medians__current_gwt_rater_design__seed20260506__pres85_abs15_sig50,asymmetric_prior_sweep,20260506,LLMs,1,Global Workspace Theory > Coherence,Coherence,strong support,strongly demanding,0.7979354739553153,0.10156225083779936,0.6963732231175159,1,4,13,48,2.061355815243681,-0.133989542001828,-2.195345357245509,2.195345357245509,-77.09669591991032,-77.29130388935432
asymmetric_prior_sweep:exact_latent_tree__full_exact_tree__three_state_binomial_2__exact_tree_production_medians__current_gwt_rater_design__seed20260506__pres85_abs15_sig50,asymmetric_prior_sweep,20260506,LLMs,1,Global Workspace Theory > Modularity,Modularity,weak support,moderately demanding,0.560047800174686,0.2332959659893026,0.32675183418538345,0,0,6,24,-0.5554347678250722,-0.555431201209629,3.5666154432068e-06,3.5666154432068e-06,-36.24187834208314,-48.75395821389618
asymmetric_prior_sweep:exact_latent_tree__full_exact_tree__three_state_binomial_2__exact_tree_production_medians__current_gwt_rater_design__seed20260506__pres85_abs15_sig50,asymmetric_prior_sweep,20260506,LLMs,1,Global Workspace Theory > Complexity,Complexity,strong support,weakly undemanding,0.9205216626808573,0.3969036303573165,0.5236180323235409,1,5,8,30,0.8412470274704257,0.25472122417808407,-0.5865258032923416,0.5865258032923416,-58.27038978058272,-57.733775732275035
asymmetric_prior_sweep:exact_latent_tree__full_exact_tree__three_state_binomial_2__exact_tree_production_medians__current_gwt_rater_design__seed20260506__pres85_abs15_sig50,asymmetric_prior_sweep,20260506,LLMs,1,Global Workspace Theory > Selective Attention,Selective Attention,strong support,moderately demanding,0.8652906577456392,0.21587260411564355,0.6494180536299956,1,5,12,43,1.3883770330795024,-0.6005747146803628,-1.9889517477598653,1.9889517477598653,-69.75671059332117,-70.68435402274224
asymmetric_prior_sweep:exact_latent_tree__full_exact_tree__three_state_binomial_2__exact_tree_production_medians__current_gwt_rater_design__seed20260506__pres85_abs15_sig50,asymmetric_prior_sweep,20260506,LLMs,1,Global Workspace Theory > Integration,Integration,strong support,moderately demanding,0.8652906577456392,0.21587260411564355,0.6494180536299956,1,0,2,8,1.3883770330795024,1.3477994980138934,-0.040577535065609016,0.040577535065609016,-13.361642468786615,-8.933237219054257
asymmetric_prior_sweep:exact_latent_tree__full_exact_tree__three_state_binomial_2__exact_tree_production_medians__current_gwt_rater_design__seed20260506__pres90_abs10_sig30,asymmetric_prior_sweep,20260506,Chicken,0,Global Workspace Theory > Representationality,Representationality,weak support,strongly undemanding,0.9250177775636342,0.869159106691928,0.05585867087170626,1,4,8,12,0.06228675610397856,0.05611326954129936,-0.006173486562679201,0.006173486562679201,-26.791671575350193,-24.381278742027007
asymmetric_prior_sweep:exact_latent_tree__full_exact_tree__three_state_binomial_2__exact_tree_production_medians__current_gwt_rater_design__seed20260506__pres90_abs10_sig30,asymmetric_prior_sweep,20260506,Chicken,0,Global Workspace Theory > Hierarchical Organization,Hierarchical Organization,weak support,moderately undemanding,0.8265237784608894,0.6298719913082595,0.19665178715262988,1,0,1,1,0.2717120765744194,0.18853726930926185,-0.08317480726515758,0.08317480726515758,-2.1228789727001147,-0.70089093027109
asymmetric_prior_sweep:exact_latent_tree__full_exact_tree__three_state_binomial_2__exact_tree_production_medians__current_gwt_rater_design__seed20260506__pres90_abs10_sig30,asymmetric_prior_sweep,20260506,Chicken,0,Global Workspace Theory > Coherence,Coherence,strong support,strongly demanding,0.7979354739553153,0.10156225083779936,0.6963732231175159,0,4,13,25,-1.4920703384968867,-1.0669283581631888,0.425141980333698,0.425141980333698,-37.35895944402674,-39.322860710351264
asymmetric_prior_sweep:exact_latent_tree__full_exact_tree__three_state_binomial_2__exact_tree_production_medians__current_gwt_rater_design__seed20260506__pres90_abs10_sig30,asymmetric_prior_sweep,20260506,Chicken,0,Global Workspace Theory > Modularity,Modularity,weak support,moderately demanding,0.560047800174686,0.2332959659893026,0.32675183418538345,0,0,6,12,-0.5554347678250722,-0.5553810276555211,5.37401695510642e-05,5.37401695510642e-05,-23.379999632827108,-33.17949498953271
asymmetric_prior_sweep:exact_latent_tree__full_exact_tree__three_state_binomial_2__exact_tree_production_medians__current_gwt_rater_design__seed20260506__pres90_abs10_sig30,asymmetric_prior_sweep,20260506,Chicken,0,Global Workspace Theory > Complexity,Complexity,strong support,weakly undemanding,0.9205216626808573,0.3969036303573165,0.5236180323235409,0,5,8,15,-2.0265925029666034,-1.0849740278250444,0.941618475141559,0.941618475141559,-25.08691015115624,-26.93156746470848
asymmetric_prior_sweep:exact_latent_tree__full_exact_tree__three_state_binomial_2__exact_tree_production_medians__current_gwt_rater_design__seed20260506__pres90_abs10_sig30,asymmetric_prior_sweep,20260506,Chicken,0,Global Workspace Theory > Selective Attention,Selective Attention,strong support,moderately demanding,0.8652906577456392,0.21587260411564355,0.6494180536299956,0,5,12,24,-1.761452064880101,-1.6851407101940055,0.07631135468609562,0.07631135468609562,-37.5765988519005,-41.92371787774724
asymmetric_prior_sweep:exact_latent_tree__full_exact_tree__three_state_binomial_2__exact_tree_production_medians__current_gwt_rater_design__seed20260506__pres90_abs10_sig30,asymmetric_prior_sweep,20260506,Chicken,0,Global Workspace Theory > Integration,Integration,strong support,moderately demanding,0.8652906577456392,0.21587260411564355,0.6494180536299956,1,0,2,4,1.3883770330795024,1.136997209950109,-0.25137982312939355,0.25137982312939355,-7.273769571539814,-4.788103073793182
asymmetric_prior_sweep:exact_latent_tree__full_exact_tree__three_state_binomial_2__exact_tree_production_medians__current_gwt_rater_design__seed20260506__pres90_abs10_sig30,asymmetric_prior_sweep,20260506,LLMs,1,Global Workspace Theory > Representationality,Representationality,weak support,strongly undemanding,0.9250177775636342,0.869159106691928,0.05585867087170626,1,4,8,30,0.06228675610397856,0.046379462066354904,-0.015907294037623657,0.015907294037623657,-48.99296564826242,-47.54559639713578
asymmetric_prior_sweep:exact_latent_tree__full_exact_tree__three_state_binomial_2__exact_tree_production_medians__current_gwt_rater_design__seed20260506__pres90_abs10_sig30,asymmetric_prior_sweep,20260506,LLMs,1,Global Workspace Theory > Hierarchical Organization,Hierarchical Organization,weak support,moderately undemanding,0.8265237784608894,0.6298719913082595,0.19665178715262988,1,0,1,3,0.2717120765744194,-0.1845650692676184,-0.4562771458420378,0.4562771458420378,-5.281285071779179,-6.094507986385449
asymmetric_prior_sweep:exact_latent_tree__full_exact_tree__three_state_binomial_2__exact_tree_production_medians__current_gwt_rater_design__seed20260506__pres90_abs10_sig30,asymmetric_prior_sweep,20260506,LLMs,1,Global Workspace Theory > Coherence,Coherence,strong support,strongly demanding,0.7979354739553153,0.10156225083779936,0.6963732231175159,1,4,13,48,2.061355815243681,-0.133989542001828,-2.195345357245509,2.195345357245509,-77.09669591991032,-77.29130388935432
asymmetric_prior_sweep:exact_latent_tree__full_exact_tree__three_state_binomial_2__exact_tree_production_medians__current_gwt_rater_design__seed20260506__pres90_abs10_sig30,asymmetric_prior_sweep,20260506,LLMs,1,Global Workspace Theory > Modularity,Modularity,weak support,moderately demanding,0.560047800174686,0.2332959659893026,0.32675183418538345,0,0,6,24,-0.5554347678250722,-0.555431201209629,3.5666154432068e-06,3.5666154432068e-06,-36.24187834208314,-48.75395821389618
asymmetric_prior_sweep:exact_latent_tree__full_exact_tree__three_state_binomial_2__exact_tree_production_medians__current_gwt_rater_design__seed20260506__pres90_abs10_sig30,asymmetric_prior_sweep,20260506,LLMs,1,Global Workspace Theory > Complexity,Complexity,strong support,weakly undemanding,0.9205216626808573,0.3969036303573165,0.5236180323235409,1,5,8,30,0.8412470274704257,0.25472122417808407,-0.5865258032923416,0.5865258032923416,-58.27038978058272,-57.733775732275035
asymmetric_prior_sweep:exact_latent_tree__full_exact_tree__three_state_binomial_2__exact_tree_production_medians__current_gwt_rater_design__seed20260506__pres90_abs10_sig30,asymmetric_prior_sweep,20260506,LLMs,1,Global Workspace Theory > Selective Attention,Selective Attention,strong support,moderately demanding,0.8652906577456392,0.21587260411564355,0.6494180536299956,1,5,12,43,1.3883770330795024,-0.6005747146803628,-1.9889517477598653,1.9889517477598653,-69.75671059332117,-70.68435402274224
asymmetric_prior_sweep:exact_latent_tree__full_exact_tree__three_state_binomial_2__exact_tree_production_medians__current_gwt_rater_design__seed20260506__pres90_abs10_sig30,asymmetric_prior_sweep,20260506,LLMs,1,Global Workspace Theory > Integration,Integration,strong support,moderately demanding,0.8652906577456392,0.21587260411564355,0.6494180536299956,1,0,2,8,1.3883770330795024,1.3477994980138934,-0.040577535065609016,0.040577535065609016,-13.361642468786615,-8.933237219054257
asymmetric_prior_sweep:exact_latent_tree__full_exact_tree__three_state_binomial_2__exact_tree_production_medians__current_gwt_rater_design__seed20260506__pres95_abs05_sig30,asymmetric_prior_sweep,20260506,Chicken,0,Global Workspace Theory > Representationality,Representationality,weak support,strongly undemanding,0.9250177775636342,0.869159106691928,0.05585867087170626,1,4,8,12,0.06228675610397856,0.05611326954129936,-0.006173486562679201,0.006173486562679201,-26.791671575350193,-24.381278742027007
asymmetric_prior_sweep:exact_latent_tree__full_exact_tree__three_state_binomial_2__exact_tree_production_medians__current_gwt_rater_design__seed20260506__pres95_abs05_sig30,asymmetric_prior_sweep,20260506,Chicken,0,Global Workspace Theory > Hierarchical Organization,Hierarchical Organization,weak support,moderately undemanding,0.8265237784608894,0.6298719913082595,0.19665178715262988,1,0,1,1,0.2717120765744194,0.18853726930926185,-0.08317480726515758,0.08317480726515758,-2.1228789727001147,-0.70089093027109
asymmetric_prior_sweep:exact_latent_tree__full_exact_tree__three_state_binomial_2__exact_tree_production_medians__current_gwt_rater_design__seed20260506__pres95_abs05_sig30,asymmetric_prior_sweep,20260506,Chicken,0,Global Workspace Theory > Coherence,Coherence,strong support,strongly demanding,0.7979354739553153,0.10156225083779936,0.6963732231175159,0,4,13,25,-1.4920703384968867,-1.0669283581631888,0.425141980333698,0.425141980333698,-37.35895944402674,-39.322860710351264
asymmetric_prior_sweep:exact_latent_tree__full_exact_tree__three_state_binomial_2__exact_tree_production_medians__current_gwt_rater_design__seed20260506__pres95_abs05_sig30,asymmetric_prior_sweep,20260506,Chicken,0,Global Workspace Theory > Modularity,Modularity,weak support,moderately demanding,0.560047800174686,0.2332959659893026,0.32675183418538345,0,0,6,12,-0.5554347678250722,-0.5553810276555211,5.37401695510642e-05,5.37401695510642e-05,-23.379999632827108,-33.17949498953271
asymmetric_prior_sweep:exact_latent_tree__full_exact_tree__three_state_binomial_2__exact_tree_production_medians__current_gwt_rater_design__seed20260506__pres95_abs05_sig30,asymmetric_prior_sweep,20260506,Chicken,0,Global Workspace Theory > Complexity,Complexity,strong support,weakly undemanding,0.9205216626808573,0.3969036303573165,0.5236180323235409,0,5,8,15,-2.0265925029666034,-1.0849740278250444,0.941618475141559,0.941618475141559,-25.08691015115624,-26.93156746470848
asymmetric_prior_sweep:exact_latent_tree__full_exact_tree__three_state_binomial_2__exact_tree_production_medians__current_gwt_rater_design__seed20260506__pres95_abs05_sig30,asymmetric_prior_sweep,20260506,Chicken,0,Global Workspace Theory > Selective Attention,Selective Attention,strong support,moderately demanding,0.8652906577456392,0.21587260411564355,0.6494180536299956,0,5,12,24,-1.761452064880101,-1.6851407101940055,0.07631135468609562,0.07631135468609562,-37.5765988519005,-41.92371787774724
asymmetric_prior_sweep:exact_latent_tree__full_exact_tree__three_state_binomial_2__exact_tree_production_medians__current_gwt_rater_design__seed20260506__pres95_abs05_sig30,asymmetric_prior_sweep,20260506,Chicken,0,Global Workspace Theory > Integration,Integration,strong support,moderately demanding,0.8652906577456392,0.21587260411564355,0.6494180536299956,1,0,2,4,1.3883770330795024,1.136997209950109,-0.25137982312939355,0.25137982312939355,-7.273769571539814,-4.788103073793182
asymmetric_prior_sweep:exact_latent_tree__full_exact_tree__three_state_binomial_2__exact_tree_production_medians__current_gwt_rater_design__seed20260506__pres95_abs05_sig30,asymmetric_prior_sweep,20260506,LLMs,1,Global Workspace Theory > Representationality,Representationality,weak support,strongly undemanding,0.9250177775636342,0.869159106691928,0.05585867087170626,1,4,8,30,0.06228675610397856,0.046379462066354904,-0.015907294037623657,0.015907294037623657,-48.99296564826242,-47.54559639713578
asymmetric_prior_sweep:exact_latent_tree__full_exact_tree__three_state_binomial_2__exact_tree_production_medians__current_gwt_rater_design__seed20260506__pres95_abs05_sig30,asymmetric_prior_sweep,20260506,LLMs,1,Global Workspace Theory > Hierarchical Organization,Hierarchical Organization,weak support,moderately undemanding,0.8265237784608894,0.6298719913082595,0.19665178715262988,1,0,1,3,0.2717120765744194,-0.1845650692676184,-0.4562771458420378,0.4562771458420378,-5.281285071779179,-6.094507986385449
asymmetric_prior_sweep:exact_latent_tree__full_exact_tree__three_state_binomial_2__exact_tree_production_medians__current_gwt_rater_design__seed20260506__pres95_abs05_sig30,asymmetric_prior_sweep,20260506,LLMs,1,Global Workspace Theory > Coherence,Coherence,strong support,strongly demanding,0.7979354739553153,0.10156225083779936,0.6963732231175159,1,4,13,48,2.061355815243681,-0.133989542001828,-2.195345357245509,2.195345357245509,-77.09669591991032,-77.29130388935432
asymmetric_prior_sweep:exact_latent_tree__full_exact_tree__three_state_binomial_2__exact_tree_production_medians__current_gwt_rater_design__seed20260506__pres95_abs05_sig30,asymmetric_prior_sweep,20260506,LLMs,1,Global Workspace Theory > Modularity,Modularity,weak support,moderately demanding,0.560047800174686,0.2332959659893026,0.32675183418538345,0,0,6,24,-0.5554347678250722,-0.555431201209629,3.5666154432068e-06,3.5666154432068e-06,-36.24187834208314,-48.75395821389618
asymmetric_prior_sweep:exact_latent_tree__full_exact_tree__three_state_binomial_2__exact_tree_production_medians__current_gwt_rater_design__seed20260506__pres95_abs05_sig30,asymmetric_prior_sweep,20260506,LLMs,1,Global Workspace Theory > Complexity,Complexity,strong support,weakly undemanding,0.9205216626808573,0.3969036303573165,0.5236180323235409,1,5,8,30,0.8412470274704257,0.25472122417808407,-0.5865258032923416,0.5865258032923416,-58.27038978058272,-57.733775732275035
asymmetric_prior_sweep:exact_latent_tree__full_exact_tree__three_state_binomial_2__exact_tree_production_medians__current_gwt_rater_design__seed20260506__pres95_abs05_sig30,asymmetric_prior_sweep,20260506,LLMs,1,Global Workspace Theory > Selective Attention,Selective Attention,strong support,moderately demanding,0.8652906577456392,0.21587260411564355,0.6494180536299956,1,5,12,43,1.3883770330795024,-0.6005747146803628,-1.9889517477598653,1.9889517477598653,-69.75671059332117,-70.68435402274224
asymmetric_prior_sweep:exact_latent_tree__full_exact_tree__three_state_binomial_2__exact_tree_production_medians__current_gwt_rater_design__seed20260506__pres95_abs05_sig30,asymmetric_prior_sweep,20260506,LLMs,1,Global Workspace Theory > Integration,Integration,strong support,moderately demanding,0.8652906577456392,0.21587260411564355,0.6494180536299956,1,0,2,8,1.3883770330795024,1.3477994980138934,-0.040577535065609016,0.040577535065609016,-13.361642468786615,-8.933237219054257
