dgp,fit,leaf,nuisance_truth,design,estimand,node_key,indicator,top_feature,depth,truth,posterior_mean,posterior_median,posterior_p03,posterior_p97,signed_error,abs_error,squared_error,interval_includes_truth
exact_latent_tree,full_exact_tree,three_state_binomial_2,exact_tree_production_medians,current_gwt_rater_design,delta_j,Global Workspace Theory > Representationality > Conceptual Representations > Activation Steering Effects,Activation Steering Effects,Representationality,3,0.013712555733615172,0.47595487070948206,0.47652455455970166,0.3918399795358213,0.5575485385846027,0.4628119988260865,0.4628119988260865,0.21419494625739746,False
exact_latent_tree,full_exact_tree,three_state_binomial_2,exact_tree_production_medians,current_gwt_rater_design,q_gap_999_001,Global Workspace Theory > Representationality > Conceptual Representations > Activation Steering Effects,Activation Steering Effects,Representationality,3,0.013685130622147941,0.4750029609680631,0.47557150545058224,0.3910562995767497,0.5564334415074336,0.4618863748284343,0.4618863748284343,0.21333902325215293,False
exact_latent_tree,full_exact_tree,three_state_binomial_2,exact_tree_production_medians,current_gwt_rater_design,delta_j,Global Workspace Theory > Representationality > Conceptual Representations > Probe-Detectable Themes,Probe-Detectable Themes,Representationality,3,0.015252512759450746,0.4875490328001945,0.48738846757722143,0.40191942245456486,0.5693189081222979,0.4721359548177707,0.4721359548177707,0.22291235983168803,False
exact_latent_tree,full_exact_tree,three_state_binomial_2,exact_tree_production_medians,current_gwt_rater_design,q_gap_999_001,Global Workspace Theory > Representationality > Conceptual Representations > Probe-Detectable Themes,Probe-Detectable Themes,Representationality,3,0.015222007733931845,0.4865739347345941,0.486413690642067,0.4011155836096557,0.5681802703060534,0.4711916829081352,0.4711916829081352,0.2220216020418006,False
exact_latent_tree,full_exact_tree,three_state_binomial_2,exact_tree_production_medians,current_gwt_rater_design,delta_j,Global Workspace Theory > Representationality > Conceptual Representations > Concept-Specific Ablation Effects,Concept-Specific Ablation Effects,Representationality,3,0.020548420270120653,0.46830166450817956,0.4682749245891696,0.38306642536520674,0.5509201647448927,0.4477265043190489,0.4477265043190489,0.20045902266975532,False
exact_latent_tree,full_exact_tree,three_state_binomial_2,exact_tree_production_medians,current_gwt_rater_design,q_gap_999_001,Global Workspace Theory > Representationality > Conceptual Representations > Concept-Specific Ablation Effects,Concept-Specific Ablation Effects,Representationality,3,0.02050732342958041,0.46736506117916327,0.46733837473999124,0.38230029251447634,0.5498183244154028,0.44683105131041084,0.44683105131041084,0.19965798841516702,False
exact_latent_tree,full_exact_tree,three_state_binomial_2,exact_tree_production_medians,current_gwt_rater_design,delta_j,Global Workspace Theory > Representationality > Propositional Representations > Logical Inference,Logical Inference,Representationality,3,0.023558048584510317,0.4649853163506541,0.4658963516379281,0.3548852476670635,0.5681503912059676,0.44233830305341776,0.44233830305341776,0.19566317434817726,False
exact_latent_tree,full_exact_tree,three_state_binomial_2,exact_tree_production_medians,current_gwt_rater_design,q_gap_999_001,Global Workspace Theory > Representationality > Propositional Representations > Logical Inference,Logical Inference,Representationality,3,0.023510932487341298,0.4640553457179528,0.46496455893465216,0.35417547717172937,0.5670140904235557,0.44145362644731084,0.44145362644731084,0.19488130430348186,False
exact_latent_tree,full_exact_tree,three_state_binomial_2,exact_tree_production_medians,current_gwt_rater_design,delta_j,Global Workspace Theory > Representationality > World Modelling > Model Isomorphism,Model Isomorphism,Representationality,3,0.020548420270120653,0.46830166450817956,0.4682749245891696,0.38306642536520674,0.5509201647448928,0.4477265043190489,0.4477265043190489,0.20045902266975532,False
exact_latent_tree,full_exact_tree,three_state_binomial_2,exact_tree_production_medians,current_gwt_rater_design,q_gap_999_001,Global Workspace Theory > Representationality > World Modelling > Model Isomorphism,Model Isomorphism,Representationality,3,0.02050732342958041,0.4673650611791632,0.46733837473999124,0.38230029251447634,0.5498183244154029,0.44683105131041084,0.44683105131041084,0.19965798841516702,False
exact_latent_tree,full_exact_tree,three_state_binomial_2,exact_tree_production_medians,current_gwt_rater_design,delta_j,Global Workspace Theory > Representationality > World Modelling > Broad Predictive Training,Broad Predictive Training,Representationality,3,0.007649456135365859,0.4739665531348537,0.47441646822465877,0.38888999721192163,0.5558791691749383,0.4667670120892929,0.4667670120892929,0.2178714435747661,False
exact_latent_tree,full_exact_tree,three_state_binomial_2,exact_tree_production_medians,current_gwt_rater_design,q_gap_999_001,Global Workspace Theory > Representationality > World Modelling > Broad Predictive Training,Broad Predictive Training,Representationality,3,0.007634157223095127,0.47301862002858397,0.47346763528820945,0.3881122172174978,0.5547674108365883,0.4658334780651143,0.4658334780651143,0.21700082928624134,False
exact_latent_tree,full_exact_tree,three_state_binomial_2,exact_tree_production_medians,current_gwt_rater_design,delta_j,Global Workspace Theory > Representationality > Isomorphic Representations > Somatotopic Neural Maps,Somatotopic Neural Maps,Representationality,3,0.012133260097140787,0.4812081713392765,0.48186570710294196,0.3978687695293769,0.5625824979693368,0.4697324470058012,0.4697324470058012,0.2206485717700578,False
exact_latent_tree,full_exact_tree,three_state_binomial_2,exact_tree_production_medians,current_gwt_rater_design,q_gap_999_001,Global Workspace Theory > Representationality > Isomorphic Representations > Somatotopic Neural Maps,Somatotopic Neural Maps,Representationality,3,0.012108993576946505,0.480245754996598,0.48090197568873605,0.3970730319903182,0.5614573329733981,0.46879298211178955,0.46879298211178955,0.21976686007726465,False
exact_latent_tree,full_exact_tree,three_state_binomial_2,exact_tree_production_medians,current_gwt_rater_design,delta_j,Global Workspace Theory > Representationality > Isomorphic Representations > Has Retinotopic Neural Maps,Has Retinotopic Neural Maps,Representationality,3,0.013592120667725888,0.49056505829755753,0.49094766145346114,0.40866842062056324,0.5693397087507814,0.4773555407857353,0.4773555407857353,0.22786831231884178,False
exact_latent_tree,full_exact_tree,three_state_binomial_2,exact_tree_production_medians,current_gwt_rater_design,q_gap_999_001,Global Workspace Theory > Representationality > Isomorphic Representations > Has Retinotopic Neural Maps,Has Retinotopic Neural Maps,Representationality,3,0.013564936426390437,0.4895839281809624,0.4899657661305542,0.4078510837793221,0.5682010293332799,0.47640082970416375,0.47640082970416375,0.22695775054281564,False
exact_latent_tree,full_exact_tree,three_state_binomial_2,exact_tree_production_medians,current_gwt_rater_design,delta_j,Global Workspace Theory > Hierarchical Organization > Concrete-Abstract Separation,Concrete-Abstract Separation,Hierarchical Organization,2,0.09480269198245146,0.6146331953560816,0.6165600824974848,0.5226754056783679,0.6978904292306374,0.5217573905150333,0.5217573905150333,0.272230774557057,False
exact_latent_tree,full_exact_tree,three_state_binomial_2,exact_tree_production_medians,current_gwt_rater_design,q_gap_999_001,Global Workspace Theory > Hierarchical Organization > Concrete-Abstract Separation,Concrete-Abstract Separation,Hierarchical Organization,2,0.09461308659848656,0.6134039289653695,0.61532696233249,0.5216300548670112,0.6964946483721761,0.5207138757340034,0.5207138757340034,0.27114294038192716,False
exact_latent_tree,full_exact_tree,three_state_binomial_2,exact_tree_production_medians,current_gwt_rater_design,delta_j,Global Workspace Theory > Coherence > Autonomous Subparts > Functional Subparts,Functional Subparts,Coherence,3,-0.008331061074457975,0.46422586699264284,0.4654493961730658,0.37887083567841445,0.5439367341623554,0.47378045724752377,0.47378045724752377,0.2244679216696727,False
exact_latent_tree,full_exact_tree,three_state_binomial_2,exact_tree_production_medians,current_gwt_rater_design,q_gap_999_001,Global Workspace Theory > Coherence > Autonomous Subparts > Functional Subparts,Functional Subparts,Coherence,3,-0.008314398952309059,0.4632974152586576,0.4645184973807197,0.37811309400705767,0.5428488606940306,0.4728328963330288,0.4728328963330288,0.22357094785468073,False
exact_latent_tree,full_exact_tree,three_state_binomial_2,exact_tree_production_medians,current_gwt_rater_design,delta_j,Global Workspace Theory > Coherence > Autonomous Subparts > Conflicting Subparts,Conflicting Subparts,Coherence,3,-0.010816818435554239,0.4784432942881876,0.47910343343686157,0.39302219942803196,0.5581047004980877,0.48992025187241584,0.48992025187241584,0.24002185319473138,False
exact_latent_tree,full_exact_tree,three_state_binomial_2,exact_tree_production_medians,current_gwt_rater_design,q_gap_999_001,Global Workspace Theory > Coherence > Autonomous Subparts > Conflicting Subparts,Conflicting Subparts,Coherence,3,-0.010795184798683131,0.47748640769961115,0.4781452265699878,0.3922361550291759,0.5569884910970915,0.48894041136867095,0.48894041136867095,0.23906272586936517,False
exact_latent_tree,full_exact_tree,three_state_binomial_2,exact_tree_production_medians,current_gwt_rater_design,delta_j,Global Workspace Theory > Coherence > Autonomous Subparts > Information Transfer,Information Transfer,Coherence,3,-0.005230186037444204,0.46523257678275154,0.46570393621141526,0.38045336223369763,0.5489882546730647,0.47093412224885944,0.47093412224885944,0.22177894749830368,False
exact_latent_tree,full_exact_tree,three_state_binomial_2,exact_tree_production_medians,current_gwt_rater_design,q_gap_999_001,Global Workspace Theory > Coherence > Autonomous Subparts > Information Transfer,Information Transfer,Coherence,3,-0.005219725665369316,0.464302111629186,0.4647725283389924,0.37969245550923025,0.5478902781637185,0.46999225400436173,0.46999225400436173,0.22089271882410047,False
exact_latent_tree,full_exact_tree,three_state_binomial_2,exact_tree_production_medians,current_gwt_rater_design,delta_j,Global Workspace Theory > Coherence > Autonomous Subparts > Learning Transfer,Learning Transfer,Coherence,3,-0.009781363524101139,0.46936532968500194,0.4699329667733232,0.3801314013228061,0.5513236416683183,0.47971433029742433,0.47971433029742433,0.23012583869270634,False
exact_latent_tree,full_exact_tree,three_state_binomial_2,exact_tree_production_medians,current_gwt_rater_design,q_gap_999_001,Global Workspace Theory > Coherence > Autonomous Subparts > Learning Transfer,Learning Transfer,Coherence,3,-0.009761800797052937,0.46842659902563194,0.4689931008397766,0.37937113852016047,0.5502209943849816,0.4787549016368295,0.4787549016368295,0.22920625584129029,False
exact_latent_tree,full_exact_tree,three_state_binomial_2,exact_tree_production_medians,current_gwt_rater_design,delta_j,Global Workspace Theory > Coherence > Autonomous Subparts > Information Transfer Architecture,Information Transfer Architecture,Coherence,3,-0.009941653915107429,0.4538982401758329,0.45492195012809106,0.3699493162230193,0.5332820074626086,0.4648636040431985,0.4648636040431985,0.21609817036403162,False
exact_latent_tree,full_exact_tree,three_state_binomial_2,exact_tree_production_medians,current_gwt_rater_design,q_gap_999_001,Global Workspace Theory > Coherence > Autonomous Subparts > Information Transfer Architecture,Information Transfer Architecture,Coherence,3,-0.009921770607277215,0.4529904436954813,0.4540121062278349,0.36920941759057324,0.5322154434476832,0.4639338768351121,0.4639338768351121,0.21523464207525697,False
exact_latent_tree,full_exact_tree,three_state_binomial_2,exact_tree_production_medians,current_gwt_rater_design,delta_j,Global Workspace Theory > Coherence > Point of View > Perspective-relative Representations,Perspective-relative Representations,Coherence,3,0.2148476176256339,0.44638135349421,0.446786890034384,0.36395796588121604,0.5297055138188961,0.2319392724087501,0.2319392724087501,0.05379582608550038,False
exact_latent_tree,full_exact_tree,three_state_binomial_2,exact_tree_production_medians,current_gwt_rater_design,q_gap_999_001,Global Workspace Theory > Coherence > Point of View > Perspective-relative Representations,Perspective-relative Representations,Coherence,3,0.21441792239038263,0.4454885907872215,0.4458933162543152,0.3632300499494536,0.5286461027912582,0.2314753938639326,0.2314753938639326,0.05358085796446272,False
exact_latent_tree,full_exact_tree,three_state_binomial_2,exact_tree_production_medians,current_gwt_rater_design,delta_j,Global Workspace Theory > Coherence > Point of View > Stable Personality,Stable Personality,Coherence,3,0.1080996327976018,0.46585307317366953,0.46670038437722083,0.3798192328825388,0.5451809142943546,0.358600751579619,0.358600751579619,0.12859449903346762,False
exact_latent_tree,full_exact_tree,three_state_binomial_2,exact_tree_production_medians,current_gwt_rater_design,q_gap_999_001,Global Workspace Theory > Coherence > Point of View > Stable Personality,Stable Personality,Coherence,3,0.1078834335320066,0.4649213670273222,0.4657669836084664,0.3790595944167737,0.5440905524657659,0.3578835500764598,0.3578835500764598,0.12808063541532988,False
exact_latent_tree,full_exact_tree,three_state_binomial_2,exact_tree_production_medians,current_gwt_rater_design,delta_j,Global Workspace Theory > Coherence > Common Representational Scheme > Authoritative Representational Scheme,Authoritative Representational Scheme,Coherence,3,0.15374047339642458,0.45360335028651383,0.4545743601451469,0.3695263568877087,0.5365762533666207,0.30083388674872236,0.30083388674872236,0.09050102741634311,False
exact_latent_tree,full_exact_tree,three_state_binomial_2,exact_tree_production_medians,current_gwt_rater_design,q_gap_999_001,Global Workspace Theory > Coherence > Common Representational Scheme > Authoritative Representational Scheme,Authoritative Representational Scheme,Coherence,3,0.15343299244963174,0.45269614358594085,0.4536652114248566,0.3687873041739333,0.5355031008598875,0.3002322189752249,0.3002322189752249,0.0901393853107874,False
exact_latent_tree,full_exact_tree,three_state_binomial_2,exact_tree_production_medians,current_gwt_rater_design,delta_j,Global Workspace Theory > Coherence > Common Representational Scheme > Unified Egocentric Representations,Unified Egocentric Representations,Coherence,3,0.17095030161616312,0.4640055886947222,0.4650847043226868,0.3758139833310826,0.5503613877359859,0.2941344027065237,0.2941344027065237,0.08651504685552346,False
exact_latent_tree,full_exact_tree,three_state_binomial_2,exact_tree_production_medians,current_gwt_rater_design,q_gap_999_001,Global Workspace Theory > Coherence > Common Representational Scheme > Unified Egocentric Representations,Unified Egocentric Representations,Coherence,3,0.1706084010129308,0.4630775775173327,0.46415453491404146,0.37506235536442045,0.5492606649605138,0.2935461339011107,0.2935461339011107,0.08616933272828879,False
exact_latent_tree,full_exact_tree,three_state_binomial_2,exact_tree_production_medians,current_gwt_rater_design,delta_j,Global Workspace Theory > Coherence > Common Representational Scheme > Distinguishes Self-Produced from Other-Produced Behavior,Distinguishes Self-Produced from Other-Produced Behavior,Coherence,3,0.12883382226123832,0.4639327390509323,0.4640228424474944,0.37856224093178625,0.5476979914641895,0.33518902018625607,0.33518902018625607,0.11235167925342238,False
exact_latent_tree,full_exact_tree,three_state_binomial_2,exact_tree_production_medians,current_gwt_rater_design,q_gap_999_001,Global Workspace Theory > Coherence > Common Representational Scheme > Distinguishes Self-Produced from Other-Produced Behavior,Distinguishes Self-Produced from Other-Produced Behavior,Coherence,3,0.12857615461671584,0.46300487357283043,0.46309479676259946,0.3778051164499227,0.5466025954812611,0.3345186421458836,0.3345186421458836,0.11190272194312574,False
exact_latent_tree,full_exact_tree,three_state_binomial_2,exact_tree_production_medians,current_gwt_rater_design,delta_j,Global Workspace Theory > Coherence > Social Coherence > Stable Personality,Stable Personality,Coherence,3,0.13170794800245486,0.4509311612274638,0.45132423815660094,0.36626813842874995,0.5311574161294497,0.31961629015414605,0.31961629015414605,0.10215457293189928,False
exact_latent_tree,full_exact_tree,three_state_binomial_2,exact_tree_production_medians,current_gwt_rater_design,q_gap_999_001,Global Workspace Theory > Coherence > Social Coherence > Stable Personality,Stable Personality,Coherence,3,0.13144453210644996,0.45002929890500876,0.45042158968028767,0.3655356021518924,0.5300951012971907,0.3189770575738377,0.3189770575738377,0.10174636325846338,False
exact_latent_tree,full_exact_tree,three_state_binomial_2,exact_tree_production_medians,current_gwt_rater_design,delta_j,Global Workspace Theory > Coherence > Social Coherence > Persistence Seeking,Persistence Seeking,Coherence,3,0.0498016330509242,0.4681517655273846,0.46919976870666524,0.3795895278327279,0.5475523581494732,0.419398135655741,0.419398135655741,0.17589479619151135,False
exact_latent_tree,full_exact_tree,three_state_binomial_2,exact_tree_production_medians,current_gwt_rater_design,q_gap_999_001,Global Workspace Theory > Coherence > Social Coherence > Persistence Seeking,Persistence Seeking,Coherence,3,0.049702029784822355,0.46721546199632985,0.46826136916925193,0.37883034877706245,0.5464572534331743,0.4185593393844296,0.4185593393844296,0.1751919205859301,False
exact_latent_tree,full_exact_tree,three_state_binomial_2,exact_tree_production_medians,current_gwt_rater_design,delta_j,Global Workspace Theory > Coherence > Social Coherence > Stable Social Interactions,Stable Social Interactions,Coherence,3,0.14645143818575762,0.4612905264536996,0.4613329123802369,0.3713762842699326,0.5451309640056126,0.31488147419447926,0.31488147419447926,0.09915034279088851,False
exact_latent_tree,full_exact_tree,three_state_binomial_2,exact_tree_production_medians,current_gwt_rater_design,q_gap_999_001,Global Workspace Theory > Coherence > Social Coherence > Stable Social Interactions,Stable Social Interactions,Coherence,3,0.1461585353093861,0.46036794540079223,0.4604102465554764,0.3706335317013927,0.5440407020776012,0.3142517112460903,0.3142517112460903,0.09875413802109612,False
exact_latent_tree,full_exact_tree,three_state_binomial_2,exact_tree_production_medians,current_gwt_rater_design,delta_j,Global Workspace Theory > Modularity > Cross-Modal Learning Deficits,Cross-Modal Learning Deficits,Modularity,2,0.12128735704422923,0.6347541435385446,0.6367857024419863,0.5489908597154878,0.7100303161242298,0.5154983453977571,0.5154983453977571,0.26573854410782527,False
exact_latent_tree,full_exact_tree,three_state_binomial_2,exact_tree_production_medians,current_gwt_rater_design,q_gap_999_001,Global Workspace Theory > Modularity > Cross-Modal Learning Deficits,Cross-Modal Learning Deficits,Modularity,2,0.12104478233014077,0.6334846352514676,0.6355121310371022,0.5478928779960568,0.7086102554919813,0.5144673487069615,0.5144673487069615,0.26467665288557035,False
exact_latent_tree,full_exact_tree,three_state_binomial_2,exact_tree_production_medians,current_gwt_rater_design,delta_j,Global Workspace Theory > Modularity > Selective Competence Disruption,Selective Competence Disruption,Modularity,2,0.21219854017670278,0.6144089408140173,0.6157874641764121,0.5230870776730178,0.6927159488382943,0.40358892399970925,0.40358892399970925,0.1628840195752431,False
exact_latent_tree,full_exact_tree,three_state_binomial_2,exact_tree_production_medians,current_gwt_rater_design,q_gap_999_001,Global Workspace Theory > Modularity > Selective Competence Disruption,Selective Competence Disruption,Modularity,2,0.21177414309634937,0.6131801229323893,0.6145558892480592,0.5220409035176717,0.6913305169406178,0.4027817461517098,0.4027817461517098,0.1622331350330204,False
exact_latent_tree,full_exact_tree,three_state_binomial_2,exact_tree_production_medians,current_gwt_rater_design,delta_j,Global Workspace Theory > Modularity > Poorly Intraconnected Networks,Poorly Intraconnected Networks,Modularity,2,0.15523232256642863,0.6069423196008963,0.6087705822076749,0.517973479422124,0.6885505650047299,0.4535382596412463,0.4535382596412463,0.20569695295841053,False
exact_latent_tree,full_exact_tree,three_state_binomial_2,exact_tree_production_medians,current_gwt_rater_design,q_gap_999_001,Global Workspace Theory > Modularity > Poorly Intraconnected Networks,Poorly Intraconnected Networks,Modularity,2,0.15492185792129579,0.6057284349616946,0.6075530410432595,0.5169375324632799,0.6871734638747204,0.4526311831219637,0.4526311831219637,0.20487498793438866,False
exact_latent_tree,full_exact_tree,three_state_binomial_2,exact_tree_production_medians,current_gwt_rater_design,delta_j,Global Workspace Theory > Modularity > Dedicated Speech Systems,Dedicated Speech Systems,Modularity,2,0.15523232256642863,0.6069423196008963,0.6087705822076749,0.517973479422124,0.6885505650047299,0.4535382596412463,0.4535382596412463,0.20569695295841053,False
exact_latent_tree,full_exact_tree,three_state_binomial_2,exact_tree_production_medians,current_gwt_rater_design,q_gap_999_001,Global Workspace Theory > Modularity > Dedicated Speech Systems,Dedicated Speech Systems,Modularity,2,0.15492185792129579,0.6057284349616946,0.6075530410432595,0.5169375324632799,0.6871734638747204,0.4526311831219637,0.4526311831219637,0.20487498793438866,False
exact_latent_tree,full_exact_tree,three_state_binomial_2,exact_tree_production_medians,current_gwt_rater_design,delta_j,Global Workspace Theory > Modularity > Dedicated Action Systems,Dedicated Action Systems,Modularity,2,0.17109315247425838,0.6398687961823823,0.6418167102003962,0.5561170737817034,0.7169636308747475,0.47072355772613783,0.47072355772613783,0.22158066779835262,False
exact_latent_tree,full_exact_tree,three_state_binomial_2,exact_tree_production_medians,current_gwt_rater_design,q_gap_999_001,Global Workspace Theory > Modularity > Dedicated Action Systems,Dedicated Action Systems,Modularity,2,0.17075096616930988,0.6385890585900175,0.6405330767799955,0.5550048396341399,0.715529703612998,0.46978211061068564,0.46978211061068564,0.22069523144983047,False
exact_latent_tree,full_exact_tree,three_state_binomial_2,exact_tree_production_medians,current_gwt_rater_design,delta_j,Global Workspace Theory > Modularity > Dedicated Sensory Systems,Dedicated Sensory Systems,Modularity,2,0.12128735704422923,0.6347541435385446,0.6367857024419863,0.5489908597154878,0.7100303161242298,0.5154983453977571,0.5154983453977571,0.26573854410782527,False
exact_latent_tree,full_exact_tree,three_state_binomial_2,exact_tree_production_medians,current_gwt_rater_design,q_gap_999_001,Global Workspace Theory > Modularity > Dedicated Sensory Systems,Dedicated Sensory Systems,Modularity,2,0.12104478233014077,0.6334846352514676,0.6355121310371022,0.5478928779960568,0.7086102554919813,0.5144673487069615,0.5144673487069615,0.26467665288557035,False
exact_latent_tree,full_exact_tree,three_state_binomial_2,exact_tree_production_medians,current_gwt_rater_design,delta_j,Global Workspace Theory > Complexity > Functional Diversity > Diversity of Tasks,Diversity of Tasks,Complexity,3,0.1285412155232533,0.48315947118832875,0.4840539547725451,0.399037704917087,0.5650998236533141,0.35551273924929183,0.35551273924929183,0.12638930776853496,False
exact_latent_tree,full_exact_tree,three_state_binomial_2,exact_tree_production_medians,current_gwt_rater_design,q_gap_999_001,Global Workspace Theory > Complexity > Functional Diversity > Diversity of Tasks,Diversity of Tasks,Complexity,3,0.1282841330922068,0.4821931522459521,0.483085846863,0.3982396295072529,0.5639696240060075,0.35480171377079317,0.35480171377079317,0.12588425609469184,False
exact_latent_tree,full_exact_tree,three_state_binomial_2,exact_tree_production_medians,current_gwt_rater_design,delta_j,Global Workspace Theory > Complexity > Functional Diversity > Variability of Responses to Stimuli,Variability of Responses to Stimuli,Complexity,3,0.04785138598520409,0.48884353674711506,0.48957891207070303,0.40633535060178,0.567904120924106,0.4417275260854989,0.4417275260854989,0.19512320730161514,False
exact_latent_tree,full_exact_tree,three_state_binomial_2,exact_tree_production_medians,current_gwt_rater_design,q_gap_999_001,Global Workspace Theory > Complexity > Functional Diversity > Variability of Responses to Stimuli,Variability of Responses to Stimuli,Complexity,3,0.04775568321323368,0.4878658496736208,0.4885997542465616,0.4055226799005765,0.5667683126822577,0.4408440710333279,0.4408440710333279,0.19434349496523787,False
exact_latent_tree,full_exact_tree,three_state_binomial_2,exact_tree_production_medians,current_gwt_rater_design,delta_j,Global Workspace Theory > Complexity > Informational Complexity > Optimized Componentry,Optimized Componentry,Complexity,3,0.06436027731723112,0.48510930264718516,0.4862447464206773,0.4021264655309748,0.5665686432253617,0.4218844691034461,0.4218844691034461,0.1779865052706966,False
exact_latent_tree,full_exact_tree,three_state_binomial_2,exact_tree_production_medians,current_gwt_rater_design,q_gap_999_001,Global Workspace Theory > Complexity > Informational Complexity > Optimized Componentry,Optimized Componentry,Complexity,3,0.06423155676259666,0.48413908404189077,0.4852722569278359,0.4013222125999129,0.5654355059389109,0.4210407001652392,0.4210407001652392,0.17727527119563485,False
exact_latent_tree,full_exact_tree,three_state_binomial_2,exact_tree_production_medians,current_gwt_rater_design,delta_j,Global Workspace Theory > Complexity > Informational Complexity > Compressibility,Compressibility,Complexity,3,0.135376957998358,0.47543197681107474,0.4770291057840621,0.38917735561629746,0.5556619744252607,0.3416521477857041,0.3416521477857041,0.11672619008658458,False
exact_latent_tree,full_exact_tree,three_state_binomial_2,exact_tree_production_medians,current_gwt_rater_design,q_gap_999_001,Global Workspace Theory > Complexity > Informational Complexity > Compressibility,Compressibility,Complexity,3,0.1351062040823613,0.4744811128574526,0.476075047572494,0.3883990009050649,0.5545506504764102,0.34096884349013273,0.34096884349013273,0.11625975223099863,False
exact_latent_tree,full_exact_tree,three_state_binomial_2,exact_tree_production_medians,current_gwt_rater_design,delta_j,Global Workspace Theory > Complexity > Structural Complexity > Functional Specialization,Functional Specialization,Complexity,3,0.17578403518851055,0.48047373217552697,0.4813952564492404,0.39673463193206426,0.5605730724673698,0.30561122126072987,0.30561122126072987,0.09339821856047478,False
exact_latent_tree,full_exact_tree,three_state_binomial_2,exact_tree_production_medians,current_gwt_rater_design,q_gap_999_001,Global Workspace Theory > Complexity > Structural Complexity > Functional Specialization,Functional Specialization,Complexity,3,0.1754324671181335,0.47951278471117587,0.4804324659363419,0.3959411626682001,0.559451926322435,0.3049999988182084,0.3049999988182084,0.09302499927910711,False
exact_latent_tree,full_exact_tree,three_state_binomial_2,exact_tree_production_medians,current_gwt_rater_design,delta_j,Global Workspace Theory > Complexity > Structural Complexity > Number of Layers,Number of Layers,Complexity,3,0.1732290720310502,0.46478223219250114,0.4652162894249334,0.382548816706775,0.5428996787454922,0.2919872173938832,0.2919872173938832,0.08525653512142282,False
exact_latent_tree,full_exact_tree,three_state_binomial_2,exact_tree_production_medians,current_gwt_rater_design,q_gap_999_001,Global Workspace Theory > Complexity > Structural Complexity > Number of Layers,Number of Layers,Complexity,3,0.1728826138869881,0.46385266772811623,0.46428585684608353,0.3817837190733614,0.5418138793880012,0.2914032429590954,0.2914032429590954,0.08491585000707759,False
exact_latent_tree,full_exact_tree,three_state_binomial_2,exact_tree_production_medians,current_gwt_rater_design,delta_j,Global Workspace Theory > Complexity > Structural Complexity > Number of Nodes,Number of Nodes,Complexity,3,0.16944887392909347,0.4781993530412752,0.4788934350897587,0.39297972059539527,0.5565236328667847,0.3094445611606652,0.3094445611606652,0.09575593643191667,False
exact_latent_tree,full_exact_tree,three_state_binomial_2,exact_tree_production_medians,current_gwt_rater_design,q_gap_999_001,Global Workspace Theory > Complexity > Structural Complexity > Number of Nodes,Number of Nodes,Complexity,3,0.16910997618123527,0.47724295433519265,0.4779356482195791,0.39219376115420446,0.5554105856010512,0.3088256720383439,0.3088256720383439,0.09537329570993473,False
exact_latent_tree,full_exact_tree,three_state_binomial_2,exact_tree_production_medians,current_gwt_rater_design,delta_j,Global Workspace Theory > Complexity > Structural Complexity > Number of Connections,Number of Connections,Complexity,3,0.16944887392909347,0.4781993530412752,0.4788934350897587,0.39297972059539527,0.5565236328667847,0.3094445611606652,0.3094445611606652,0.09575593643191667,False
exact_latent_tree,full_exact_tree,three_state_binomial_2,exact_tree_production_medians,current_gwt_rater_design,q_gap_999_001,Global Workspace Theory > Complexity > Structural Complexity > Number of Connections,Number of Connections,Complexity,3,0.16910997618123527,0.47724295433519265,0.4779356482195791,0.39219376115420446,0.5554105856010512,0.3088256720383439,0.3088256720383439,0.09537329570993473,False
exact_latent_tree,full_exact_tree,three_state_binomial_2,exact_tree_production_medians,current_gwt_rater_design,delta_j,Global Workspace Theory > Selective Attention > Non-Linear Capabilities > Threshold Activation,Threshold Activation,Selective Attention,3,0.14633627981898722,0.47119402528405846,0.4720374111541577,0.38682645008392125,0.550599616119779,0.3257011313351705,0.3257011313351705,0.10608122695300996,False
exact_latent_tree,full_exact_tree,three_state_binomial_2,exact_tree_production_medians,current_gwt_rater_design,q_gap_999_001,Global Workspace Theory > Selective Attention > Non-Linear Capabilities > Threshold Activation,Threshold Activation,Selective Attention,3,0.14604360725934926,0.47025163723349034,0.4710933363318494,0.3860527971837534,0.5494984168875395,0.3250497290725002,0.3250497290725002,0.10565732637010578,False
exact_latent_tree,full_exact_tree,three_state_binomial_2,exact_tree_production_medians,current_gwt_rater_design,delta_j,Global Workspace Theory > Selective Attention > Non-Linear Capabilities > Self-Sustained Activity,Self-Sustained Activity,Selective Attention,3,0.14188422704708764,0.4726316241396962,0.4743332352342567,0.3638476394650029,0.5733892707639021,0.33244900818716905,0.33244900818716905,0.11052234304463239,False
exact_latent_tree,full_exact_tree,three_state_binomial_2,exact_tree_production_medians,current_gwt_rater_design,q_gap_999_001,Global Workspace Theory > Selective Attention > Non-Linear Capabilities > Self-Sustained Activity,Self-Sustained Activity,Selective Attention,3,0.14160045859299347,0.47168636089141686,0.4733845687637882,0.36311994418607296,0.5722424922223743,0.33178411017079473,0.33178411017079473,0.11008069576182605,False
exact_latent_tree,full_exact_tree,three_state_binomial_2,exact_tree_production_medians,current_gwt_rater_design,delta_j,Global Workspace Theory > Selective Attention > Adaptive Focus > Task Focus,Task Focus,Selective Attention,3,0.20036083673759397,0.4477347691323047,0.4483596741151855,0.33626827927883035,0.5501875016605392,0.24799883737759154,0.24799883737759154,0.061503423340637096,False
exact_latent_tree,full_exact_tree,three_state_binomial_2,exact_tree_production_medians,current_gwt_rater_design,q_gap_999_001,Global Workspace Theory > Selective Attention > Adaptive Focus > Task Focus,Task Focus,Selective Attention,3,0.1999601150641188,0.44683929959404006,0.4474629547669551,0.3355957427202727,0.549087126657218,0.2475028397028363,0.2475028397028363,0.06125765566096788,False
exact_latent_tree,full_exact_tree,three_state_binomial_2,exact_tree_production_medians,current_gwt_rater_design,delta_j,Global Workspace Theory > Selective Attention > Adaptive Focus > Goal Focus Shifts,Goal Focus Shifts,Selective Attention,3,0.20036083673759397,0.4477347691323047,0.4483596741151855,0.33626827927883035,0.5501875016605392,0.24799883737759154,0.24799883737759154,0.061503423340637096,False
exact_latent_tree,full_exact_tree,three_state_binomial_2,exact_tree_production_medians,current_gwt_rater_design,q_gap_999_001,Global Workspace Theory > Selective Attention > Adaptive Focus > Goal Focus Shifts,Goal Focus Shifts,Selective Attention,3,0.1999601150641188,0.44683929959404006,0.4474629547669551,0.3355957427202727,0.549087126657218,0.2475028397028363,0.2475028397028363,0.06125765566096788,False
exact_latent_tree,full_exact_tree,three_state_binomial_2,exact_tree_production_medians,current_gwt_rater_design,delta_j,Global Workspace Theory > Selective Attention > Adaptive Focus > Inattentional Blindness,Inattentional Blindness,Selective Attention,3,0.1959885703168274,0.46070174494097366,0.4618347472879535,0.3493653366664986,0.5637051354460406,0.2658461769711261,0.2658461769711261,0.07067418981016331,False
exact_latent_tree,full_exact_tree,three_state_binomial_2,exact_tree_production_medians,current_gwt_rater_design,q_gap_999_001,Global Workspace Theory > Selective Attention > Adaptive Focus > Inattentional Blindness,Inattentional Blindness,Selective Attention,3,0.19559659317619374,0.45978034145109165,0.4609110777933776,0.34866660599316557,0.5625777251751486,0.2653144846171839,0.2653144846171839,0.0703917757476819,False
exact_latent_tree,full_exact_tree,three_state_binomial_2,exact_tree_production_medians,current_gwt_rater_design,delta_j,Global Workspace Theory > Selective Attention > Attention-Constrained Architecture > Informational Bottleneck,Informational Bottleneck,Selective Attention,3,0.19598857031682743,0.46070174494097366,0.4618347472879534,0.3493653366664986,0.5637051354460406,0.26584617697112595,0.26584617697112595,0.07067418981016321,False
exact_latent_tree,full_exact_tree,three_state_binomial_2,exact_tree_production_medians,current_gwt_rater_design,q_gap_999_001,Global Workspace Theory > Selective Attention > Attention-Constrained Architecture > Informational Bottleneck,Informational Bottleneck,Selective Attention,3,0.19559659317619377,0.4597803414510917,0.4609110777933775,0.34866660599316557,0.5625777251751486,0.2653144846171837,0.2653144846171837,0.07039177574768181,False
exact_latent_tree,full_exact_tree,three_state_binomial_2,exact_tree_production_medians,current_gwt_rater_design,delta_j,Global Workspace Theory > Selective Attention > Attention-Constrained Architecture > Resource Adaptation,Resource Adaptation,Selective Attention,3,0.14548866510466982,0.46891846609665755,0.4689707982307436,0.38153403336269465,0.5511961692260594,0.32348213312607377,0.32348213312607377,0.10464069045179492,False
exact_latent_tree,full_exact_tree,three_state_binomial_2,exact_tree_production_medians,current_gwt_rater_design,q_gap_999_001,Global Workspace Theory > Selective Attention > Attention-Constrained Architecture > Resource Adaptation,Resource Adaptation,Selective Attention,3,0.1451976877744605,0.4679806291644643,0.46803285663428207,0.38077096529596927,0.5500937768876072,0.32283516885982155,0.32283516885982155,0.1042225462527495,False
exact_latent_tree,full_exact_tree,three_state_binomial_2,exact_tree_production_medians,current_gwt_rater_design,delta_j,Global Workspace Theory > Selective Attention > Performance Sensitivity > Performance Degradation,Performance Degradation,Selective Attention,3,0.1433740351909129,0.45358572417044923,0.4541529923467293,0.36874162556776535,0.5336142683615667,0.3107789571558164,0.3107789571558164,0.09658356021085675,False
exact_latent_tree,full_exact_tree,three_state_binomial_2,exact_tree_production_medians,current_gwt_rater_design,q_gap_999_001,Global Workspace Theory > Selective Attention > Performance Sensitivity > Performance Degradation,Performance Degradation,Selective Attention,3,0.1430872871205311,0.45267855272210833,0.45324468636203585,0.3680041423166298,0.5325470398248435,0.31015739924150476,0.31015739924150476,0.09619761230425418,False
exact_latent_tree,full_exact_tree,three_state_binomial_2,exact_tree_production_medians,current_gwt_rater_design,delta_j,Global Workspace Theory > Selective Attention > Performance Sensitivity > Priming Enhancement,Priming Enhancement,Selective Attention,3,0.1410623996866858,0.4689857604693569,0.4690892741132387,0.38566526040193916,0.5472205675218376,0.3280268744265529,0.3280268744265529,0.10760163034605348,False
exact_latent_tree,full_exact_tree,three_state_binomial_2,exact_tree_production_medians,current_gwt_rater_design,q_gap_999_001,Global Workspace Theory > Selective Attention > Performance Sensitivity > Priming Enhancement,Priming Enhancement,Selective Attention,3,0.14078027488731243,0.4680477889484182,0.4681510955650122,0.38489392988113524,0.5461261263867938,0.3273708206776998,0.3273708206776998,0.10717165423119067,False
exact_latent_tree,full_exact_tree,three_state_binomial_2,exact_tree_production_medians,current_gwt_rater_design,delta_j,Global Workspace Theory > Selective Attention > Performance Sensitivity > Coupling,Coupling,Selective Attention,3,0.1410623996866858,0.4689857604693569,0.4690892741132387,0.38566526040193916,0.5472205675218376,0.3280268744265529,0.3280268744265529,0.10760163034605348,False
exact_latent_tree,full_exact_tree,three_state_binomial_2,exact_tree_production_medians,current_gwt_rater_design,q_gap_999_001,Global Workspace Theory > Selective Attention > Performance Sensitivity > Coupling,Coupling,Selective Attention,3,0.14078027488731243,0.4680477889484182,0.4681510955650122,0.38489392988113524,0.5461261263867938,0.3273708206776998,0.3273708206776998,0.10717165423119067,False
exact_latent_tree,full_exact_tree,three_state_binomial_2,exact_tree_production_medians,current_gwt_rater_design,delta_j,Global Workspace Theory > Selective Attention > Capability Attention Modulation > Feature Binding,Feature Binding,Selective Attention,3,0.1365764862585166,0.4612374825517561,0.4624678091607874,0.37294478986404855,0.5440576958891242,0.3258913229022708,0.3258913229022708,0.10620515434299213,False
exact_latent_tree,full_exact_tree,three_state_binomial_2,exact_tree_production_medians,current_gwt_rater_design,q_gap_999_001,Global Workspace Theory > Selective Attention > Capability Attention Modulation > Feature Binding,Feature Binding,Selective Attention,3,0.13630333328599956,0.4603150075866526,0.4615428735424658,0.37219890028432046,0.542969580497346,0.3252395402564663,0.3252395402564663,0.10578075854623756,False
exact_latent_tree,full_exact_tree,three_state_binomial_2,exact_tree_production_medians,current_gwt_rater_design,delta_j,Global Workspace Theory > Selective Attention > Capability Attention Modulation > Adaptive Learning,Adaptive Learning,Selective Attention,3,0.08574183109310095,0.4621567189794182,0.463134211890715,0.3724907371825751,0.5462254785091555,0.37739238079761406,0.37739238079761406,0.14242500908409134,False
exact_latent_tree,full_exact_tree,three_state_binomial_2,exact_tree_production_medians,current_gwt_rater_design,q_gap_999_001,Global Workspace Theory > Selective Attention > Capability Attention Modulation > Adaptive Learning,Adaptive Learning,Selective Attention,3,0.08557034743091474,0.46123240554145933,0.46220794346693356,0.37174575570820995,0.5451330275521371,0.3766375960360188,0.3766375960360188,0.1418558787477913,False
exact_latent_tree,full_exact_tree,three_state_binomial_2,exact_tree_production_medians,current_gwt_rater_design,delta_j,Global Workspace Theory > Integration > Wiring Convergence,Wiring Convergence,Integration,2,0.42174380838057185,0.5906774544227449,0.5934288652493712,0.4587478054473441,0.7064866136041663,0.17168505686879937,0.17168505686879937,0.029475758752042874,False
exact_latent_tree,full_exact_tree,three_state_binomial_2,exact_tree_production_medians,current_gwt_rater_design,q_gap_999_001,Global Workspace Theory > Integration > Wiring Convergence,Wiring Convergence,Integration,2,0.42090032076381073,0.5894960995138994,0.5922420075188725,0.4578303098364494,0.705073640376958,0.17134168675506173,0.17134168675506173,0.029357973620069696,False
exact_latent_tree,full_exact_tree,three_state_binomial_2,exact_tree_production_medians,current_gwt_rater_design,delta_j,Global Workspace Theory > Integration > Holistic Dependency,Holistic Dependency,Integration,2,0.340047003397122,0.6133104641533893,0.6151002643061814,0.5199027755611734,0.6969493245435682,0.27505326090905935,0.27505326090905935,0.07565429633670707,False
exact_latent_tree,full_exact_tree,three_state_binomial_2,exact_tree_production_medians,current_gwt_rater_design,q_gap_999_001,Global Workspace Theory > Integration > Holistic Dependency,Holistic Dependency,Integration,2,0.33936690939032776,0.6120838432250826,0.613870063777569,0.518862970010051,0.695555425894481,0.27450315438724127,0.27450315438724127,0.07535198176854561,False
