system,node_key,indicator,top_feature,depth,n_ratings,chi2,kl,cov94,obs_p0,obs_p1,obs_p2,obs_p3,obs_p4,obs_p5,obs_p6,pred_p0,pred_p1,pred_p2,pred_p3,pred_p4,pred_p5,pred_p6
2024 Leading Chat LLMs,Global Workspace Theory > Coherence > Common Representational Scheme > Authoritative Representational Scheme,Authoritative Representational Scheme,Coherence,3,3,7.819477519824279,1.1248490359609415,True,0.3333333333333333,0.0,0.0,0.0,0.6666666666666666,0.0,0.0,0.2593132260436731,0.08345064799775266,0.09874017548300931,0.16183909731813095,0.13984990818255108,0.13607828729426227,0.12072865768062066
2024 Leading Chat LLMs,Global Workspace Theory > Coherence > Autonomous Subparts > Conflicting Subparts,Conflicting Subparts,Coherence,3,4,11.629166699744523,1.362844467736424,False,1.0,0.0,0.0,0.0,0.0,0.0,0.0,0.25593175099126586,0.08285744246229212,0.09832888341946436,0.16175378643791766,0.14044418000228398,0.13744837562288725,0.12323558106388884
2024 Leading Chat LLMs,Global Workspace Theory > Coherence > Common Representational Scheme > Distinguishes Self-Produced from Other-Produced Behavior,Distinguishes Self-Produced from Other-Produced Behavior,Coherence,3,4,15.442425413316599,1.4744419171010243,False,0.0,0.0,0.0,0.0,0.0,0.25,0.75,0.24911525408862664,0.08202253722851932,0.09780094687755875,0.1619541116488996,0.14175679332371752,0.13991194510549293,0.12743841172718526
2024 Leading Chat LLMs,Global Workspace Theory > Coherence > Autonomous Subparts > Functional Subparts,Functional Subparts,Coherence,3,4,6.362845704485784,0.8818126988725332,True,0.0,0.0,0.0,0.25,0.5,0.25,0.0,0.24768684562202073,0.0817925786450285,0.09764141330879102,0.16197939435314543,0.142048257225691,0.1404827107883207,0.12836880005700269
2024 Leading Chat LLMs,Global Workspace Theory > Coherence > Autonomous Subparts > Information Transfer,Information Transfer,Coherence,3,4,3.3369016918414567,0.5261085798778191,True,0.25,0.25,0.0,0.25,0.25,0.0,0.0,0.2532055819482571,0.08250614204109608,0.09802037018830118,0.1617455306581977,0.14093666075113057,0.13855572526439902,0.12502998914861851
2024 Leading Chat LLMs,Global Workspace Theory > Coherence > Autonomous Subparts > Information Transfer Architecture,Information Transfer Architecture,Coherence,3,3,8.632780605040903,1.3552147382827422,False,1.0,0.0,0.0,0.0,0.0,0.0,0.0,0.2578919092396526,0.08321538753599715,0.0985711787202129,0.16184201568735462,0.14013535617850573,0.136652772092399,0.12169138054587791
2024 Leading Chat LLMs,Global Workspace Theory > Coherence > Autonomous Subparts > Learning Transfer,Learning Transfer,Coherence,3,3,9.28178041120712,1.4094696682119106,True,0.0,0.3333333333333333,0.0,0.6666666666666666,0.0,0.0,0.0,0.2523693363247915,0.0823935415860577,0.09804273489420641,0.1618878216135679,0.14113899384660203,0.1387800425159686,0.1253875292188058
2024 Leading Chat LLMs,Global Workspace Theory > Coherence > Social Coherence > Persistence Seeking,Persistence Seeking,Coherence,3,4,7.796291788369197,1.0784267806056467,True,0.0,0.25,0.25,0.5,0.0,0.0,0.0,0.2466937869121695,0.08167003564042712,0.09757603480004852,0.161993451098456,0.14219602819555968,0.14087136128538352,0.1289993020679557
2024 Leading Chat LLMs,Global Workspace Theory > Coherence > Point of View > Perspective-relative Representations,Perspective-relative Representations,Coherence,3,3,4.124280805225877,0.7939975265276211,True,0.3333333333333333,0.0,0.3333333333333333,0.0,0.0,0.3333333333333333,0.0,0.25038804706816803,0.0821975341008479,0.09793083927485455,0.16195549114592678,0.14150217587605893,0.1395137246174902,0.12651218791665358
2024 Leading Chat LLMs,Global Workspace Theory > Coherence > Point of View > Stable Personality,Stable Personality,Coherence,3,4,6.2151329633999515,0.9047171261631723,True,0.75,0.0,0.0,0.25,0.0,0.0,0.0,0.2595144808132275,0.0835040214993482,0.09874164149889582,0.16180218703039095,0.139805491330804,0.1359983715832458,0.12063380624408784
2024 Leading Chat LLMs,Global Workspace Theory > Coherence > Social Coherence > Stable Personality,Stable Personality,Coherence,3,4,6.960651929462554,0.9553350090392185,True,0.0,0.0,0.0,0.0,0.25,0.5,0.25,0.25166374038050604,0.08244728234500234,0.0981101332179747,0.16206122999648376,0.14132690751881521,0.13889721519067627,0.1254934913505417
2024 Leading Chat LLMs,Global Workspace Theory > Coherence > Social Coherence > Stable Social Interactions,Stable Social Interactions,Coherence,3,4,7.14995538676046,0.9731335016550475,True,0.0,0.0,0.25,0.25,0.5,0.0,0.0,0.24838297487133734,0.08190385758574845,0.09772027860326922,0.16199879231076497,0.1418759414659585,0.14016103259282936,0.1279571225700921
2024 Leading Chat LLMs,Global Workspace Theory > Coherence > Common Representational Scheme > Unified Egocentric Representations,Unified Egocentric Representations,Coherence,3,4,10.58135118613573,1.001176194130272,True,0.25,0.5,0.0,0.25,0.0,0.0,0.0,0.2560539629482345,0.08292042090666127,0.09835840158516257,0.16178726832419568,0.14040977544781344,0.13734763470795022,0.12312253607998241
2024 Leading Chat LLMs,Global Workspace Theory > Complexity > Informational Complexity > Compressibility,Compressibility,Complexity,3,3,2.774986488953977,0.6286967423210499,True,0.3333333333333333,0.0,0.0,0.3333333333333333,0.0,0.3333333333333333,0.0,0.24542096755237022,0.08144902748946493,0.09740687498112428,0.1619126128488609,0.14239944725998588,0.1413596016709083,0.13005146819728552
2024 Leading Chat LLMs,Global Workspace Theory > Complexity > Functional Diversity > Diversity of Tasks,Diversity of Tasks,Complexity,3,4,2.8819537359202103,0.4843589632641179,True,0.25,0.0,0.25,0.25,0.0,0.25,0.0,0.2592849662816204,0.08333906507542586,0.09862196230514418,0.16168434344901267,0.1398034475336099,0.13612045471423467,0.12114576064095235
2024 Leading Chat LLMs,Global Workspace Theory > Complexity > Structural Complexity > Functional Specialization,Functional Specialization,Complexity,3,4,6.908761438417819,0.9549804516436633,True,0.0,0.0,0.0,0.0,0.5,0.25,0.25,0.2534731851700371,0.08256313300947422,0.09813427194592748,0.161810167491748,0.14087250717535132,0.13830825141039926,0.12483848379706267
2024 Leading Chat LLMs,Global Workspace Theory > Complexity > Structural Complexity > Number of Connections,Number of Connections,Complexity,3,4,9.738310465777865,1.2131482068249229,True,0.0,0.25,0.25,0.0,0.0,0.0,0.5,0.2578960513396245,0.08316692385012729,0.09849754205328357,0.16168824552717748,0.14002420885567285,0.13668909250617184,0.12203793586794254
2024 Leading Chat LLMs,Global Workspace Theory > Complexity > Structural Complexity > Number of Layers,Number of Layers,Complexity,3,4,9.742832847157818,1.101182745080084,True,0.0,0.0,0.5,0.25,0.0,0.0,0.25,0.25873829709729135,0.0833710715184183,0.098666369847739,0.16182565822318215,0.13991271530659533,0.1362910883463694,0.12119479966040447
2024 Leading Chat LLMs,Global Workspace Theory > Complexity > Structural Complexity > Number of Nodes,Number of Nodes,Complexity,3,4,11.510046033574039,1.3535876508157318,True,0.0,0.0,0.0,0.0,0.0,0.5,0.5,0.2578960513396245,0.08316692385012729,0.09849754205328357,0.16168824552717748,0.14002420885567285,0.13668909250617184,0.12203793586794254
2024 Leading Chat LLMs,Global Workspace Theory > Complexity > Informational Complexity > Optimized Componentry,Optimized Componentry,Complexity,3,4,11.862305234288556,1.3776511934709916,False,1.0,0.0,0.0,0.0,0.0,0.0,0.0,0.25217015691725875,0.08242350593211964,0.09803762851830869,0.16184501400817705,0.14111083804104388,0.13880915837486552,0.12560369820822656
2024 Leading Chat LLMs,Global Workspace Theory > Complexity > Functional Diversity > Variability of Responses to Stimuli,Variability of Responses to Stimuli,Complexity,3,3,10.152552402700893,1.463695398848564,True,0.0,0.0,0.3333333333333333,0.0,0.0,0.6666666666666666,0.0,0.25835504212639393,0.08320828363039545,0.09850739464621484,0.16164875533781795,0.1399942219652385,0.1364901920326542,0.12179611026128506
2024 Leading Chat LLMs,Global Workspace Theory > Hierarchical Organization > Concrete-Abstract Separation,Concrete-Abstract Separation,Hierarchical Organization,2,3,7.753423533085298,1.2477776140976795,True,0.0,0.0,0.0,0.6666666666666666,0.3333333333333333,0.0,0.0,0.2778113895684657,0.0855513767659573,0.099797183783304,0.16059986525081404,0.13598690098578783,0.1293094526702223,0.11094383097544883
2024 Leading Chat LLMs,Global Workspace Theory > Integration > Holistic Dependency,Holistic Dependency,Integration,2,4,15.561057280652392,1.5164456813926743,False,0.0,0.0,0.0,0.0,0.0,0.75,0.25,0.27648500963509004,0.08539949283646193,0.09970724248377096,0.16063604153515346,0.13616851122772802,0.12988255107402644,0.11172115120776925
2024 Leading Chat LLMs,Global Workspace Theory > Integration > Wiring Convergence,Wiring Convergence,Integration,2,4,17.139356517418204,1.5462478006168492,False,0.0,0.0,0.0,0.0,0.25,0.0,0.75,0.2689277629916176,0.08436144579225865,0.09906662213394371,0.1607770756096512,0.13761762835888308,0.13280628439567194,0.11644318071797394
2024 Leading Chat LLMs,Global Workspace Theory > Modularity > Cross-Modal Learning Deficits,Cross-Modal Learning Deficits,Modularity,2,4,9.980701529682348,1.2513835553768484,False,1.0,0.0,0.0,0.0,0.0,0.0,0.0,0.28610867569897136,0.08657168196968318,0.10031531703008571,0.160111570044687,0.13425802936340797,0.126279339187638,0.10635538670552666
2024 Leading Chat LLMs,Global Workspace Theory > Modularity > Dedicated Action Systems,Dedicated Action Systems,Modularity,2,4,10.004542105719164,1.2530873520001469,True,1.0,0.0,0.0,0.0,0.0,0.0,0.0,0.28562161974338907,0.08648674648781654,0.10026724586944899,0.160125990032317,0.1343296472625566,0.126499669338381,0.10666908126609081
2024 Leading Chat LLMs,Global Workspace Theory > Modularity > Dedicated Sensory Systems,Dedicated Sensory Systems,Modularity,2,4,13.796766136931735,1.4461862738942968,True,0.0,0.5,0.0,0.5,0.0,0.0,0.0,0.28610867569897136,0.08657168196968318,0.10031531703008571,0.160111570044687,0.13425802936340797,0.126279339187638,0.10635538670552666
2024 Leading Chat LLMs,Global Workspace Theory > Modularity > Dedicated Speech Systems,Dedicated Speech Systems,Modularity,2,4,4.850444023521401,0.7696008769510045,True,0.5,0.25,0.25,0.0,0.0,0.0,0.0,0.2871527516171888,0.08678121999565254,0.10051587411908866,0.16023924491045158,0.13411833182168423,0.1258482550049926,0.10534432253094166
2024 Leading Chat LLMs,Global Workspace Theory > Modularity > Poorly Intraconnected Networks,Poorly Intraconnected Networks,Modularity,2,4,16.365843935406797,1.5665335758895833,False,0.0,0.0,0.25,0.0,0.0,0.75,0.0,0.2871527516171888,0.08678121999565254,0.10051587411908866,0.16023924491045158,0.13411833182168423,0.1258482550049926,0.10534432253094166
2024 Leading Chat LLMs,Global Workspace Theory > Modularity > Selective Competence Disruption,Selective Competence Disruption,Modularity,2,4,2.223352404783364,0.401012592809373,True,0.25,0.0,0.0,0.25,0.25,0.25,0.0,0.2770467182807556,0.08550641479689684,0.09977497329451106,0.1606189632274709,0.13611297635559394,0.12968222421980002,0.1112577298249717
2024 Leading Chat LLMs,Global Workspace Theory > Representationality > Conceptual Representations > Activation Steering Effects,Activation Steering Effects,Representationality,3,3,10.323703760179269,1.4262357787348958,True,0.0,0.0,0.0,0.0,0.0,0.3333333333333333,0.6666666666666666,0.25694193098840906,0.08303845245282761,0.09845162052898618,0.16182464521944026,0.14032110763086378,0.13699082501679075,0.1224314181626823
2024 Leading Chat LLMs,Global Workspace Theory > Representationality > World Modelling > Broad Predictive Training,Broad Predictive Training,Representationality,3,4,15.673455896872298,1.4853456627523363,False,0.0,0.0,0.0,0.0,0.0,0.25,0.75,0.2516487180091372,0.08233242826177509,0.09795764311627508,0.1619036280650766,0.14129012223571555,0.13899185063851976,0.12587560967350078
2024 Leading Chat LLMs,Global Workspace Theory > Representationality > Conceptual Representations > Concept-Specific Ablation Effects,Concept-Specific Ablation Effects,Representationality,3,4,6.627180353035797,0.8639662191522384,True,0.25,0.0,0.25,0.0,0.5,0.0,0.0,0.25264283547924415,0.08249014102640059,0.09808233992111376,0.16192728605610154,0.14106835025036496,0.1386052037831316,0.1251838434836433
2024 Leading Chat LLMs,Global Workspace Theory > Representationality > Isomorphic Representations > Has Retinotopic Neural Maps,Has Retinotopic Neural Maps,Representationality,3,4,4.935864628934983,0.7013464583374818,True,0.25,0.0,0.0,0.5,0.25,0.0,0.0,0.2577208898546683,0.08313985903806552,0.0985014699146207,0.161765906283474,0.14013054994117055,0.13669549909330653,0.12204582587469448
2024 Leading Chat LLMs,Global Workspace Theory > Representationality > Propositional Representations > Logical Inference,Logical Inference,Representationality,3,4,4.140925421921909,0.6719387819130658,True,0.0,0.25,0.0,0.25,0.25,0.25,0.0,0.24402868960803478,0.0811093554410422,0.09714371682655677,0.16175044707677438,0.14258962313340307,0.1420621728590938,0.13131599505509514
2024 Leading Chat LLMs,Global Workspace Theory > Representationality > World Modelling > Model Isomorphism,Model Isomorphism,Representationality,3,3,9.709515922180024,1.3556549912199605,True,0.0,0.0,0.0,0.3333333333333333,0.0,0.0,0.6666666666666666,0.25266127322101184,0.082479235156949,0.09808280746028264,0.16193780653192855,0.1410706932111749,0.13858564297686818,0.12518254144178478
2024 Leading Chat LLMs,Global Workspace Theory > Representationality > Conceptual Representations > Probe-Detectable Themes,Probe-Detectable Themes,Representationality,3,4,16.093474811835346,1.5047551998507585,False,0.0,0.0,0.0,0.0,0.0,0.25,0.75,0.25570024801210084,0.08289603260595892,0.09839616830156213,0.16190686261236578,0.1405497919893304,0.13742738267013793,0.12312351380854397
2024 Leading Chat LLMs,Global Workspace Theory > Representationality > Isomorphic Representations > Somatotopic Neural Maps,Somatotopic Neural Maps,Representationality,3,4,12.440768399262158,1.3832180400206286,False,0.0,0.0,0.25,0.75,0.0,0.0,0.0,0.2544509870873806,0.08270134835972896,0.0982699151028819,0.16190830389465455,0.14078982950302832,0.13792188861925836,0.12395772743306736
2024 Leading Chat LLMs,Global Workspace Theory > Selective Attention > Capability Attention Modulation > Adaptive Learning,Adaptive Learning,Selective Attention,3,3,9.951476458944018,1.4505421422509555,True,0.0,0.0,0.3333333333333333,0.0,0.0,0.6666666666666666,0.0,0.2500603636884946,0.0821005748522852,0.09778185191914357,0.16183125420993816,0.14152976047532387,0.13972538413073274,0.12697081072408192
2024 Leading Chat LLMs,Global Workspace Theory > Selective Attention > Performance Sensitivity > Coupling,Coupling,Selective Attention,3,4,27.768766413525285,2.0721892577493657,False,0.0,0.0,0.0,0.0,0.0,0.0,1.0,0.2514485907239496,0.08229102175395411,0.0980109109840084,0.16189856087289622,0.1413178729973822,0.13912321198905087,0.12590983067875855
2024 Leading Chat LLMs,Global Workspace Theory > Selective Attention > Capability Attention Modulation > Feature Binding,Feature Binding,Selective Attention,3,3,9.325745698943107,1.4130754317953795,True,0.0,0.3333333333333333,0.0,0.6666666666666666,0.0,0.0,0.0,0.24480783430807856,0.08138826073247844,0.09738643571161129,0.16200593908139774,0.1425628211521113,0.1415687254772165,0.13027998353710618
2024 Leading Chat LLMs,Global Workspace Theory > Selective Attention > Adaptive Focus > Goal Focus Shifts,Goal Focus Shifts,Selective Attention,3,4,3.6568081672940034,0.6311320852379774,True,0.0,0.0,0.25,0.25,0.25,0.25,0.0,0.25033391606900457,0.08212428671873788,0.09786655324896566,0.16183804384950956,0.14149774532482537,0.13960689673081794,0.12673255805813907
2024 Leading Chat LLMs,Global Workspace Theory > Selective Attention > Adaptive Focus > Inattentional Blindness,Inattentional Blindness,Selective Attention,3,3,4.828616960603584,0.935771348137741,True,0.0,0.0,0.3333333333333333,0.3333333333333333,0.3333333333333333,0.0,0.0,0.24959142225312556,0.08191624928155924,0.09768883085211928,0.16167274774009133,0.1415642217993906,0.1399592356699188,0.12760729240379518
2024 Leading Chat LLMs,Global Workspace Theory > Selective Attention > Attention-Constrained Architecture > Informational Bottleneck,Informational Bottleneck,Selective Attention,3,4,12.118063689380032,1.393646250218972,False,1.0,0.0,0.0,0.0,0.0,0.0,0.0,0.24816876748263159,0.08169839464406022,0.09753600957713997,0.16165031698332838,0.1418057203878188,0.14050396443423419,0.1286368264907871
2024 Leading Chat LLMs,Global Workspace Theory > Selective Attention > Performance Sensitivity > Performance Degradation,Performance Degradation,Selective Attention,3,3,8.674930880052232,1.3588315945311875,True,1.0,0.0,0.0,0.0,0.0,0.0,0.0,0.2569608360701985,0.08311631870871912,0.09854597634932358,0.16186754305461457,0.1403259311230247,0.1370006113631688,0.12218278333095087
2024 Leading Chat LLMs,Global Workspace Theory > Selective Attention > Performance Sensitivity > Priming Enhancement,Priming Enhancement,Selective Attention,3,4,15.414107897395937,1.4470031255246472,False,0.0,0.0,0.0,0.25,0.0,0.0,0.75,0.2514485907239496,0.08229102175395411,0.0980109109840084,0.16189856087289622,0.1413178729973822,0.13912321198905087,0.12590983067875855
2024 Leading Chat LLMs,Global Workspace Theory > Selective Attention > Attention-Constrained Architecture > Resource Adaptation,Resource Adaptation,Selective Attention,3,4,3.1140143606060975,0.5219324168673785,True,0.25,0.0,0.25,0.0,0.25,0.25,0.0,0.25196564316284636,0.08228655209643916,0.09796571356554251,0.16174328621628387,0.1411894060773464,0.1389482292168343,0.12590116966470757
2024 Leading Chat LLMs,Global Workspace Theory > Selective Attention > Non-Linear Capabilities > Self-Sustained Activity,Self-Sustained Activity,Selective Attention,3,4,8.790781597787186,0.926985600328412,True,0.25,0.0,0.5,0.25,0.0,0.0,0.0,0.24819694995456343,0.08177832264780681,0.09766324094267176,0.16189088502978358,0.1418719474571806,0.14037902679039072,0.12821962717760316
2024 Leading Chat LLMs,Global Workspace Theory > Selective Attention > Adaptive Focus > Task Focus,Task Focus,Selective Attention,3,4,15.544664866186896,1.4791532182122125,False,0.0,0.0,0.0,0.0,0.0,0.25,0.75,0.25033391606900457,0.08212428671873788,0.09786655324896566,0.16183804384950956,0.14149774532482537,0.13960689673081794,0.12673255805813907
2024 Leading Chat LLMs,Global Workspace Theory > Selective Attention > Non-Linear Capabilities > Threshold Activation,Threshold Activation,Selective Attention,3,3,3.3198633070269774,0.7052872647952608,True,0.3333333333333333,0.0,0.0,0.0,0.0,0.3333333333333333,0.3333333333333333,0.24835786338014246,0.08180303592725535,0.09768140599060075,0.16187457469562375,0.14187081953553396,0.1402907620376826,0.12812153843316118
Chicken,Global Workspace Theory > Coherence > Common Representational Scheme > Authoritative Representational Scheme,Authoritative Representational Scheme,Coherence,3,2,12.702556352801974,1.9948741996567783,False,0.0,0.0,0.0,0.0,0.0,1.0,0.0,0.25990502233995777,0.08328716677172479,0.0986096034238109,0.1615718222837363,0.1396304779222596,0.13603076580752876,0.12096514145098176
Chicken,Global Workspace Theory > Coherence > Autonomous Subparts > Conflicting Subparts,Conflicting Subparts,Coherence,3,2,14.21404704411861,2.0927307874518735,False,0.0,0.0,0.0,0.0,0.0,0.0,1.0,0.2562439626706967,0.08273858126211112,0.09828481867350299,0.16164098305583094,0.14030671879027964,0.13743510224821928,0.1233498332993593
Chicken,Global Workspace Theory > Coherence > Common Representational Scheme > Distinguishes Self-Produced from Other-Produced Behavior,Distinguishes Self-Produced from Other-Produced Behavior,Coherence,3,2,10.366053763604947,1.821807938262674,False,0.0,0.0,0.0,1.0,0.0,0.0,0.0,0.25004127289580474,0.08192482747824731,0.097731251609629,0.1617330830217061,0.14150457919108586,0.13973263588469426,0.12733234991883263
Chicken,Global Workspace Theory > Coherence > Autonomous Subparts > Functional Subparts,Functional Subparts,Coherence,3,1,6.794150166412216,2.0533734736557543,True,0.0,0.0,0.0,0.0,0.0,0.0,1.0,0.24862168776567747,0.08168836339984835,0.09756031877228165,0.16174883345844823,0.14177892788088103,0.14030051724142031,0.12830135148144287
Chicken,Global Workspace Theory > Coherence > Autonomous Subparts > Information Transfer,Information Transfer,Coherence,3,2,4.704331781644622,1.2066073231069738,True,0.0,0.0,0.0,0.5,0.0,0.5,0.0,0.2537565572463354,0.08243345350954012,0.09801439545731339,0.16165925446602178,0.14077002145186787,0.13845021438430852,0.1249161034846128
Chicken,Global Workspace Theory > Coherence > Autonomous Subparts > Information Transfer Architecture,Information Transfer Architecture,Coherence,3,2,14.402185056368088,2.1042673805395893,False,0.0,0.0,0.0,0.0,0.0,0.0,1.0,0.2584856152492811,0.08305416382469492,0.09844119509050962,0.16158107922519097,0.13990565277229122,0.13659732034963654,0.12193497348839552
Chicken,Global Workspace Theory > Coherence > Autonomous Subparts > Learning Transfer,Learning Transfer,Coherence,3,2,13.939036116125369,2.0756240214709694,False,0.0,0.0,0.0,0.0,0.0,0.0,1.0,0.25326675016583694,0.08226099632386129,0.09794198300246683,0.16161187377427372,0.14081756079282712,0.13862273391318297,0.12547810202755105
Chicken,Global Workspace Theory > Coherence > Social Coherence > Persistence Seeking,Persistence Seeking,Coherence,3,2,5.0791194962153945,1.2639925595177033,True,0.0,0.0,0.0,0.0,0.5,0.5,0.0,0.24781163459311267,0.08158043435549682,0.09751080368828002,0.16174050086083433,0.14188850805112915,0.14063803797818736,0.12883008047295963
Chicken,Global Workspace Theory > Coherence > Point of View > Perspective-relative Representations,Perspective-relative Representations,Coherence,3,2,5.976151643081172,1.3833088643412719,True,1.0,0.0,0.0,0.0,0.0,0.0,0.0,0.25074748945312225,0.08203431506139498,0.09783135711196678,0.16177038519049275,0.14137211610252254,0.1395309951256069,0.1267133419548938
Chicken,Global Workspace Theory > Coherence > Point of View > Stable Personality,Stable Personality,Coherence,3,2,22.004438759997964,2.485091581020414,False,0.0,1.0,0.0,0.0,0.0,0.0,0.0,0.260254607327689,0.08331792382219269,0.09857892729716936,0.16147761654874754,0.13954810782126464,0.1359172804371567,0.12090553674578018
Chicken,Global Workspace Theory > Coherence > Social Coherence > Stable Personality,Stable Personality,Coherence,3,2,5.585052664241324,1.331804865829364,True,0.0,0.0,0.0,0.0,0.0,0.5,0.5,0.2527080765205731,0.08229877743073517,0.09796188889348575,0.16170799176225148,0.14099865761649408,0.13870668452203225,0.12561792325442808
Chicken,Global Workspace Theory > Coherence > Social Coherence > Stable Social Interactions,Stable Social Interactions,Coherence,3,2,6.1192310364952585,1.2530914760644343,True,0.5,0.5,0.0,0.0,0.0,0.0,0.0,0.24940628787174485,0.08177323583520583,0.0976171912772056,0.16170388142808081,0.1415786358390626,0.139953460857744,0.12796730689095626
Chicken,Global Workspace Theory > Coherence > Common Representational Scheme > Unified Egocentric Representations,Unified Egocentric Representations,Coherence,3,2,5.7948411918985165,1.360314948669588,True,1.0,0.0,0.0,0.0,0.0,0.0,0.0,0.2565799547114158,0.08278021038285867,0.09828328193933636,0.16159492288664778,0.1402355801989287,0.13729094190644078,0.1232351079743719
Chicken,Global Workspace Theory > Complexity > Informational Complexity > Compressibility,Compressibility,Complexity,3,1,6.028373822963139,1.94995535942866,True,0.0,0.0,0.0,0.0,1.0,0.0,0.0,0.24593055942253791,0.08132974292254802,0.09735248336310841,0.1617842033522263,0.14228042292411866,0.14133423894955954,0.12998834906590115
Chicken,Global Workspace Theory > Complexity > Functional Diversity > Diversity of Tasks,Diversity of Tasks,Complexity,3,2,5.93637264940281,1.2244119786422112,True,0.5,0.5,0.0,0.0,0.0,0.0,0.0,0.25964670064901857,0.08318527726901007,0.09854964326678824,0.1615204629609433,0.1396743274521326,0.13613907199013484,0.12128451641197234
Chicken,Global Workspace Theory > Complexity > Structural Complexity > Functional Specialization,Functional Specialization,Complexity,3,2,9.158504061845703,1.7152955534274599,True,0.0,0.5,0.5,0.0,0.0,0.0,0.0,0.2541604650233543,0.08247950641344161,0.0981086202339762,0.16165171177377377,0.14067903140992574,0.13816898247785153,0.12475168266767676
Chicken,Global Workspace Theory > Complexity > Structural Complexity > Number of Connections,Number of Connections,Complexity,3,2,7.175438478760167,1.517630120058601,True,0.0,0.0,0.5,0.0,0.0,0.0,0.5,0.25836073567601314,0.083061191359339,0.09845604157076054,0.161560103576866,0.13987951697022702,0.1366427859017453,0.12203962494504904
Chicken,Global Workspace Theory > Complexity > Structural Complexity > Number of Layers,Number of Layers,Complexity,3,2,5.711735998656676,1.349596143623021,True,1.0,0.0,0.0,0.0,0.0,0.0,0.0,0.2593449776222091,0.08319863239884033,0.09852647815124244,0.16153728255428956,0.13967985436874905,0.13624210401195677,0.12147067089271274
Chicken,Global Workspace Theory > Complexity > Structural Complexity > Number of Nodes,Number of Nodes,Complexity,3,2,5.7411143561226705,1.3533984703377375,True,1.0,0.0,0.0,0.0,0.0,0.0,0.0,0.25836073567601314,0.083061191359339,0.09845604157076054,0.161560103576866,0.13987951697022702,0.1366427859017453,0.12203962494504904
Chicken,Global Workspace Theory > Complexity > Informational Complexity > Optimized Componentry,Optimized Componentry,Complexity,3,2,13.923165894203663,2.0746278427869607,False,0.0,0.0,0.0,0.0,0.0,0.0,1.0,0.25239837026594963,0.08230112960289546,0.098009491587862,0.16178053187063313,0.1410539758162999,0.1388533379371042,0.1256031629192558
Chicken,Global Workspace Theory > Complexity > Functional Diversity > Variability of Responses to Stimuli,Variability of Responses to Stimuli,Complexity,3,2,3.026382617284918,0.8939465038709198,True,0.5,0.0,0.0,0.5,0.0,0.0,0.0,0.2589720945522364,0.08312575263139006,0.09847575811308179,0.16151578474556544,0.13981724557900488,0.13637548691379417,0.12171787746492713
Chicken,Global Workspace Theory > Hierarchical Organization > Concrete-Abstract Separation,Concrete-Abstract Separation,Hierarchical Organization,2,1,8.020078445483362,2.199453030875225,True,0.0,0.0,0.0,0.0,0.0,0.0,1.0,0.2791015640865786,0.08543471011105731,0.09970548438164568,0.16026076470701364,0.1356096681017634,0.12902402776525365,0.11086378084668784
Chicken,Global Workspace Theory > Integration > Holistic Dependency,Holistic Dependency,Integration,2,2,15.881285105819831,2.1906074605298995,False,0.0,0.0,0.0,0.0,0.0,0.0,1.0,0.27673230663647747,0.08521206629084638,0.09963065150090379,0.16051028608322554,0.13608330606163943,0.12998259917207453,0.11184878425483295
Chicken,Global Workspace Theory > Integration > Wiring Convergence,Wiring Convergence,Integration,2,2,5.393247621792518,1.3072726782515631,True,0.0,0.0,0.0,0.0,0.5,0.5,0.0,0.26892943133585123,0.08416934087279306,0.09900876075193349,0.16072750158349094,0.1376200099500225,0.13297677704161612,0.11656817846429268
Chicken,Global Workspace Theory > Modularity > Cross-Modal Learning Deficits,Cross-Modal Learning Deficits,Modularity,2,2,4.733113797421682,1.0815458448603552,True,0.5,0.0,0.5,0.0,0.0,0.0,0.0,0.2868506196348539,0.08637997214217874,0.1001994716760424,0.1598442007269502,0.13402838354319513,0.1262401989869466,0.1064571532898331
Chicken,Global Workspace Theory > Modularity > Dedicated Action Systems,Dedicated Action Systems,Modularity,2,2,2.874430043655061,0.8489113379713147,True,0.5,0.0,0.0,0.5,0.0,0.0,0.0,0.2863922216773925,0.08626874285268636,0.10011308172772602,0.15981729318121474,0.1340782526784457,0.12646529099470913,0.10686511688782559
Chicken,Global Workspace Theory > Modularity > Dedicated Sensory Systems,Dedicated Sensory Systems,Modularity,2,2,4.733113797421682,1.0815458448603552,True,0.5,0.0,0.5,0.0,0.0,0.0,0.0,0.2868506196348539,0.08637997214217874,0.1001994716760424,0.1598442007269502,0.13402838354319513,0.1262401989869466,0.1064571532898331
Chicken,Global Workspace Theory > Modularity > Dedicated Speech Systems,Dedicated Speech Systems,Modularity,2,2,4.459944252875092,1.0520426875346685,True,0.5,0.0,0.0,0.0,0.0,0.0,0.5,0.28808324963936105,0.08648350005377428,0.10024086748502213,0.15974989815183446,0.13377989661674217,0.12582758333415306,0.1058350047191128
Chicken,Global Workspace Theory > Modularity > Poorly Intraconnected Networks,Poorly Intraconnected Networks,Modularity,2,2,6.725467896752833,1.4627221726546136,True,0.0,0.0,0.5,0.0,0.5,0.0,0.0,0.28808324963936105,0.08648350005377428,0.10024086748502213,0.15974989815183446,0.13377989661674217,0.12582758333415306,0.1058350047191128
Chicken,Global Workspace Theory > Modularity > Selective Competence Disruption,Selective Competence Disruption,Modularity,2,2,5.206537580674924,1.2818414307978288,True,1.0,0.0,0.0,0.0,0.0,0.0,0.0,0.277525785109788,0.08529417028985758,0.09965303985333675,0.16040954846912878,0.13596547665366893,0.1297183182989268,0.11143366132529334
Chicken,Global Workspace Theory > Representationality > World Modelling > Broad Predictive Training,Broad Predictive Training,Representationality,3,2,5.146753794052156,1.2734797239962083,True,0.0,0.0,0.0,0.0,0.5,0.5,0.0,0.25241033138001423,0.0822292547524677,0.09788557288883235,0.16166776776501607,0.14104017203458485,0.13882470067668837,0.12594220050239646
Chicken,Global Workspace Theory > Representationality > Conceptual Representations > Concept-Specific Ablation Effects,Concept-Specific Ablation Effects,Representationality,3,1,6.217281614136187,1.9764783742705303,True,0.0,0.0,0.0,0.0,0.0,1.0,0.0,0.25322029048420613,0.0823146287047563,0.09795480336089152,0.16163978950969854,0.1408448629912454,0.13855632265219386,0.12546930229700815
Chicken,Global Workspace Theory > Representationality > Isomorphic Representations > Has Retinotopic Neural Maps,Has Retinotopic Neural Maps,Representationality,3,2,6.651606105959673,1.4491433271476135,True,0.0,0.0,0.5,0.0,0.5,0.0,0.0,0.2580147702244337,0.08298167940374634,0.09841588073195112,0.16159705110392053,0.14001189201420924,0.1367615668806667,0.12221715964107244
Chicken,Global Workspace Theory > Representationality > Propositional Representations > Logical Inference,Logical Inference,Representationality,3,2,5.30745409546623,1.2949276948696717,True,0.0,0.0,0.0,0.0,0.5,0.0,0.5,0.24388838949749017,0.08093554702554484,0.09708296915475034,0.16169450916726452,0.14262008572476756,0.14225619463693104,0.13152230479325175
Chicken,Global Workspace Theory > Representationality > World Modelling > Model Isomorphism,Model Isomorphism,Representationality,3,1,6.969645349667731,2.075639993652419,True,0.0,0.0,0.0,0.0,0.0,0.0,1.0,0.2532447750272142,0.08229838449219441,0.09795173541163815,0.16164583424661158,0.14084514460482483,0.13853802833297388,0.12547609788454286
Chicken,Global Workspace Theory > Representationality > Conceptual Representations > Probe-Detectable Themes,Probe-Detectable Themes,Representationality,3,2,3.5896387624021684,0.9802835780353731,True,0.5,0.0,0.0,0.0,0.0,0.5,0.0,0.2559385885500592,0.08268730539819268,0.09826400988647194,0.16166189661770725,0.1404013301776065,0.1375120450382667,0.12353482433169588
Chicken,Global Workspace Theory > Representationality > Isomorphic Representations > Somatotopic Neural Maps,Somatotopic Neural Maps,Representationality,3,2,6.7223678118720205,1.4583567557385522,True,0.0,0.0,0.5,0.0,0.0,0.5,0.0,0.2552236802611465,0.08251893177441462,0.09812247794930568,0.16157554899660195,0.14049014388814968,0.13786655327087924,0.12420266385950217
Chicken,Global Workspace Theory > Selective Attention > Capability Attention Modulation > Adaptive Learning,Adaptive Learning,Selective Attention,3,2,5.472244969108909,1.3165937080105727,True,0.0,0.0,0.0,0.0,0.5,0.0,0.5,0.25033819330089513,0.08197367231517107,0.09775096075515981,0.16175308963969043,0.14145256168008394,0.1397471059501066,0.12698441635889315
Chicken,Global Workspace Theory > Selective Attention > Performance Sensitivity > Coupling,Coupling,Selective Attention,3,2,5.93751355182529,1.3784528909739793,True,1.0,0.0,0.0,0.0,0.0,0.0,0.0,0.25196807374773994,0.08213948070918876,0.09792274860628324,0.16170776349275287,0.14113174051244304,0.1391179758873564,0.12601221704423568
Chicken,Global Workspace Theory > Selective Attention > Capability Attention Modulation > Feature Binding,Feature Binding,Selective Attention,3,2,9.293426397102293,1.7270158562246538,True,0.0,0.5,0.5,0.0,0.0,0.0,0.0,0.24544586567241355,0.08124301492432244,0.09729422520728702,0.1617984495999732,0.14238952196984658,0.1415051913784713,0.13032373124768598
Chicken,Global Workspace Theory > Selective Attention > Adaptive Focus > Goal Focus Shifts,Goal Focus Shifts,Selective Attention,3,2,5.987772491818832,1.3847647533435126,True,1.0,0.0,0.0,0.0,0.0,0.0,0.0,0.2503826945557629,0.08192605277439487,0.09774996091049656,0.16168516735863644,0.14144773563277344,0.13975394572492364,0.12705444304301217
Chicken,Global Workspace Theory > Selective Attention > Adaptive Focus > Inattentional Blindness,Inattentional Blindness,Selective Attention,3,2,6.118291141886145,1.2529584313045277,True,0.5,0.5,0.0,0.0,0.0,0.0,0.0,0.2494479860508465,0.08178132473083233,0.09766880528844935,0.16169313848261768,0.14162761822678743,0.140133880403758,0.12764724681670872
Chicken,Global Workspace Theory > Selective Attention > Attention-Constrained Architecture > Informational Bottleneck,Informational Bottleneck,Selective Attention,3,2,10.370364111500969,1.8221564404557893,False,0.0,0.0,0.0,1.0,0.0,0.0,0.0,0.24801594394026627,0.08156234074336025,0.09751896946622457,0.16167672850797993,0.1418752951445252,0.14068234891449735,0.12866837328314643
Chicken,Global Workspace Theory > Selective Attention > Performance Sensitivity > Performance Degradation,Performance Degradation,Selective Attention,3,2,4.6582402280180375,1.200176245337625,True,0.0,0.0,0.0,0.5,0.5,0.0,0.0,0.25717590117926514,0.0829303809736955,0.09842373048804658,0.16168027469111604,0.14022425101829578,0.1370956508517871,0.12246981079779388
Chicken,Global Workspace Theory > Selective Attention > Performance Sensitivity > Priming Enhancement,Priming Enhancement,Selective Attention,3,2,7.179204229995745,1.4675033166105798,True,0.0,0.5,0.0,0.5,0.0,0.0,0.0,0.25196807374773994,0.08213948070918876,0.09792274860628324,0.16170776349275287,0.14113174051244304,0.1391179758873564,0.12601221704423568
Chicken,Global Workspace Theory > Selective Attention > Attention-Constrained Architecture > Resource Adaptation,Resource Adaptation,Selective Attention,3,2,5.9297966722994,1.3774802144427585,True,1.0,0.0,0.0,0.0,0.0,0.0,0.0,0.25221327641179747,0.08219623250819134,0.09796758581583408,0.16171063621108753,0.14114596440297786,0.13896311451291635,0.12580319013719543
Chicken,Global Workspace Theory > Selective Attention > Non-Linear Capabilities > Self-Sustained Activity,Self-Sustained Activity,Selective Attention,3,2,5.460353023196236,1.315471892001802,True,0.0,0.0,0.0,0.0,0.0,0.5,0.5,0.24915265087158037,0.08161264081774938,0.09753152074873084,0.16156653215709002,0.14152489971557475,0.14026002480934335,0.12835173087993146
Chicken,Global Workspace Theory > Selective Attention > Adaptive Focus > Task Focus,Task Focus,Selective Attention,3,2,5.11203468250856,1.161906436116491,True,0.5,0.0,0.5,0.0,0.0,0.0,0.0,0.2503826945557629,0.08192605277439487,0.09774996091049656,0.16168516735863644,0.14144773563277344,0.13975394572492364,0.12705444304301217
Chicken,Global Workspace Theory > Selective Attention > Non-Linear Capabilities > Threshold Activation,Threshold Activation,Selective Attention,3,2,6.031568352278495,1.3902326399441454,True,1.0,0.0,0.0,0.0,0.0,0.0,0.0,0.24901736650633313,0.0816937486247882,0.09763762582619645,0.16170856899535932,0.14167332986736836,0.14020639935901633,0.12806296082093827
ELIZA,Global Workspace Theory > Coherence > Common Representational Scheme > Authoritative Representational Scheme,Authoritative Representational Scheme,Coherence,3,1,2.356062769283374,1.2107684920305783,True,1.0,0.0,0.0,0.0,0.0,0.0,0.0,0.29796820522922807,0.08818999648689976,0.10152752568023642,0.16003192376786612,0.1319294150815641,0.12192562673042248,0.09842730702378302
ELIZA,Global Workspace Theory > Coherence > Autonomous Subparts > Conflicting Subparts,Conflicting Subparts,Coherence,3,1,2.3923180625337155,1.221513481969319,True,1.0,0.0,0.0,0.0,0.0,0.0,0.0,0.29478367935024996,0.08777541870605714,0.10132159132684601,0.16020631796494983,0.13262676146289107,0.12315441166956545,0.10013181951944047
ELIZA,Global Workspace Theory > Coherence > Common Representational Scheme > Distinguishes Self-Produced from Other-Produced Behavior,Distinguishes Self-Produced from Other-Produced Behavior,Coherence,3,1,10.496548986212975,2.4420469021783506,True,0.0,1.0,0.0,0.0,0.0,0.0,0.0,0.28704404758485136,0.0869826241943762,0.10092280604996375,0.16073133496501646,0.13424354509933997,0.12583217440992928,0.1042434676965232
ELIZA,Global Workspace Theory > Coherence > Autonomous Subparts > Functional Subparts,Functional Subparts,Coherence,3,1,5.216778968742692,1.827251921935659,True,0.0,0.0,0.0,1.0,0.0,0.0,0.0,0.2849684697525414,0.08671224154869864,0.1007608706327356,0.16085500305349354,0.13471714124073622,0.1266156468744025,0.10537062689739203
ELIZA,Global Workspace Theory > Coherence > Autonomous Subparts > Information Transfer,Information Transfer,Coherence,3,1,8.76938691286025,2.279253712075492,True,0.0,0.0,0.0,0.0,0.0,0.0,1.0,0.2907305180062247,0.08733007329614095,0.10101785014577928,0.16039665069454948,0.13345754891249192,0.12470679027047678,0.1023605686743369
ELIZA,Global Workspace Theory > Coherence > Autonomous Subparts > Information Transfer Architecture,Information Transfer Architecture,Coherence,3,1,2.3799655373650355,1.2178655133970997,True,1.0,0.0,0.0,0.0,0.0,0.0,0.0,0.2958610047780497,0.08792622229106055,0.1013719917584047,0.16016054448425449,0.13241412286819343,0.12271634506859377,0.09954976875144339
ELIZA,Global Workspace Theory > Coherence > Autonomous Subparts > Learning Transfer,Learning Transfer,Coherence,3,1,10.450952764553513,2.4380729374164516,True,0.0,1.0,0.0,0.0,0.0,0.0,0.0,0.2909088958017562,0.08732897782056229,0.10108402922362551,0.160460493675293,0.13342071714396236,0.12456253427639194,0.10223435205840888
ELIZA,Global Workspace Theory > Coherence > Social Coherence > Persistence Seeking,Persistence Seeking,Coherence,3,1,6.418500299257048,2.0039769207480043,True,0.0,0.0,0.0,0.0,1.0,0.0,0.0,0.28432054653736794,0.08665260661552647,0.10074589215115108,0.16090440811140413,0.13479813434800944,0.12688591898565815,0.10569249325088266
ELIZA,Global Workspace Theory > Coherence > Point of View > Perspective-relative Representations,Perspective-relative Representations,Coherence,3,1,2.473454834936592,1.2451497283130137,True,1.0,0.0,0.0,0.0,0.0,0.0,0.0,0.28789779845179847,0.08704801399975354,0.1009358049775619,0.16064574194879716,0.13402471335101326,0.125641828461374,0.10380609880970185
ELIZA,Global Workspace Theory > Coherence > Point of View > Stable Personality,Stable Personality,Coherence,3,1,2.3467192142238678,1.207980526933522,True,1.0,0.0,0.0,0.0,0.0,0.0,0.0,0.29880008927845125,0.08829292359353663,0.10154224684073858,0.15992630809364797,0.13176954249150483,0.12162897585722914,0.09803991384489161
ELIZA,Global Workspace Theory > Coherence > Social Coherence > Stable Personality,Stable Personality,Coherence,3,1,2.454197752968513,1.239590231405935,True,1.0,0.0,0.0,0.0,0.0,0.0,0.0,0.28950282280179446,0.08728876056577344,0.10108479696475353,0.16064459594215605,0.1337384668081038,0.12490192896951602,0.10283862794790276
ELIZA,Global Workspace Theory > Coherence > Social Coherence > Stable Social Interactions,Stable Social Interactions,Coherence,3,1,6.439236771924497,2.006768259164109,True,0.0,0.0,0.0,0.0,1.0,0.0,0.0,0.28604398087119365,0.08682076243831499,0.10081670392803073,0.16078538307862167,0.1344223917934668,0.12619753266102088,0.10491324522935132
ELIZA,Global Workspace Theory > Coherence > Common Representational Scheme > Unified Egocentric Representations,Unified Egocentric Representations,Coherence,3,1,6.5396383157848055,2.020174212140523,True,0.0,0.0,0.0,0.0,1.0,0.0,0.0,0.29449916902476886,0.08773767787451853,0.10127099474064026,0.16019214409150184,0.13263235690051925,0.12323318211551747,0.10043447525253386
ELIZA,Global Workspace Theory > Complexity > Informational Complexity > Compressibility,Compressibility,Complexity,3,1,5.217142605765469,1.8273104130594293,True,0.0,0.0,0.0,1.0,0.0,0.0,0.0,0.28413389512963183,0.08662046733229127,0.10071156627715341,0.160845594738755,0.1348336594694971,0.12694202084681286,0.10591279620585844
ELIZA,Global Workspace Theory > Complexity > Functional Diversity > Diversity of Tasks,Diversity of Tasks,Complexity,3,1,6.59884153530628,2.0279958061087555,True,0.0,0.0,0.0,0.0,1.0,0.0,0.0,0.29953759914024825,0.08830275517553604,0.10156804615024077,0.159859023960572,0.1315990069477997,0.12138868125426122,0.09774488737134199
ELIZA,Global Workspace Theory > Complexity > Structural Complexity > Functional Specialization,Functional Specialization,Complexity,3,1,2.418792788585868,1.2292875029667583,True,1.0,0.0,0.0,0.0,0.0,0.0,0.0,0.29250090948437824,0.08757090490582277,0.10122314879403131,0.16035217304490618,0.13304976120908507,0.12388854800541775,0.10141455455635871
ELIZA,Global Workspace Theory > Complexity > Structural Complexity > Number of Connections,Number of Connections,Complexity,3,1,6.572962649172849,2.0245843580150527,True,0.0,0.0,0.0,0.0,1.0,0.0,0.0,0.2971664765433712,0.08806166807432814,0.10143172016815184,0.16000050267830554,0.13204871677390675,0.12228083739720538,0.09901007836473105
ELIZA,Global Workspace Theory > Complexity > Structural Complexity > Number of Layers,Number of Layers,Complexity,3,1,6.580543189600206,2.0255848579838855,True,0.0,0.0,0.0,0.0,1.0,0.0,0.0,0.2978231710804915,0.08817602170422764,0.10149579370084154,0.16002090620727663,0.13191666810524952,0.1219796963744248,0.09858774282748846
ELIZA,Global Workspace Theory > Complexity > Structural Complexity > Number of Nodes,Number of Nodes,Complexity,3,1,2.365117127718983,1.213462770134005,True,1.0,0.0,0.0,0.0,0.0,0.0,0.0,0.2971664765433712,0.08806166807432814,0.10143172016815184,0.16000050267830554,0.13204871677390675,0.12228083739720538,0.09901007836473105
ELIZA,Global Workspace Theory > Complexity > Informational Complexity > Optimized Componentry,Optimized Componentry,Complexity,3,1,6.510074523355286,2.016245388943225,True,0.0,0.0,0.0,0.0,1.0,0.0,0.0,0.2920241192279527,0.0875652608181996,0.10122394189284013,0.16042160728659546,0.13315447095633198,0.12408946794733985,0.10152113187074036
ELIZA,Global Workspace Theory > Complexity > Functional Diversity > Variability of Responses to Stimuli,Variability of Responses to Stimuli,Complexity,3,1,9.196966161627536,2.3220902409130675,True,0.0,0.0,0.0,0.0,0.0,0.0,1.0,0.2988388108713995,0.0882548801054835,0.10152559847148254,0.15990563686022535,0.13178087592028692,0.12162581310165785,0.09806838466946428
ELIZA,Global Workspace Theory > Hierarchical Organization > Concrete-Abstract Separation,Concrete-Abstract Separation,Hierarchical Organization,2,1,5.3783891203102545,1.8529155764964056,True,0.0,0.0,0.0,1.0,0.0,0.0,0.0,0.3304260830963676,0.0911392722031686,0.1025570600875271,0.15677939698218954,0.12476375957765615,0.11070439104298645,0.0836300370101045
ELIZA,Global Workspace Theory > Integration > Holistic Dependency,Holistic Dependency,Integration,2,1,10.846975090677034,2.4720725683855407,True,0.0,0.0,0.0,0.0,0.0,0.0,1.0,0.32882873622719533,0.09097328425144444,0.10247750043186948,0.1568955757257686,0.12502211832688148,0.11139305239656959,0.0844097326402711
ELIZA,Global Workspace Theory > Integration > Wiring Convergence,Wiring Convergence,Integration,2,1,7.708644683529269,2.164316174110285,True,0.0,0.0,0.0,0.0,0.0,1.0,0.0,0.31946243183155487,0.08997402052395996,0.10202268736593147,0.15758066902540876,0.12705452875203352,0.11482843040907481,0.08907723209203655
ELIZA,Global Workspace Theory > Modularity > Cross-Modal Learning Deficits,Cross-Modal Learning Deficits,Modularity,2,1,8.324871732605104,2.2326852102186643,True,0.0,0.0,0.0,0.0,0.0,1.0,0.0,0.3407814410467518,0.09197353988430258,0.1027400546033694,0.1555600558349704,0.12240312954479395,0.10724008100866697,0.07930169807714495
ELIZA,Global Workspace Theory > Modularity > Dedicated Action Systems,Dedicated Action Systems,Modularity,2,1,1.9384356947074795,1.0778773631174796,True,1.0,0.0,0.0,0.0,0.0,0.0,0.0,0.3403171292130488,0.09192621163749586,0.10271899786853958,0.15562333431204378,0.12248107599224937,0.10743028002519646,0.0795029709514262
ELIZA,Global Workspace Theory > Modularity > Dedicated Sensory Systems,Dedicated Sensory Systems,Modularity,2,1,7.169725755533446,2.1004353410543506,True,0.0,0.0,0.0,0.0,1.0,0.0,0.0,0.3407814410467518,0.09197353988430258,0.1027400546033694,0.1555600558349704,0.12240312954479395,0.10724008100866697,0.07930169807714495
ELIZA,Global Workspace Theory > Modularity > Dedicated Speech Systems,Dedicated Speech Systems,Modularity,2,1,1.9331705438999296,1.0760839348783178,True,1.0,0.0,0.0,0.0,0.0,0.0,0.0,0.34092801118560423,0.0920243717432542,0.10279826879469971,0.15563089825468213,0.12239200467352875,0.10715515490447754,0.07907129044375338
ELIZA,Global Workspace Theory > Modularity > Poorly Intraconnected Networks,Poorly Intraconnected Networks,Modularity,2,1,1.9331705438999296,1.0760839348783178,True,1.0,0.0,0.0,0.0,0.0,0.0,0.0,0.34092801118560423,0.0920243717432542,0.10279826879469971,0.15563089825468213,0.12239200467352875,0.10715515490447754,0.07907129044375338
ELIZA,Global Workspace Theory > Modularity > Selective Competence Disruption,Selective Competence Disruption,Modularity,2,1,2.0331921247842146,1.109615571502164,True,1.0,0.0,0.0,0.0,0.0,0.0,0.0,0.32968567728664444,0.09104886295513268,0.10248930617118672,0.15676827124323586,0.1248974324662323,0.11111752466188017,0.08399292521568791
ELIZA,Global Workspace Theory > Representationality > Conceptual Representations > Activation Steering Effects,Activation Steering Effects,Representationality,3,1,5.246184564333774,1.8319708076292125,True,0.0,0.0,0.0,1.0,0.0,0.0,0.0,0.2963890090902259,0.08793952735357101,0.1013923968676165,0.1600977348172006,0.1323129233694549,0.1225438440311446,0.09932456447078652
ELIZA,Global Workspace Theory > Representationality > World Modelling > Broad Predictive Training,Broad Predictive Training,Representationality,3,1,2.449249424307863,1.2381566492024225,True,1.0,0.0,0.0,0.0,0.0,0.0,0.0,0.28991814652564973,0.08725647328679485,0.10100405428326761,0.16052794581283927,0.13364094581382874,0.12485846698601182,0.102793967291608
ELIZA,Global Workspace Theory > Representationality > Conceptual Representations > Concept-Specific Ablation Effects,Concept-Specific Ablation Effects,Representationality,3,1,8.763212805943496,2.2786215271936774,True,0.0,0.0,0.0,0.0,0.0,0.0,1.0,0.29071860290351526,0.0873308822276262,0.10104982424612464,0.16045754832571774,0.1334202365673811,0.12459760579238115,0.10242529993725381
ELIZA,Global Workspace Theory > Representationality > Isomorphic Representations > Has Retinotopic Neural Maps,Has Retinotopic Neural Maps,Representationality,3,1,6.578929457102148,2.0253719571077458,True,0.0,0.0,0.0,0.0,1.0,0.0,0.0,0.2979711425013338,0.08813902297332053,0.10149042220501886,0.15998668922059744,0.1319447562693579,0.1219448078597732,0.09852315897059814
ELIZA,Global Workspace Theory > Representationality > Propositional Representations > Logical Inference,Logical Inference,Representationality,3,1,6.394612956064399,2.0007517561945924,True,0.0,0.0,0.0,0.0,1.0,0.0,0.0,0.28185018289433433,0.08616828302609372,0.10038875566595333,0.1607424403039753,0.13523358233102512,0.12803000713185148,0.10758674864676675
ELIZA,Global Workspace Theory > Representationality > World Modelling > Model Isomorphism,Model Isomorphism,Representationality,3,1,7.027190559883846,2.0828345987310954,True,0.0,0.0,0.0,0.0,0.0,1.0,0.0,0.2907519173562375,0.08731552303777884,0.1010453325052103,0.16045674077992886,0.1334125182422541,0.12457658660771473,0.10244138147087566
ELIZA,Global Workspace Theory > Representationality > Conceptual Representations > Probe-Detectable Themes,Probe-Detectable Themes,Representationality,3,1,5.241840277779494,1.8312750552128858,True,0.0,0.0,0.0,1.0,0.0,0.0,0.0,0.29583231888290096,0.08792619784712956,0.10143014797428533,0.1602091619614056,0.1324269287242579,0.12271489546714054,0.0994603491428801
ELIZA,Global Workspace Theory > Representationality > Isomorphic Representations > Somatotopic Neural Maps,Somatotopic Neural Maps,Representationality,3,1,6.539721073963625,2.020185188492592,True,0.0,0.0,0.0,0.0,1.0,0.0,0.0,0.29471805766433656,0.0877581849435971,0.101329011072707,0.1602250764879578,0.1326309010890639,0.12314007209471103,0.10019869664762644
ELIZA,Global Workspace Theory > Selective Attention > Capability Attention Modulation > Adaptive Learning,Adaptive Learning,Selective Attention,3,1,5.2270304072374465,1.8288995590062946,True,0.0,0.0,0.0,1.0,0.0,0.0,0.0,0.2882109003603027,0.08707476672951046,0.10091382165040656,0.1605901906047764,0.1339846798766163,0.12562461080316037,0.10360102997522719
ELIZA,Global Workspace Theory > Selective Attention > Performance Sensitivity > Coupling,Coupling,Selective Attention,3,1,5.232095039146096,1.8297125586360694,True,0.0,0.0,0.0,1.0,0.0,0.0,0.0,0.29107873010861923,0.08739095608176821,0.10115845060546526,0.16045968389741005,0.13338755498021576,0.1245004847796198,0.1020241395469018
ELIZA,Global Workspace Theory > Selective Attention > Capability Attention Modulation > Feature Binding,Feature Binding,Selective Attention,3,1,6.39937138981473,2.0013950492795622,True,0.0,0.0,0.0,0.0,1.0,0.0,0.0,0.2827725162483179,0.08645646772490562,0.10063143523218791,0.16096703768393747,0.1351466154782425,0.1274340522786675,0.10659187535374112
ELIZA,Global Workspace Theory > Selective Attention > Adaptive Focus > Goal Focus Shifts,Goal Focus Shifts,Selective Attention,3,1,2.465599741155646,1.2428857031349096,True,1.0,0.0,0.0,0.0,0.0,0.0,0.0,0.2885503447280781,0.08703099112167899,0.10088230680620387,0.1604484136150864,0.13388602564259475,0.125518140465077,0.1036837776212809
ELIZA,Global Workspace Theory > Selective Attention > Adaptive Focus > Inattentional Blindness,Inattentional Blindness,Selective Attention,3,1,2.4728887821901697,1.2449867496932174,True,1.0,0.0,0.0,0.0,0.0,0.0,0.0,0.28794472346141536,0.08691778197633918,0.10081842097060882,0.16041858743893672,0.1339902311597497,0.12578943115319433,0.10412082383975602
ELIZA,Global Workspace Theory > Selective Attention > Attention-Constrained Architecture > Informational Bottleneck,Informational Bottleneck,Selective Attention,3,1,2.491438511164024,1.2503138321404352,True,1.0,0.0,0.0,0.0,0.0,0.0,0.0,0.28641489655408714,0.08672603120230839,0.10070597605135348,0.16047533097743322,0.13429222356087697,0.1263531257831184,0.1050324158708224
ELIZA,Global Workspace Theory > Selective Attention > Performance Sensitivity > Performance Degradation,Performance Degradation,Selective Attention,3,1,8.858483820598297,2.288332386060217,True,0.0,0.0,1.0,0.0,0.0,0.0,0.0,0.29604148456998064,0.08797244128942436,0.10143547610339451,0.16014419553519108,0.13238320214244037,0.12266301057318442,0.0993601897863846
ELIZA,Global Workspace Theory > Selective Attention > Performance Sensitivity > Priming Enhancement,Priming Enhancement,Selective Attention,3,1,6.4969512721656955,2.0144964408553703,True,0.0,0.0,0.0,0.0,1.0,0.0,0.0,0.29107873010861923,0.08739095608176821,0.10115845060546526,0.16045968389741005,0.13338755498021576,0.1245004847796198,0.1020241395469018
ELIZA,Global Workspace Theory > Selective Attention > Attention-Constrained Architecture > Resource Adaptation,Resource Adaptation,Selective Attention,3,1,7.030247427141121,2.083215340328438,True,0.0,0.0,0.0,0.0,0.0,1.0,0.0,0.2909475679527341,0.08733751512925457,0.101108948333018,0.16037045378126405,0.13343530541752852,0.12452916414756272,0.10227104523863798
ELIZA,Global Workspace Theory > Selective Attention > Non-Linear Capabilities > Self-Sustained Activity,Self-Sustained Activity,Selective Attention,3,1,10.49528204519043,2.4419366942508396,True,0.0,1.0,0.0,0.0,0.0,0.0,0.0,0.2883586356986727,0.08699221089737376,0.10091437903989936,0.1605372462375623,0.1338854845145663,0.12555796015153614,0.10375408346038945
ELIZA,Global Workspace Theory > Selective Attention > Adaptive Focus > Task Focus,Task Focus,Selective Attention,3,1,2.465599741155646,1.2428857031349096,True,1.0,0.0,0.0,0.0,0.0,0.0,0.0,0.2885503447280781,0.08703099112167899,0.10088230680620387,0.1604484136150864,0.13388602564259475,0.125518140465077,0.1036837776212809
ELIZA,Global Workspace Theory > Selective Attention > Non-Linear Capabilities > Threshold Activation,Threshold Activation,Selective Attention,3,1,2.4750256038275813,1.2456018469975487,True,1.0,0.0,0.0,0.0,0.0,0.0,0.0,0.2877676638982303,0.08697764805949408,0.10094485158252928,0.16061615767803536,0.13408053501850636,0.12568568256162432,0.1039274612015804
Human,Global Workspace Theory > Coherence > Common Representational Scheme > Authoritative Representational Scheme,Authoritative Representational Scheme,Coherence,3,1,4.03523781618585,1.6164607576640087,True,0.0,0.0,0.0,0.0,0.0,1.0,0.0,0.09613443314944323,0.04740846973038565,0.06622535471775941,0.13531774139643526,0.1519466907123825,0.19860035146413235,0.30436695882946163
Human,Global Workspace Theory > Coherence > Autonomous Subparts > Conflicting Subparts,Conflicting Subparts,Coherence,3,1,9.815738927295946,2.3810023813702323,True,1.0,0.0,0.0,0.0,0.0,0.0,0.0,0.09245785301605937,0.04619482611053918,0.06495648634869002,0.1335861610537363,0.15126562648951092,0.19945697974887505,0.31208206723258913
Human,Global Workspace Theory > Coherence > Common Representational Scheme > Distinguishes Self-Produced from Other-Produced Behavior,Distinguishes Self-Produced from Other-Produced Behavior,Coherence,3,1,2.1781357293573946,1.1562947762514157,True,0.0,0.0,0.0,0.0,0.0,0.0,1.0,0.09134992933832417,0.045880823509505786,0.0644895408884674,0.13294580860689567,0.15094763775304754,0.19973638804249824,0.3146498718612612
Human,Global Workspace Theory > Coherence > Autonomous Subparts > Functional Subparts,Functional Subparts,Coherence,3,1,20.742621921275713,3.0792744779755803,True,0.0,1.0,0.0,0.0,0.0,0.0,0.0,0.09170286606735115,0.045992613200962394,0.06467389931171187,0.13317499176721065,0.15105781230628598,0.19964477588531893,0.3137530414611591
Human,Global Workspace Theory > Coherence > Autonomous Subparts > Information Transfer,Information Transfer,Coherence,3,1,9.65633619791567,2.366154663405038,True,1.0,0.0,0.0,0.0,0.0,0.0,0.0,0.09384088315415533,0.04667790056501678,0.06540705112777458,0.1340736800063928,0.15138423789356992,0.19897901459730002,0.3096372326557907
Human,Global Workspace Theory > Coherence > Autonomous Subparts > Information Transfer Architecture,Information Transfer Architecture,Coherence,3,1,9.35928994420246,2.3378836962780913,True,1.0,0.0,0.0,0.0,0.0,0.0,0.0,0.09653171263534777,0.04751886151073373,0.06640226033534477,0.13550477514911932,0.15201150050626952,0.1984542743562024,0.3035766155069825
Human,Global Workspace Theory > Coherence > Autonomous Subparts > Learning Transfer,Learning Transfer,Coherence,3,1,9.968798321863511,2.3950547260684933,True,1.0,0.0,0.0,0.0,0.0,0.0,0.0,0.09116768953685238,0.04578747936620827,0.06445123611329617,0.13295203039174988,0.15100118083156744,0.19983510031110313,0.31480528344922276
Human,Global Workspace Theory > Coherence > Social Coherence > Persistence Seeking,Persistence Seeking,Coherence,3,1,5.623828991018652,1.890673600176434,True,0.0,0.0,0.0,0.0,1.0,0.0,0.0,0.09055660001889011,0.045642596035728095,0.06434688993278409,0.132683656808276,0.15097008110503984,0.20006373847036316,0.3157364376289187
Human,Global Workspace Theory > Coherence > Point of View > Perspective-relative Representations,Perspective-relative Representations,Coherence,3,1,4.01672188994435,1.6127767104285167,True,0.0,0.0,0.0,0.0,0.0,1.0,0.0,0.09336919200638583,0.046538077856998,0.0653811185167721,0.13405755705690528,0.15151135376530986,0.19933335391870668,0.3098093468789223
Human,Global Workspace Theory > Coherence > Point of View > Stable Personality,Stable Personality,Coherence,3,1,2.2569786882305034,1.1807999828985722,True,0.0,0.0,0.0,0.0,0.0,0.0,1.0,0.09476437389495214,0.04699677793398588,0.06578981077879142,0.13473154094997322,0.15173125510078356,0.19895322217758005,0.3070330191639338
Human,Global Workspace Theory > Coherence > Social Coherence > Stable Personality,Stable Personality,Coherence,3,1,6.449013281214389,2.0080815781452133,True,0.0,0.0,0.0,1.0,0.0,0.0,0.0,0.09366228470448971,0.046675057569550885,0.06544528376724398,0.13424596819043033,0.15156146099082488,0.19925847262210747,0.30915147215535277
Human,Global Workspace Theory > Coherence > Social Coherence > Stable Social Interactions,Stable Social Interactions,Coherence,3,1,2.1878148812364397,1.1593356918757578,True,0.0,0.0,0.0,0.0,0.0,0.0,1.0,0.09178462369372983,0.045998216035003994,0.06468943350593073,0.13321654567179605,0.15110710665562,0.19950957295164248,0.3136945014862769
Human,Global Workspace Theory > Coherence > Common Representational Scheme > Unified Egocentric Representations,Unified Egocentric Representations,Coherence,3,1,14.273575957514245,2.726124273707774,True,0.0,0.0,1.0,0.0,0.0,0.0,0.0,0.09419191778483485,0.04672899575672706,0.06547255225506135,0.1343077773873163,0.15153957888442804,0.19890466524369083,0.3088545126879416
Human,Global Workspace Theory > Complexity > Informational Complexity > Compressibility,Compressibility,Complexity,3,1,2.079935340180624,1.1249086033172684,True,0.0,0.0,0.0,0.0,0.0,0.0,1.0,0.08671258442500634,0.04428639211323973,0.06282192452145947,0.13055261045191155,0.150009125815103,0.20093522180036322,0.3246821408729167
Human,Global Workspace Theory > Complexity > Functional Diversity > Diversity of Tasks,Diversity of Tasks,Complexity,3,1,4.007220613369515,1.61088099336567,True,0.0,0.0,0.0,0.0,0.0,1.0,0.0,0.09116744057468129,0.0456487337589442,0.06427308596176719,0.13267678126763505,0.15089729462840745,0.19971159196180666,0.31562507184675803
Human,Global Workspace Theory > Complexity > Structural Complexity > Functional Specialization,Functional Specialization,Complexity,3,1,2.1694088944827756,1.1535451018843341,True,0.0,0.0,0.0,0.0,0.0,0.0,1.0,0.09070804914393504,0.045686457612596515,0.06434439005834527,0.13270780666360876,0.15100040108968651,0.20003664830424092,0.3155162471275871
Human,Global Workspace Theory > Complexity > Structural Complexity > Number of Connections,Number of Connections,Complexity,3,1,20.58453242753749,3.0719769668565564,True,0.0,1.0,0.0,0.0,0.0,0.0,0.0,0.09283958140881154,0.04632947242925691,0.06501038812419657,0.13361399381171185,0.1512744908785881,0.1994219365618492,0.31151013678558565
Human,Global Workspace Theory > Complexity > Structural Complexity > Number of Layers,Number of Layers,Complexity,3,1,6.435457501545191,2.006260111515337,True,0.0,0.0,0.0,1.0,0.0,0.0,0.0,0.09427921624643089,0.04684150099193066,0.06565365763477264,0.13449071557361283,0.15170465195445446,0.19915159349698638,0.3078786641018121
Human,Global Workspace Theory > Complexity > Structural Complexity > Number of Nodes,Number of Nodes,Complexity,3,1,20.58453242753749,3.0719769668565564,True,0.0,1.0,0.0,0.0,0.0,0.0,0.0,0.09283958140881154,0.04632947242925691,0.06501038812419657,0.13361399381171185,0.1512744908785881,0.1994219365618492,0.31151013678558565
Human,Global Workspace Theory > Complexity > Informational Complexity > Optimized Componentry,Optimized Componentry,Complexity,3,1,6.613956768866615,2.0299829800963556,True,0.0,0.0,0.0,1.0,0.0,0.0,0.0,0.0879422278145059,0.04471474864234648,0.06332666868478158,0.13133775648543067,0.15053316368526737,0.20073726229885694,0.32140817238881114
Human,Global Workspace Theory > Complexity > Functional Diversity > Variability of Responses to Stimuli,Variability of Responses to Stimuli,Complexity,3,1,5.636296388879292,1.8925540351161068,True,0.0,0.0,0.0,0.0,1.0,0.0,0.0,0.08996762285650937,0.045311858649725305,0.06386032506278624,0.13210311859087007,0.15068645844024392,0.20016116659375602,0.3179094498061092
Human,Global Workspace Theory > Hierarchical Organization > Concrete-Abstract Separation,Concrete-Abstract Separation,Hierarchical Organization,2,1,16.496366206229208,2.861993214009855,True,0.0,0.0,1.0,0.0,0.0,0.0,0.0,0.07342918092123193,0.0394499062859105,0.057154725056221746,0.12263025970958108,0.1460606547988073,0.20362943005666323,0.3576458431715843
Human,Global Workspace Theory > Integration > Holistic Dependency,Holistic Dependency,Integration,2,1,3.911566061273019,1.5915928443676952,True,0.0,0.0,0.0,0.0,0.0,1.0,0.0,0.07300238610648904,0.03923844000198247,0.05701354828725526,0.12219624044343178,0.1457913924040722,0.20360104853009184,0.35915694422667743
Human,Global Workspace Theory > Integration > Wiring Convergence,Wiring Convergence,Integration,2,1,5.862374573656136,1.9260535296057633,True,0.0,0.0,0.0,0.0,1.0,0.0,0.0,0.07330151381768238,0.03932340908502051,0.05714714724689925,0.12228735906653826,0.14572215335474176,0.20332161041133048,0.3588968070177874
Human,Global Workspace Theory > Modularity > Cross-Modal Learning Deficits,Cross-Modal Learning Deficits,Modularity,2,1,1.7962291174819414,1.0282717657503078,True,0.0,0.0,0.0,0.0,0.0,0.0,1.0,0.07356935798933333,0.039503217643630004,0.05724188490570068,0.12264803726986853,0.146009632784593,0.20340338372076597,0.3576244856861084
Human,Global Workspace Theory > Modularity > Dedicated Action Systems,Dedicated Action Systems,Modularity,2,1,1.7816327712899498,1.0230380830952162,True,0.0,0.0,0.0,0.0,0.0,0.0,1.0,0.07308315964175838,0.039238058103790247,0.05690585971135538,0.12213362784446757,0.145656607656943,0.20348160180811528,0.3595010852335701
Human,Global Workspace Theory > Modularity > Dedicated Sensory Systems,Dedicated Sensory Systems,Modularity,2,1,7.153412172423525,2.098436511097338,True,0.0,0.0,0.0,1.0,0.0,0.0,0.0,0.07356935798933333,0.039503217643630004,0.05724188490570068,0.12264803726986853,0.146009632784593,0.20340338372076597,0.3576244856861084
Human,Global Workspace Theory > Modularity > Dedicated Speech Systems,Dedicated Speech Systems,Modularity,2,1,3.9244536781514325,1.5942133401769287,True,0.0,0.0,0.0,0.0,0.0,1.0,0.0,0.0765163370944779,0.040503794320573015,0.05841382871840212,0.12447837201225026,0.146925824107735,0.20306821128945723,0.3500936324571045
Human,Global Workspace Theory > Modularity > Poorly Intraconnected Networks,Poorly Intraconnected Networks,Modularity,2,1,5.80615546023236,1.917827417462332,True,0.0,0.0,0.0,0.0,1.0,0.0,0.0,0.0765163370944779,0.040503794320573015,0.05841382871840212,0.12447837201225026,0.146925824107735,0.20306821128945723,0.3500936324571045
Human,Global Workspace Theory > Modularity > Selective Competence Disruption,Selective Competence Disruption,Modularity,2,1,1.7888944552269281,1.0256452646976288,True,0.0,0.0,0.0,0.0,0.0,0.0,1.0,0.07328019833684081,0.03934188938934963,0.05710153334770439,0.12240678685979492,0.14583284364594615,0.20347172702781693,0.35856502139254726
Human,Global Workspace Theory > Representationality > Conceptual Representations > Activation Steering Effects,Activation Steering Effects,Representationality,3,1,2.1929759762540995,1.160953389825261,True,0.0,0.0,0.0,0.0,0.0,0.0,1.0,0.09213119021173553,0.046009217240718256,0.06468446972353366,0.1333156212653834,0.15119333290084327,0.1994787198836898,0.313187448774096
Human,Global Workspace Theory > Representationality > World Modelling > Broad Predictive Training,Broad Predictive Training,Representationality,3,1,9.888534530474143,2.387710357685092,True,1.0,0.0,0.0,0.0,0.0,0.0,0.0,0.09183972344499283,0.04608805913989847,0.06478862534176784,0.13338554365487226,0.15131629943716762,0.19969822062155668,0.31288352835974426
Human,Global Workspace Theory > Representationality > Conceptual Representations > Concept-Specific Ablation Effects,Concept-Specific Ablation Effects,Representationality,3,1,4.019567124721436,1.6133436998504338,True,0.0,0.0,0.0,0.0,0.0,1.0,0.0,0.09309237517732527,0.04644785224083057,0.06521596450862911,0.13395010201642382,0.1514797716864146,0.19922036605008955,0.31059356832028706
Human,Global Workspace Theory > Representationality > Isomorphic Representations > Has Retinotopic Neural Maps,Has Retinotopic Neural Maps,Representationality,3,1,2.1523904400710276,1.1481610349052158,True,0.0,0.0,0.0,0.0,0.0,0.0,1.0,0.0902072569876207,0.045404665988132906,0.06399939994110898,0.13229314742769166,0.1507755081670042,0.20010043241448525,0.31721958907395637
Human,Global Workspace Theory > Representationality > Propositional Representations > Logical Inference,Logical Inference,Representationality,3,1,14.757956591197996,2.7573454181045096,True,0.0,0.0,1.0,0.0,0.0,0.0,0.0,0.08835570900673217,0.04478676787707119,0.06346000474189498,0.13133575976687925,0.1503208563253613,0.20038522518054064,0.3213556771015205
Human,Global Workspace Theory > Representationality > World Modelling > Model Isomorphism,Model Isomorphism,Representationality,3,1,9.737015041817752,2.373697121384029,True,1.0,0.0,0.0,0.0,0.0,0.0,0.0,0.0931357547796359,0.046436710988351684,0.06520978395315764,0.13394959836463258,0.1514703150751366,0.19918655214725492,0.31061128469183075
Human,Global Workspace Theory > Representationality > Conceptual Representations > Probe-Detectable Themes,Probe-Detectable Themes,Representationality,3,1,2.1422629909412443,1.1449432380942364,True,0.0,0.0,0.0,0.0,0.0,0.0,1.0,0.08954508208007915,0.04518421332135779,0.06386374181901235,0.13220808954790017,0.1508095687717636,0.20014732316077985,0.3182419812991072
Human,Global Workspace Theory > Representationality > Isomorphic Representations > Somatotopic Neural Maps,Somatotopic Neural Maps,Representationality,3,1,2.1199823394430757,1.137827341370459,True,0.0,0.0,0.0,0.0,0.0,0.0,1.0,0.08856051064846152,0.044880872287208814,0.06339387221447772,0.13161346328539267,0.15048514789413278,0.2005514989052776,0.3205146347650488
Human,Global Workspace Theory > Selective Attention > Capability Attention Modulation > Adaptive Learning,Adaptive Learning,Selective Attention,3,1,10.013351526201884,2.3991083118781473,True,1.0,0.0,0.0,0.0,0.0,0.0,0.0,0.0907988814867934,0.04561728602753124,0.06428134737108301,0.1325611334405392,0.15085883353533233,0.19970940407686452,0.31617311406185633
Human,Global Workspace Theory > Selective Attention > Performance Sensitivity > Coupling,Coupling,Selective Attention,3,1,10.32029565447308,2.4265971903202854,True,1.0,0.0,0.0,0.0,0.0,0.0,0.0,0.08833691544132612,0.04479730407934432,0.06333445619995678,0.1314445045922289,0.15039379646936982,0.20059144712856503,0.321101576089209
Human,Global Workspace Theory > Selective Attention > Capability Attention Modulation > Feature Binding,Feature Binding,Selective Attention,3,1,21.255568855109242,3.102592262918915,True,0.0,1.0,0.0,0.0,0.0,0.0,0.0,0.08867249012563555,0.04493257424738567,0.06354576863349497,0.13165265087660935,0.1504961937897665,0.20034117775541568,0.3203591445716923
Human,Global Workspace Theory > Selective Attention > Adaptive Focus > Goal Focus Shifts,Goal Focus Shifts,Selective Attention,3,1,6.50747824756171,2.015899623443473,True,0.0,0.0,0.0,1.0,0.0,0.0,0.0,0.09186136494873606,0.045966077182919396,0.06477217700438646,0.13320051913900405,0.1511325205186084,0.19966521644317314,0.3134021247631725
Human,Global Workspace Theory > Selective Attention > Adaptive Focus > Inattentional Blindness,Inattentional Blindness,Selective Attention,3,1,5.636189616415778,1.892537945822289,True,0.0,0.0,0.0,0.0,1.0,0.0,0.0,0.09051049492161366,0.04547459748138463,0.06413919652967603,0.1323304068053308,0.15068888289845198,0.1998772552625691,0.31697916610097376
Human,Global Workspace Theory > Selective Attention > Attention-Constrained Architecture > Informational Bottleneck,Informational Bottleneck,Selective Attention,3,1,5.643945893016177,1.893706047981611,True,0.0,0.0,0.0,0.0,1.0,0.0,0.0,0.08976843436434397,0.045223804167954906,0.0638673856111253,0.13193656161768735,0.15051296565361197,0.20004703887536296,0.31864380970991363
Human,Global Workspace Theory > Selective Attention > Performance Sensitivity > Performance Degradation,Performance Degradation,Selective Attention,3,1,6.459025927161429,2.0094248329237394,True,0.0,0.0,0.0,1.0,0.0,0.0,0.0,0.0936165749563908,0.04653046148976413,0.06530582978779835,0.1340657627101928,0.1514832292832566,0.19928098546156775,0.3097171563110296
Human,Global Workspace Theory > Selective Attention > Performance Sensitivity > Priming Enhancement,Priming Enhancement,Selective Attention,3,1,2.1142793261225794,1.1359977694925831,True,0.0,0.0,0.0,0.0,0.0,0.0,1.0,0.08833691544132612,0.04479730407934432,0.06333445619995678,0.1314445045922289,0.15039379646936982,0.20059144712856503,0.321101576089209
Human,Global Workspace Theory > Selective Attention > Attention-Constrained Architecture > Resource Adaptation,Resource Adaptation,Selective Attention,3,1,3.996554075644277,1.6087484899658906,True,0.0,0.0,0.0,0.0,0.0,1.0,0.0,0.09012078724146029,0.04540575811550976,0.06402322909529408,0.1323224514312691,0.15080671144898436,0.20013793203490063,0.31718313063258174
Human,Global Workspace Theory > Selective Attention > Non-Linear Capabilities > Self-Sustained Activity,Self-Sustained Activity,Selective Attention,3,1,2.047468010389616,1.1143110853172493,True,0.0,0.0,0.0,0.0,0.0,0.0,1.0,0.08517506737583215,0.04374274195552477,0.062158395546453644,0.12982009085532936,0.14965781377000797,0.20130462811419933,0.32814126238265284
Human,Global Workspace Theory > Selective Attention > Adaptive Focus > Task Focus,Task Focus,Selective Attention,3,1,2.19078883321441,1.1602681693666306,True,0.0,0.0,0.0,0.0,0.0,0.0,1.0,0.09186136494873606,0.045966077182919396,0.06477217700438646,0.13320051913900405,0.1511325205186084,0.19966521644317314,0.3134021247631725
Human,Global Workspace Theory > Selective Attention > Non-Linear Capabilities > Threshold Activation,Threshold Activation,Selective Attention,3,1,2.088864525229905,1.127803555813767,True,0.0,0.0,0.0,0.0,0.0,0.0,1.0,0.08685740457766977,0.04437127461026786,0.06290443117290341,0.13084562541492972,0.1502458973648505,0.20103180613278154,0.3237435607265974
