dgp,fit,leaf,design,nuisance_truth,estimand,system,node_key,node_name,node_type,top_feature,depth,fanout,subtree_indicator_count,subtree_rating_count,z_true,prior_p_z1,posterior_p_z1,prior_entropy,posterior_entropy,entropy_reduction,relative_entropy_reduction,brier,log_score,neg_log_score
exact_latent_tree,per_system_obs_exact_tree,three_state_binomial_2,current_gwt_rater_design,per_system_obs_task2_medians,internal_z_probability,Human,Global Workspace Theory > Representationality,Representationality,feature,Representationality,1,4,8,8,1,0.9249619188927626,0.708090849376459,0.2664801241977445,0.6038522660110042,-0.3373721418132597,-1.2660311639711974,0.08521095221775711,-0.3451828751921778,0.3451828751921778
exact_latent_tree,per_system_obs_exact_tree,three_state_binomial_2,current_gwt_rater_design,per_system_obs_task2_medians,internal_z_probability,Human,Global Workspace Theory > Representationality > Conceptual Representations,Conceptual Representations,feature,Representationality,2,3,3,3,1,0.81855749032424,0.7514278491135625,0.47357379847331393,0.560761048438087,-0.08718724996477312,-0.1841048855444357,0.061788114196309835,-0.28578008356187207,0.28578008356187207
exact_latent_tree,per_system_obs_exact_tree,three_state_binomial_2,current_gwt_rater_design,per_system_obs_task2_medians,internal_z_probability,Human,Global Workspace Theory > Representationality > Propositional Representations,Propositional Representations,feature,Representationality,2,1,1,1,1,0.8165595731648473,0.7194870924779743,0.47657047011926423,0.5934370866885105,-0.11686661656924624,-0.24522420900312972,0.07868749128646056,-0.3292166923875913,0.3292166923875913
exact_latent_tree,per_system_obs_exact_tree,three_state_binomial_2,current_gwt_rater_design,per_system_obs_task2_medians,internal_z_probability,Human,Global Workspace Theory > Representationality > World Modelling,World Modelling,feature,Representationality,2,2,2,2,1,0.7456809635581148,0.3194825825182594,0.5670305359962824,0.6264788275215047,-0.05944829152522235,-0.10484142872618082,0.46310395549601757,-1.1410525214603635,1.1410525214603635
exact_latent_tree,per_system_obs_exact_tree,three_state_binomial_2,current_gwt_rater_design,per_system_obs_task2_medians,internal_z_probability,Human,Global Workspace Theory > Representationality > Isomorphic Representations,Isomorphic Representations,feature,Representationality,2,2,2,2,1,0.7162153362665447,0.7373692922857854,0.5964923590428877,0.5757906088013045,0.02070175024158316,0.03470580960131747,0.06897488863446921,-0.3046664372743311,0.3046664372743311
exact_latent_tree,per_system_obs_exact_tree,three_state_binomial_2,current_gwt_rater_design,per_system_obs_task2_medians,internal_z_probability,Human,Global Workspace Theory > Hierarchical Organization,Hierarchical Organization,feature,Hierarchical Organization,1,1,1,1,1,0.8263271266737368,0.7186518292861667,0.46166248881619654,0.5942221094890611,-0.13255962067286453,-0.28713535079008984,0.0791567931640203,-0.3303782815401895,0.3303782815401895
exact_latent_tree,per_system_obs_exact_tree,three_state_binomial_2,current_gwt_rater_design,per_system_obs_task2_medians,internal_z_probability,Human,Global Workspace Theory > Coherence,Coherence,feature,Coherence,1,4,13,13,1,0.7972391007321977,0.7220347258181897,0.5042061037076643,0.5910213136308318,-0.08681520992316749,-0.17218198923966704,0.07726469365096895,-0.32568204454482624,0.32568204454482624
exact_latent_tree,per_system_obs_exact_tree,three_state_binomial_2,current_gwt_rater_design,per_system_obs_task2_medians,internal_z_probability,Human,Global Workspace Theory > Coherence > Autonomous Subparts,Autonomous Subparts,feature,Coherence,2,5,5,5,0,0.46309688116658304,0.5166487679593853,0.6904210219852163,0.69259271512593,-0.0021716931407137485,-0.003145462075400494,0.26692594943395076,-0.7270117011131187,0.7270117011131187
exact_latent_tree,per_system_obs_exact_tree,three_state_binomial_2,current_gwt_rater_design,per_system_obs_task2_medians,internal_z_probability,Human,Global Workspace Theory > Coherence > Point of View,Point of View,feature,Coherence,2,2,2,2,1,0.7035965231190177,0.7510112289126541,0.6077861072562275,0.561221466761356,0.04656464049487152,0.0766135321932277,0.061995408127586714,-0.28633467538217283,0.28633467538217283
exact_latent_tree,per_system_obs_exact_tree,three_state_binomial_2,current_gwt_rater_design,per_system_obs_task2_medians,internal_z_probability,Human,Global Workspace Theory > Coherence > Common Representational Scheme,Common Representational Scheme,feature,Coherence,2,3,3,3,1,0.6568612638872846,0.7603579495573828,0.6430954647884466,0.5506669756192548,0.09242848916919177,0.14372436788929488,0.057428312340341896,-0.27396597032126085,0.27396597032126085
exact_latent_tree,per_system_obs_exact_tree,three_state_binomial_2,current_gwt_rater_design,per_system_obs_task2_medians,internal_z_probability,Human,Global Workspace Theory > Coherence > Social Coherence,Social Coherence,feature,Coherence,2,3,3,3,0,0.719349318487208,0.7681342890419122,0.5935668115866956,0.5415208920705892,0.052045919516106376,0.08768333825299231,0.5900302860019239,-1.4615969069809949,1.4615969069809949
exact_latent_tree,per_system_obs_exact_tree,three_state_binomial_2,current_gwt_rater_design,per_system_obs_task2_medians,internal_z_probability,Human,Global Workspace Theory > Modularity,Modularity,feature,Modularity,1,6,6,6,1,0.5597210483405006,0.7112415596099875,0.6859969149136287,0.6010362635059359,0.08496065140769282,0.12384990305443269,0.08338143689647241,-0.340743160592695,0.340743160592695
exact_latent_tree,per_system_obs_exact_tree,three_state_binomial_2,current_gwt_rater_design,per_system_obs_task2_medians,internal_z_probability,Human,Global Workspace Theory > Complexity,Complexity,feature,Complexity,1,3,8,8,1,0.9199980446485339,0.7892284656418926,0.2787741473894699,0.5149771036580258,-0.23620295626855597,-0.8472914668753752,0.04442463969567083,-0.2366994365005019,0.2366994365005019
exact_latent_tree,per_system_obs_exact_tree,three_state_binomial_2,current_gwt_rater_design,per_system_obs_task2_medians,internal_z_probability,Human,Global Workspace Theory > Complexity > Functional Diversity,Functional Diversity,feature,Complexity,2,2,2,2,1,0.7139085742061968,0.7989594153064653,0.5986148101617902,0.5018416008185751,0.0967732093432151,0.161661902947339,0.0404173166939183,-0.22444512886580778,0.22444512886580778
exact_latent_tree,per_system_obs_exact_tree,three_state_binomial_2,current_gwt_rater_design,per_system_obs_task2_medians,internal_z_probability,Human,Global Workspace Theory > Complexity > Informational Complexity,Informational Complexity,feature,Complexity,2,4,2,2,1,0.8133359436146962,0.8026144262284176,0.4813494939361266,0.4967566288200538,-0.015407134883927198,-0.03200820833515133,0.03896106473313679,-0.21988084694203439,0.21988084694203439
exact_latent_tree,per_system_obs_exact_tree,three_state_binomial_2,current_gwt_rater_design,per_system_obs_task2_medians,internal_z_probability,Human,Global Workspace Theory > Complexity > Informational Complexity > Efficient Problem-Solving,Efficient Problem-Solving,feature,Complexity,3,0,0,0,1,0.7112437649864327,0.7323701804896914,0.6010342755200734,0.580887127659403,0.0201471478606704,0.033520796868426725,0.07162572029112037,-0.31146918179807387,0.31146918179807387
exact_latent_tree,per_system_obs_exact_tree,three_state_binomial_2,current_gwt_rater_design,per_system_obs_task2_medians,internal_z_probability,Human,Global Workspace Theory > Complexity > Informational Complexity > Efficient Network Topology,Efficient Network Topology,feature,Complexity,3,0,0,0,1,0.7257576726295476,0.7435541391048996,0.5874328485943858,0.5693064743711735,0.018126374223212283,0.03085692988838677,0.06576447957022916,-0.2963136991829577,0.2963136991829577
exact_latent_tree,per_system_obs_exact_tree,three_state_binomial_2,current_gwt_rater_design,per_system_obs_task2_medians,internal_z_probability,Human,Global Workspace Theory > Complexity > Structural Complexity,Structural Complexity,feature,Complexity,2,4,4,4,1,0.7422242544515112,0.821548066590705,0.5707175361844001,0.46903794341460303,0.1016795927697971,0.17816097512893697,0.031845092537515454,-0.19656483245484052,0.19656483245484052
exact_latent_tree,per_system_obs_exact_tree,three_state_binomial_2,current_gwt_rater_design,per_system_obs_task2_medians,internal_z_probability,Human,Global Workspace Theory > Selective Attention,Selective Attention,feature,Selective Attention,1,5,12,12,1,0.8646412396920092,0.7103972980264608,0.3964479907406842,0.601795564867468,-0.20534757412678378,-0.517968507655021,0.08386972499037457,-0.34193089076515315,0.34193089076515315
exact_latent_tree,per_system_obs_exact_tree,three_state_binomial_2,current_gwt_rater_design,per_system_obs_task2_medians,internal_z_probability,Human,Global Workspace Theory > Selective Attention > Non-Linear Capabilities,Non-Linear Capabilities,feature,Selective Attention,2,2,2,2,1,0.7954011205687049,0.7393948816316188,0.506712106645426,0.5736889008144351,-0.06697679416900915,-0.13217918674257462,0.06791502771979797,-0.3019231548302909,0.3019231548302909
exact_latent_tree,per_system_obs_exact_tree,three_state_binomial_2,current_gwt_rater_design,per_system_obs_task2_medians,internal_z_probability,Human,Global Workspace Theory > Selective Attention > Adaptive Focus,Adaptive Focus,feature,Selective Attention,2,3,3,3,1,0.7773862350846548,0.7588929868089572,0.5301962659386177,0.5523526037189038,-0.02215633778028614,-0.04178893591614099,0.058132591809905675,-0.2758945038734273,0.2758945038734273
exact_latent_tree,per_system_obs_exact_tree,three_state_binomial_2,current_gwt_rater_design,per_system_obs_task2_medians,internal_z_probability,Human,Global Workspace Theory > Selective Attention > Attention-Constrained Architecture,Attention-Constrained Architecture,feature,Selective Attention,2,2,2,2,1,0.6881837127022514,0.7377782512984001,0.6205462078953299,0.5753679921141648,0.0451782157811651,0.07280395111009283,0.06876024549212499,-0.3041119720279622,0.3041119720279622
exact_latent_tree,per_system_obs_exact_tree,three_state_binomial_2,current_gwt_rater_design,per_system_obs_task2_medians,internal_z_probability,Human,Global Workspace Theory > Selective Attention > Performance Sensitivity,Performance Sensitivity,feature,Selective Attention,2,3,3,3,0,0.6881837127022514,0.6624553551457188,0.6205462078953299,0.6393934061594451,-0.018847198264115184,-0.03037194978281814,0.43884709756124046,-1.0860574963681973,1.0860574963681973
exact_latent_tree,per_system_obs_exact_tree,three_state_binomial_2,current_gwt_rater_design,per_system_obs_task2_medians,internal_z_probability,Human,Global Workspace Theory > Selective Attention > Capability Attention Modulation,Capability Attention Modulation,feature,Selective Attention,2,2,2,2,1,0.7866926312863065,0.510439502861616,0.5183058457468325,0.6929291982807315,-0.17462335253389905,-0.3369117943909785,0.2396694803583817,-0.6724831540577181,0.6724831540577181
exact_latent_tree,per_system_obs_exact_tree,three_state_binomial_2,current_gwt_rater_design,per_system_obs_task2_medians,internal_z_probability,Human,Global Workspace Theory > Integration,Integration,feature,Integration,1,2,2,2,1,0.8646412396920092,0.7448148423143381,0.3964479907406842,0.5679602534396648,-0.17151226269898062,-0.4326223532588577,0.0651194647030561,-0.2946196252984797,0.2946196252984797
exact_latent_tree,per_system_obs_exact_tree,three_state_binomial_2,current_gwt_rater_design,per_system_obs_task2_medians,internal_z_probability,Chicken,Global Workspace Theory > Representationality,Representationality,feature,Representationality,1,4,8,12,1,0.8831237744098546,0.059256212747659145,0.3606545355040938,0.22491604209114618,0.13573849341294764,0.37636707721760193,0.8849988732538776,-2.825884647963379,2.825884647963379
exact_latent_tree,per_system_obs_exact_tree,three_state_binomial_2,current_gwt_rater_design,per_system_obs_task2_medians,internal_z_probability,Chicken,Global Workspace Theory > Representationality > Conceptual Representations,Conceptual Representations,feature,Representationality,2,3,3,3,1,0.7964561712737757,0.0935351138403063,0.5052761395117473,0.3106413741829541,0.1946347653287932,0.3852047427311142,0.8216785898405065,-2.3694183640942215,2.3694183640942215
exact_latent_tree,per_system_obs_exact_tree,three_state_binomial_2,current_gwt_rater_design,per_system_obs_task2_medians,internal_z_probability,Chicken,Global Workspace Theory > Representationality > Propositional Representations,Propositional Representations,feature,Representationality,2,1,1,2,1,0.7893891268072667,0.2752381945306151,0.5147649081631664,0.5883995410041426,-0.07363463284097616,-0.14304516814039697,0.5252796746672426,-1.2901183942878323,1.2901183942878323
exact_latent_tree,per_system_obs_exact_tree,three_state_binomial_2,current_gwt_rater_design,per_system_obs_task2_medians,internal_z_probability,Chicken,Global Workspace Theory > Representationality > World Modelling,World Modelling,feature,Representationality,2,2,2,3,1,0.7165460000352958,0.1733724581749091,0.5961859730132227,0.46119358150624246,0.13499239150698028,0.2264266480888612,0.6833130929037924,-1.7523130613058941,1.7523130613058941
exact_latent_tree,per_system_obs_exact_tree,three_state_binomial_2,current_gwt_rater_design,per_system_obs_task2_medians,internal_z_probability,Chicken,Global Workspace Theory > Representationality > Isomorphic Representations,Isomorphic Representations,feature,Representationality,2,2,2,4,1,0.6967727316355488,0.045323481907609146,0.6135740118482581,0.18450817512489487,0.42906583672336324,0.6992894556125281,0.9114072541970111,-3.0939300163911843,3.0939300163911843
exact_latent_tree,per_system_obs_exact_tree,three_state_binomial_2,current_gwt_rater_design,per_system_obs_task2_medians,internal_z_probability,Chicken,Global Workspace Theory > Hierarchical Organization,Hierarchical Organization,feature,Hierarchical Organization,1,1,1,1,1,0.679034938096417,0.15913328975032556,0.6275947551215355,0.43822987744134284,0.18936487768019267,0.30173113483639874,0.70705682440611,-1.838013127622855,1.838013127622855
exact_latent_tree,per_system_obs_exact_tree,three_state_binomial_2,current_gwt_rater_design,per_system_obs_task2_medians,internal_z_probability,Chicken,Global Workspace Theory > Coherence,Coherence,feature,Coherence,1,4,13,25,0,0.27565555661717833,0.023809831446042262,0.5888031970807525,0.11251707654798493,0.47628612053276753,0.8089054592335143,0.000566908073488943,-0.024097866718958274,0.024097866718958274
exact_latent_tree,per_system_obs_exact_tree,three_state_binomial_2,current_gwt_rater_design,per_system_obs_task2_medians,internal_z_probability,Chicken,Global Workspace Theory > Coherence > Autonomous Subparts,Autonomous Subparts,feature,Coherence,2,5,5,9,1,0.4787707546538875,0.9914096671693605,0.6922455478308942,0.049418555007795836,0.6428269928230984,0.9286112346079428,7.37938181411625e-05,-0.008627442415001435,0.008627442415001435
exact_latent_tree,per_system_obs_exact_tree,three_state_binomial_2,current_gwt_rater_design,per_system_obs_task2_medians,internal_z_probability,Chicken,Global Workspace Theory > Coherence > Point of View,Point of View,feature,Coherence,2,2,2,4,0,0.4558041115867013,0.00949788987245347,0.6892355244371345,0.053681328658651314,0.6355541957784833,0.9221146810410125,9.020991202925418e-05,-0.009543282479776913,0.009543282479776913
exact_latent_tree,per_system_obs_exact_tree,three_state_binomial_2,current_gwt_rater_design,per_system_obs_task2_medians,internal_z_probability,Chicken,Global Workspace Theory > Coherence > Common Representational Scheme,Common Representational Scheme,feature,Coherence,2,3,3,6,0,0.4144761687642246,0.013502868118133025,0.6784463485349768,0.07153915580426005,0.6069071927307167,0.8945544390374562,0.0001823274474156933,-0.013594860891289017,0.013594860891289017
exact_latent_tree,per_system_obs_exact_tree,three_state_binomial_2,current_gwt_rater_design,per_system_obs_task2_medians,internal_z_probability,Chicken,Global Workspace Theory > Coherence > Social Coherence,Social Coherence,feature,Coherence,2,3,3,6,0,0.5117003969002362,0.09279134138587418,0.6928733569906709,0.3089488366551807,0.3839245203354902,0.5541048973263659,0.008610233036189846,-0.09738280172645615,0.09738280172645615
exact_latent_tree,per_system_obs_exact_tree,three_state_binomial_2,current_gwt_rater_design,per_system_obs_task2_medians,internal_z_probability,Chicken,Global Workspace Theory > Modularity,Modularity,feature,Modularity,1,6,6,12,0,0.3149839245356485,0.00022572835020122286,0.6230305047802276,0.0021209583409562407,0.6209095464392713,0.9965957391737914,5.095328808456591e-08,-0.00022575383067974066,0.00022575383067974066
exact_latent_tree,per_system_obs_exact_tree,three_state_binomial_2,current_gwt_rater_design,per_system_obs_task2_medians,internal_z_probability,Chicken,Global Workspace Theory > Complexity,Complexity,feature,Complexity,1,3,8,15,0,0.5278081384382017,0.009470672074369715,0.6915997971365085,0.053554804266896974,0.6380449928696116,0.9225638808908929,8.969362954024636e-05,-0.009515804068720246,0.009515804068720246
exact_latent_tree,per_system_obs_exact_tree,three_state_binomial_2,current_gwt_rater_design,per_system_obs_task2_medians,internal_z_probability,Chicken,Global Workspace Theory > Complexity > Functional Diversity,Functional Diversity,feature,Complexity,2,2,2,4,0,0.5316539981259888,0.0023449597903651663,0.6911418886078069,0.016542081803360274,0.6745998068044466,0.9760655777402212,5.498836418429444e-06,-0.002347713514331353,0.002347713514331353
exact_latent_tree,per_system_obs_exact_tree,three_state_binomial_2,current_gwt_rater_design,per_system_obs_task2_medians,internal_z_probability,Chicken,Global Workspace Theory > Complexity > Informational Complexity,Informational Complexity,feature,Complexity,2,4,2,3,0,0.5586407380702518,0.51789135600473,0.6862538543033446,0.6925068426313412,-0.006252988327996589,-0.00911177152417505,0.26821145662441803,-0.7295857878510458,0.7295857878510458
exact_latent_tree,per_system_obs_exact_tree,three_state_binomial_2,current_gwt_rater_design,per_system_obs_task2_medians,internal_z_probability,Chicken,Global Workspace Theory > Complexity > Informational Complexity > Efficient Problem-Solving,Efficient Problem-Solving,feature,Complexity,3,0,0,0,1,0.5902438985227401,0.5139900014164511,0.6767696531529003,0.6927556891895156,-0.015986036036615303,-0.023621088744361345,0.2362057187231812,-0.665551466213351,0.665551466213351
exact_latent_tree,per_system_obs_exact_tree,three_state_binomial_2,current_gwt_rater_design,per_system_obs_task2_medians,internal_z_probability,Chicken,Global Workspace Theory > Complexity > Informational Complexity > Efficient Network Topology,Efficient Network Topology,feature,Complexity,3,0,0,0,0,0.6243603310887775,0.5207995221012386,0.661889124717298,0.6922816906008802,-0.03039256588358219,-0.045917910944016906,0.2712321422208785,-0.7356362348968342,0.7356362348968342
exact_latent_tree,per_system_obs_exact_tree,three_state_binomial_2,current_gwt_rater_design,per_system_obs_task2_medians,internal_z_probability,Chicken,Global Workspace Theory > Complexity > Structural Complexity,Structural Complexity,feature,Complexity,2,4,4,8,0,0.46911370538966596,0.0013823962993335468,0.6912380389202146,0.01048305026735006,0.6807549886528645,0.9848343845721719,1.911019528411085e-06,-0.0013833526906072227,0.0013833526906072227
exact_latent_tree,per_system_obs_exact_tree,three_state_binomial_2,current_gwt_rater_design,per_system_obs_task2_medians,internal_z_probability,Chicken,Global Workspace Theory > Selective Attention,Selective Attention,feature,Selective Attention,1,5,12,24,0,0.3782271175231424,0.0005976194553257507,0.6631895406177672,0.00503330493954769,0.6581562356782196,0.99241045789887,3.5714901338384697e-07,-0.0005977981010107665,0.0005977981010107665
exact_latent_tree,per_system_obs_exact_tree,three_state_binomial_2,current_gwt_rater_design,per_system_obs_task2_medians,internal_z_probability,Chicken,Global Workspace Theory > Selective Attention > Non-Linear Capabilities,Non-Linear Capabilities,feature,Selective Attention,2,2,2,4,0,0.5680426935865732,0.010664182278484853,0.6838587702562228,0.05903172450388824,0.6248270457523345,0.9136784858637248,0.00011372478366875039,-0.010721452192090463,0.010721452192090463
exact_latent_tree,per_system_obs_exact_tree,three_state_binomial_2,current_gwt_rater_design,per_system_obs_task2_medians,internal_z_probability,Chicken,Global Workspace Theory > Selective Attention > Adaptive Focus,Adaptive Focus,feature,Selective Attention,2,3,3,6,0,0.4615001226076063,0.0002502091562637348,0.6901797630892915,0.0023252157700691823,0.6878545473192224,0.9966309997852424,6.260462187821006e-08,-0.0002502404637970611,0.0002502404637970611
exact_latent_tree,per_system_obs_exact_tree,three_state_binomial_2,current_gwt_rater_design,per_system_obs_task2_medians,internal_z_probability,Chicken,Global Workspace Theory > Selective Attention > Attention-Constrained Architecture,Attention-Constrained Architecture,feature,Selective Attention,2,2,2,4,0,0.4621422000791051,0.002326358115802977,0.6902780094310397,0.016429409126533148,0.6738486003045066,0.9761988519088489,5.411942082962378e-06,-0.0023290682908854946,0.0023290682908854946
exact_latent_tree,per_system_obs_exact_tree,three_state_binomial_2,current_gwt_rater_design,per_system_obs_task2_medians,internal_z_probability,Chicken,Global Workspace Theory > Selective Attention > Performance Sensitivity,Performance Sensitivity,feature,Selective Attention,2,3,3,6,0,0.4621422000791051,0.0014357448998143165,0.6902780094310397,0.010833202452084858,0.6794448069789548,0.9843060298835044,2.061363417342822e-06,-0.0014367765691172196,0.0014367765691172196
exact_latent_tree,per_system_obs_exact_tree,three_state_binomial_2,current_gwt_rater_design,per_system_obs_task2_medians,internal_z_probability,Chicken,Global Workspace Theory > Selective Attention > Capability Attention Modulation,Capability Attention Modulation,feature,Selective Attention,2,2,2,4,1,0.5297406598838114,0.07771206752881256,0.6913771222437427,0.27314557123114436,0.41823155101259835,0.6049253548559742,0.8506150303819776,-2.5547447244166417,2.5547447244166417
exact_latent_tree,per_system_obs_exact_tree,three_state_binomial_2,current_gwt_rater_design,per_system_obs_task2_medians,internal_z_probability,Chicken,Global Workspace Theory > Integration,Integration,feature,Integration,1,2,2,4,1,0.3782271175231424,0.643842060638429,0.6631895406177672,0.6511755261879333,0.012014014429833964,0.018115506494030043,0.1268484777702805,-0.44030183041171417,0.44030183041171417
exact_latent_tree,per_system_obs_exact_tree,three_state_binomial_2,current_gwt_rater_design,per_system_obs_task2_medians,internal_z_probability,2024 Leading Chat LLMs,Global Workspace Theory > Representationality,Representationality,feature,Representationality,1,4,8,30,1,0.8747449737790987,0.8491414791341629,0.3772661222228169,0.4241953931099587,-0.04692927088714177,-0.12439301628950639,0.022758293317828197,-0.16352946446433145,0.16352946446433145
exact_latent_tree,per_system_obs_exact_tree,three_state_binomial_2,current_gwt_rater_design,per_system_obs_task2_medians,internal_z_probability,2024 Leading Chat LLMs,Global Workspace Theory > Representationality > Conceptual Representations,Conceptual Representations,feature,Representationality,2,3,3,11,1,0.7920300059098643,0.9764105395579665,0.5112546147534314,0.11169766800918089,0.39955694674425046,0.781522425840497,0.000556462643946262,-0.023872146218060292,0.023872146218060292
exact_latent_tree,per_system_obs_exact_tree,three_state_binomial_2,current_gwt_rater_design,per_system_obs_task2_medians,internal_z_probability,2024 Leading Chat LLMs,Global Workspace Theory > Representationality > Propositional Representations,Propositional Representations,feature,Representationality,2,1,1,4,1,0.7839477824098874,0.8183361209534343,0.5218657782113378,0.4739071497033188,0.04795862850801902,0.09189839707902328,0.03300176495024524,-0.2004821209670192,0.2004821209670192
exact_latent_tree,per_system_obs_exact_tree,three_state_binomial_2,current_gwt_rater_design,per_system_obs_task2_medians,internal_z_probability,2024 Leading Chat LLMs,Global Workspace Theory > Representationality > World Modelling,World Modelling,feature,Representationality,2,2,2,7,1,0.7107112276341973,0.9822289060668997,0.601513631745414,0.08923298853176018,0.5122806432136537,0.8516525913588482,0.00031581177957907354,-0.017930895890578197,0.017930895890578197
exact_latent_tree,per_system_obs_exact_tree,three_state_binomial_2,current_gwt_rater_design,per_system_obs_task2_medians,internal_z_probability,2024 Leading Chat LLMs,Global Workspace Theory > Representationality > Isomorphic Representations,Isomorphic Representations,feature,Representationality,2,2,2,8,0,0.6928790190926256,0.7099732298013272,0.6167776971464367,0.6021756504612689,0.014602046685167847,0.023674732002673237,0.5040619870345281,-1.2377820492321119,1.2377820492321119
exact_latent_tree,per_system_obs_exact_tree,three_state_binomial_2,current_gwt_rater_design,per_system_obs_task2_medians,internal_z_probability,2024 Leading Chat LLMs,Global Workspace Theory > Hierarchical Organization,Hierarchical Organization,feature,Hierarchical Organization,1,1,1,3,1,0.6495371700235225,0.5843290269523236,0.6477326782378771,0.6788562028035281,-0.03112352456565104,-0.04804995272173231,0.17278235783440213,-0.5372910524897851,0.5372910524897851
exact_latent_tree,per_system_obs_exact_tree,three_state_binomial_2,current_gwt_rater_design,per_system_obs_task2_medians,internal_z_probability,2024 Leading Chat LLMs,Global Workspace Theory > Coherence,Coherence,feature,Coherence,1,4,13,48,1,0.17119957314955098,0.4033857993679231,0.4577831992855692,0.6743606301786096,-0.21657743089304038,-0.4731004353830326,0.35594850439585213,-0.9078618564417743,0.9078618564417743
exact_latent_tree,per_system_obs_exact_tree,three_state_binomial_2,current_gwt_rater_design,per_system_obs_task2_medians,internal_z_probability,2024 Leading Chat LLMs,Global Workspace Theory > Coherence > Autonomous Subparts,Autonomous Subparts,feature,Coherence,2,5,5,18,0,0.48190971463131826,0.03982283575531409,0.6924925208382462,0.1673807009611255,0.5251118198771207,0.7582924061641634,0.0015858582475947224,-0.040637465458575224,0.040637465458575224
exact_latent_tree,per_system_obs_exact_tree,three_state_binomial_2,current_gwt_rater_design,per_system_obs_task2_medians,internal_z_probability,2024 Leading Chat LLMs,Global Workspace Theory > Coherence > Point of View,Point of View,feature,Coherence,2,2,2,7,1,0.4061794630822321,0.10251015969437989,0.6754378041089772,0.33056361004171353,0.3448741940672637,0.5105935616414219,0.8054880134518074,-2.2777933663460748,2.2777933663460748
exact_latent_tree,per_system_obs_exact_tree,three_state_binomial_2,current_gwt_rater_design,per_system_obs_task2_medians,internal_z_probability,2024 Leading Chat LLMs,Global Workspace Theory > Coherence > Common Representational Scheme,Common Representational Scheme,feature,Coherence,2,3,3,11,1,0.3659344274178174,0.45130300988424543,0.6567564059778644,0.6883968602418914,-0.03164045426402695,-0.04817684909660915,0.3010683869620885,-0.7956163028068185,0.7956163028068185
exact_latent_tree,per_system_obs_exact_tree,three_state_binomial_2,current_gwt_rater_design,per_system_obs_task2_medians,internal_z_probability,2024 Leading Chat LLMs,Global Workspace Theory > Coherence > Social Coherence,Social Coherence,feature,Coherence,2,3,3,12,1,0.47011516560778527,0.6032319086307861,0.6913599088726066,0.6716794602033542,0.019680448669252337,0.02846628567361541,0.15742491832876884,-0.5054535647637725,0.5054535647637725
exact_latent_tree,per_system_obs_exact_tree,three_state_binomial_2,current_gwt_rater_design,per_system_obs_task2_medians,internal_z_probability,2024 Leading Chat LLMs,Global Workspace Theory > Modularity,Modularity,feature,Modularity,1,6,6,24,0,0.26597114940784095,0.0076086737631626275,0.5792103479935047,0.044698313396589015,0.5345120345969157,0.9228288763288975,5.789191643423934e-05,-0.007637767391282766,0.007637767391282766
exact_latent_tree,per_system_obs_exact_tree,three_state_binomial_2,current_gwt_rater_design,per_system_obs_task2_medians,internal_z_probability,2024 Leading Chat LLMs,Global Workspace Theory > Complexity,Complexity,feature,Complexity,1,3,8,30,1,0.44926543358967064,0.6132140849292643,0.6879903175765232,0.6672886541711914,0.02070166340533175,0.030090050508638392,0.14960334409710635,-0.4890411626963101,0.4890411626963101
exact_latent_tree,per_system_obs_exact_tree,three_state_binomial_2,current_gwt_rater_design,per_system_obs_task2_medians,internal_z_probability,2024 Leading Chat LLMs,Global Workspace Theory > Complexity > Functional Diversity,Functional Diversity,feature,Complexity,2,2,2,7,1,0.49515441680151456,0.6466817201600714,0.6931002204717904,0.649476619428024,0.04362360104376639,0.06293981700665452,0.12483380686904609,-0.4359010372657667,0.4359010372657667
exact_latent_tree,per_system_obs_exact_tree,three_state_binomial_2,current_gwt_rater_design,per_system_obs_task2_medians,internal_z_probability,2024 Leading Chat LLMs,Global Workspace Theory > Complexity > Informational Complexity,Informational Complexity,feature,Complexity,2,4,2,7,0,0.5076336875606835,0.11802831797930168,0.6930306296602893,0.3629780578707658,0.33005257178952346,0.47624528796268223,0.013930683845023146,-0.1255953300432684,0.1255953300432684
exact_latent_tree,per_system_obs_exact_tree,three_state_binomial_2,current_gwt_rater_design,per_system_obs_task2_medians,internal_z_probability,2024 Leading Chat LLMs,Global Workspace Theory > Complexity > Informational Complexity > Efficient Problem-Solving,Efficient Problem-Solving,feature,Complexity,3,0,0,0,1,0.5660116155193303,0.2094443360067253,0.6844066181490709,0.5132195260989811,0.17118709205008975,0.25012483443402855,0.6249782578718475,-1.5632972741761524,1.5632972741761524
exact_latent_tree,per_system_obs_exact_tree,three_state_binomial_2,current_gwt_rater_design,per_system_obs_task2_medians,internal_z_probability,2024 Leading Chat LLMs,Global Workspace Theory > Complexity > Informational Complexity > Efficient Network Topology,Efficient Network Topology,feature,Complexity,3,0,0,0,1,0.6040537873890238,0.21158420440589695,0.6713337228413871,0.516048073298749,0.15528564954263813,0.23130917494416817,0.6215994667422824,-1.5531322301496469,1.5531322301496469
exact_latent_tree,per_system_obs_exact_tree,three_state_binomial_2,current_gwt_rater_design,per_system_obs_task2_medians,internal_z_probability,2024 Leading Chat LLMs,Global Workspace Theory > Complexity > Structural Complexity,Structural Complexity,feature,Complexity,2,4,4,16,1,0.4144186688619266,0.9235867459516083,0.6784264760010471,0.269920676805856,0.4085057991951911,0.6021371713013166,0.005838985394264053,-0.07949055202528443,0.07949055202528443
exact_latent_tree,per_system_obs_exact_tree,three_state_binomial_2,current_gwt_rater_design,per_system_obs_task2_medians,internal_z_probability,2024 Leading Chat LLMs,Global Workspace Theory > Selective Attention,Selective Attention,feature,Selective Attention,1,5,12,43,1,0.2808144094786431,0.6153188329846138,0.5937208519097927,0.6663093512401403,-0.07258849933034761,-0.12226031660645865,0.14797960025631948,-0.4856147178955308,0.4856147178955308
exact_latent_tree,per_system_obs_exact_tree,three_state_binomial_2,current_gwt_rater_design,per_system_obs_task2_medians,internal_z_probability,2024 Leading Chat LLMs,Global Workspace Theory > Selective Attention > Non-Linear Capabilities,Non-Linear Capabilities,feature,Selective Attention,2,2,2,7,0,0.5225102983298046,0.5469536644236805,0.6921334108754935,0.6887313837635681,0.0034020271119253875,0.00491527653262988,0.29915831102649215,-0.7917608726895231,0.7917608726895231
exact_latent_tree,per_system_obs_exact_tree,three_state_binomial_2,current_gwt_rater_design,per_system_obs_task2_medians,internal_z_probability,2024 Leading Chat LLMs,Global Workspace Theory > Selective Attention > Adaptive Focus,Adaptive Focus,feature,Selective Attention,2,3,3,11,1,0.39823855135052055,0.7976855052750863,0.6722909939019979,0.5035943023859936,0.1686966915160043,0.25092808478198325,0.04093115477579713,-0.22604086287689296,0.22604086287689296
exact_latent_tree,per_system_obs_exact_tree,three_state_binomial_2,current_gwt_rater_design,per_system_obs_task2_medians,internal_z_probability,2024 Leading Chat LLMs,Global Workspace Theory > Selective Attention > Attention-Constrained Architecture,Attention-Constrained Architecture,feature,Selective Attention,2,2,2,8,0,0.41687353934015725,0.0733399467068472,0.6792627848687218,0.2621939044102674,0.4170688804584544,0.6140022532502786,0.005378747782963187,-0.07616849772503835,0.07616849772503835
exact_latent_tree,per_system_obs_exact_tree,three_state_binomial_2,current_gwt_rater_design,per_system_obs_task2_medians,internal_z_probability,2024 Leading Chat LLMs,Global Workspace Theory > Selective Attention > Performance Sensitivity,Performance Sensitivity,feature,Selective Attention,2,3,3,11,1,0.41687353934015725,0.9082420808483816,0.6792627848687218,0.3065862496782641,0.37267653519045774,0.5486485399939632,0.00841951572703493,-0.09624432705081484,0.09624432705081484
exact_latent_tree,per_system_obs_exact_tree,three_state_binomial_2,current_gwt_rater_design,per_system_obs_task2_medians,internal_z_probability,2024 Leading Chat LLMs,Global Workspace Theory > Selective Attention > Capability Attention Modulation,Capability Attention Modulation,feature,Selective Attention,2,2,2,6,1,0.47828165359492714,0.5966432042502782,0.6922035105437341,0.6743492770745374,0.01785423346919668,0.025793329847709046,0.16269670467748282,-0.5164359920741626,0.5164359920741626
exact_latent_tree,per_system_obs_exact_tree,three_state_binomial_2,current_gwt_rater_design,per_system_obs_task2_medians,internal_z_probability,2024 Leading Chat LLMs,Global Workspace Theory > Integration,Integration,feature,Integration,1,2,2,8,1,0.2808144094786431,0.9695596913835043,0.5937208519097927,0.13626940893411885,0.45745144297567386,0.7704823596884163,0.0009266123886675033,-0.030913236949246973,0.030913236949246973
exact_latent_tree,per_system_obs_exact_tree,three_state_binomial_2,current_gwt_rater_design,per_system_obs_task2_medians,internal_z_probability,ELIZA,Global Workspace Theory > Representationality,Representationality,feature,Representationality,1,4,8,8,1,0.8692149653627996,0.1555998515909744,0.38787630492143965,0.4323008587762755,-0.044424553854835847,-0.11453278607424494,0.7130116106331844,-1.8604676210238122,1.8604676210238122
exact_latent_tree,per_system_obs_exact_tree,three_state_binomial_2,current_gwt_rater_design,per_system_obs_task2_medians,internal_z_probability,ELIZA,Global Workspace Theory > Representationality > Conceptual Representations,Conceptual Representations,feature,Representationality,2,3,3,3,1,0.7891087367696827,0.2538301460222078,0.5151351363399789,0.5665040020638608,-0.051368865723881885,-0.0997192039526876,0.5567694509852397,-1.3710899521021744,1.3710899521021744
exact_latent_tree,per_system_obs_exact_tree,three_state_binomial_2,current_gwt_rater_design,per_system_obs_task2_medians,internal_z_probability,ELIZA,Global Workspace Theory > Representationality > Propositional Representations,Propositional Representations,feature,Representationality,2,1,1,1,1,0.780356495107617,0.2266721118450869,0.5264563871124304,0.5352238431275931,-0.008767456015162711,-0.01665371762939658,0.5980360225981377,-1.4842507469226667,1.4842507469226667
exact_latent_tree,per_system_obs_exact_tree,three_state_binomial_2,current_gwt_rater_design,per_system_obs_task2_medians,internal_z_probability,ELIZA,Global Workspace Theory > Representationality > World Modelling,World Modelling,feature,Representationality,2,2,2,2,1,0.7068602778494721,0.20877521340304256,0.6049390520167701,0.5123293921498248,0.09260965986694536,0.1530892402436238,0.6260366629254009,-1.5664971397757574,1.5664971397757574
exact_latent_tree,per_system_obs_exact_tree,three_state_binomial_2,current_gwt_rater_design,per_system_obs_task2_medians,internal_z_probability,ELIZA,Global Workspace Theory > Representationality > Isomorphic Representations,Isomorphic Representations,feature,Representationality,2,2,2,2,1,0.6903091688142963,0.20773111993367188,0.6188530690146617,0.5109350176692615,0.10791805134540022,0.17438396405988163,0.6276899783215538,-1.571510728155262,1.571510728155262
exact_latent_tree,per_system_obs_exact_tree,three_state_binomial_2,current_gwt_rater_design,per_system_obs_task2_medians,internal_z_probability,ELIZA,Global Workspace Theory > Hierarchical Organization,Hierarchical Organization,feature,Hierarchical Organization,1,1,1,1,1,0.6300686430954122,0.15869978011584732,0.6589191375662977,0.43750751510399544,0.22141162246230228,0.3360224492493584,0.7077860599771237,-1.8407410369841468,1.8407410369841468
exact_latent_tree,per_system_obs_exact_tree,three_state_binomial_2,current_gwt_rater_design,per_system_obs_task2_medians,internal_z_probability,ELIZA,Global Workspace Theory > Coherence,Coherence,feature,Coherence,1,4,13,13,0,0.10225862406091688,0.15157509459466922,0.3300175241959322,0.4254315473350585,-0.09541402313912628,-0.2891180502356558,0.022975009301382923,-0.1643737009877675,0.1643737009877675
exact_latent_tree,per_system_obs_exact_tree,three_state_binomial_2,current_gwt_rater_design,per_system_obs_task2_medians,internal_z_probability,ELIZA,Global Workspace Theory > Coherence > Autonomous Subparts,Autonomous Subparts,feature,Coherence,2,5,5,5,0,0.48398142821642265,0.18932763378004316,0.6926339034521658,0.48524655673852624,0.20738734671363956,0.2994184166844816,0.03584495291275014,-0.20989129388994443,0.20989129388994443
exact_latent_tree,per_system_obs_exact_tree,three_state_binomial_2,current_gwt_rater_design,per_system_obs_task2_medians,internal_z_probability,ELIZA,Global Workspace Theory > Coherence > Point of View,Point of View,feature,Coherence,2,2,2,2,0,0.37342719506928235,0.21336864645037562,0.6607545288758461,0.5183858083444602,0.14236872053138583,0.2154638588306014,0.04552617928806539,-0.23999556019371954,0.23999556019371954
exact_latent_tree,per_system_obs_exact_tree,three_state_binomial_2,current_gwt_rater_design,per_system_obs_task2_medians,internal_z_probability,ELIZA,Global Workspace Theory > Coherence > Common Representational Scheme,Common Representational Scheme,feature,Coherence,2,3,3,3,0,0.3338968781291886,0.30395217988827455,0.6369040734211096,0.6141758783091963,0.022728195111913263,0.035685429031454455,0.09238692765883401,-0.36233691395086226,0.36233691395086226
exact_latent_tree,per_system_obs_exact_tree,three_state_binomial_2,current_gwt_rater_design,per_system_obs_task2_medians,internal_z_probability,ELIZA,Global Workspace Theory > Coherence > Social Coherence,Social Coherence,feature,Coherence,2,3,3,3,0,0.4426689129547676,0.20812407002902172,0.6865589926438206,0.5114605738938856,0.17509841874993504,0.2550376888600077,0.04331562852544514,-0.2333505535162903,0.2333505535162903
exact_latent_tree,per_system_obs_exact_tree,three_state_binomial_2,current_gwt_rater_design,per_system_obs_task2_medians,internal_z_probability,ELIZA,Global Workspace Theory > Modularity,Modularity,feature,Modularity,1,6,6,6,0,0.23362271782348798,0.125945826155922,0.5436167945174996,0.3786065732384204,0.16501022127907916,0.30354143386158267,0.01586235112609773,-0.1346129214442252,0.1346129214442252
exact_latent_tree,per_system_obs_exact_tree,three_state_binomial_2,current_gwt_rater_design,per_system_obs_task2_medians,internal_z_probability,ELIZA,Global Workspace Theory > Complexity,Complexity,feature,Complexity,1,3,8,8,0,0.39742724838964005,0.12659444659232147,0.6719547063811855,0.37986123138329964,0.29209347499788585,0.4346922080075253,0.016026153908016132,-0.1353552795725092,0.1353552795725092
exact_latent_tree,per_system_obs_exact_tree,three_state_binomial_2,current_gwt_rater_design,per_system_obs_task2_medians,internal_z_probability,ELIZA,Global Workspace Theory > Complexity > Functional Diversity,Functional Diversity,feature,Complexity,2,2,2,2,1,0.47106469312736154,0.1849036364807818,0.691471740683488,0.4787482173155214,0.21272352336796663,0.3076387809539392,0.6643820818222536,-1.6879204734986175,1.6879204734986175
exact_latent_tree,per_system_obs_exact_tree,three_state_binomial_2,current_gwt_rater_design,per_system_obs_task2_medians,internal_z_probability,ELIZA,Global Workspace Theory > Complexity > Informational Complexity,Informational Complexity,feature,Complexity,2,4,2,2,1,0.4739690342243684,0.1949185603088712,0.6917913453275985,0.49327684193920995,0.1985145033883885,0.2869571941441126,0.6481561245351406,-1.6351734470957175,1.6351734470957175
exact_latent_tree,per_system_obs_exact_tree,three_state_binomial_2,current_gwt_rater_design,per_system_obs_task2_medians,internal_z_probability,ELIZA,Global Workspace Theory > Complexity > Informational Complexity > Efficient Problem-Solving,Efficient Problem-Solving,feature,Complexity,3,0,0,0,1,0.5500183087370799,0.2677332695307072,0.6881351390093923,0.5809912415667869,0.10714389744260533,0.1557018256571591,0.536214564552188,-1.317764057019432,1.317764057019432
exact_latent_tree,per_system_obs_exact_tree,three_state_binomial_2,current_gwt_rater_design,per_system_obs_task2_medians,internal_z_probability,ELIZA,Global Workspace Theory > Complexity > Informational Complexity > Efficient Network Topology,Efficient Network Topology,feature,Complexity,3,0,0,0,0,0.5906514685471863,0.2707022752186632,0.6766205573521129,0.5839560884800805,0.09266446887203239,0.1369518969903391,0.07327972180856088,-0.3156732287262322,0.3156732287262322
exact_latent_tree,per_system_obs_exact_tree,three_state_binomial_2,current_gwt_rater_design,per_system_obs_task2_medians,internal_z_probability,ELIZA,Global Workspace Theory > Complexity > Structural Complexity,Structural Complexity,feature,Complexity,2,4,4,4,0,0.3783199447536186,0.1733788399663017,0.6632356648604192,0.4612035491607316,0.2020321156996876,0.3046158800012755,0.03006022214806046,-0.19040877835276737,0.19040877835276737
exact_latent_tree,per_system_obs_exact_tree,three_state_binomial_2,current_gwt_rater_design,per_system_obs_task2_medians,internal_z_probability,ELIZA,Global Workspace Theory > Selective Attention,Selective Attention,feature,Selective Attention,1,5,12,12,0,0.21652202216927355,0.14865141079081617,0.5224706215991094,0.4203626737269105,0.1021079478721989,0.19543289833154698,0.02209724193009998,-0.16093361123885883,0.16093361123885883
exact_latent_tree,per_system_obs_exact_tree,three_state_binomial_2,current_gwt_rater_design,per_system_obs_task2_medians,internal_z_probability,ELIZA,Global Workspace Theory > Selective Attention > Non-Linear Capabilities,Non-Linear Capabilities,feature,Selective Attention,2,2,2,2,0,0.49245891746033726,0.20565028961479442,0.6930334403958649,0.5081363141707949,0.18489712622507004,0.2667939459305971,0.04229204161864882,-0.2302314734096052,0.2302314734096052
exact_latent_tree,per_system_obs_exact_tree,three_state_binomial_2,current_gwt_rater_design,per_system_obs_task2_medians,internal_z_probability,ELIZA,Global Workspace Theory > Selective Attention > Adaptive Focus,Adaptive Focus,feature,Selective Attention,2,3,3,3,0,0.3564859143208439,0.20451214738763043,0.6513694788137604,0.5065943191813487,0.14477515963241172,0.22226273158525722,0.04182521842909987,-0.2287997014498989,0.2287997014498989
exact_latent_tree,per_system_obs_exact_tree,three_state_binomial_2,current_gwt_rater_design,per_system_obs_task2_medians,internal_z_probability,ELIZA,Global Workspace Theory > Selective Attention > Attention-Constrained Architecture,Attention-Constrained Architecture,feature,Selective Attention,2,2,2,2,0,0.38699622325245164,0.2675290571559346,0.6673854799424659,0.5807856661751152,0.08659981376735071,0.12975981103876627,0.07157179642274333,-0.31133160734999493,0.31133160734999493
exact_latent_tree,per_system_obs_exact_tree,three_state_binomial_2,current_gwt_rater_design,per_system_obs_task2_medians,internal_z_probability,ELIZA,Global Workspace Theory > Selective Attention > Performance Sensitivity,Performance Sensitivity,feature,Selective Attention,2,3,3,3,1,0.38699622325245164,0.19597354602089778,0.6673854799424659,0.4947696517481721,0.17261582819429377,0.2586448662460782,0.6464585386982094,-1.6297755981419266,1.6297755981419266
exact_latent_tree,per_system_obs_exact_tree,three_state_binomial_2,current_gwt_rater_design,per_system_obs_task2_medians,internal_z_probability,ELIZA,Global Workspace Theory > Selective Attention > Capability Attention Modulation,Capability Attention Modulation,feature,Selective Attention,2,2,2,2,0,0.44431870944426355,0.19961894424739038,0.6869334876284415,0.4998737141198186,0.1870597735086229,0.2723113327236748,0.03984772290244275,-0.22266734502766192,0.22266734502766192
exact_latent_tree,per_system_obs_exact_tree,three_state_binomial_2,current_gwt_rater_design,per_system_obs_task2_medians,internal_z_probability,ELIZA,Global Workspace Theory > Integration,Integration,feature,Integration,1,2,2,2,1,0.21652202216927355,0.1597078682572196,0.5224706215991094,0.4391851406981545,0.08328548090095489,0.15940701248626313,0.7060908666688261,-1.8344089559878738,1.8344089559878738
