dgp,fit,leaf,design,estimand,system,top_feature,category,rating_count,observed_count,observed_proportion,pred_count_mean,pred_count_p03,pred_count_p97,pred_prop_mean,pred_prop_p03,pred_prop_p97,prop_error,interval_includes_observed_prop
exact_latent_tree,per_system_obs_exact_tree,three_state_binomial_2,current_gwt_rater_design,observed_scale_feature_block,2024 Leading Chat LLMs,Coherence,0,48,10.0,0.20833333333333334,12.54,5.0,22.0,0.26125,0.10416666666666667,0.4583333333333333,0.05291666666666664,True
exact_latent_tree,per_system_obs_exact_tree,three_state_binomial_2,current_gwt_rater_design,observed_scale_feature_block,2024 Leading Chat LLMs,Coherence,1,48,8.0,0.16666666666666666,6.309,2.0,12.0,0.1314375,0.041666666666666664,0.25,-0.035229166666666645,True
exact_latent_tree,per_system_obs_exact_tree,three_state_binomial_2,current_gwt_rater_design,observed_scale_feature_block,2024 Leading Chat LLMs,Coherence,2,48,4.0,0.08333333333333333,4.5765,1.0,9.0,0.09534375,0.020833333333333332,0.1875,0.012010416666666676,True
exact_latent_tree,per_system_obs_exact_tree,three_state_binomial_2,current_gwt_rater_design,observed_scale_feature_block,2024 Leading Chat LLMs,Coherence,3,48,8.0,0.16666666666666666,7.9005,3.0,14.0,0.16459375,0.0625,0.2916666666666667,-0.0020729166666666465,True
exact_latent_tree,per_system_obs_exact_tree,three_state_binomial_2,current_gwt_rater_design,observed_scale_feature_block,2024 Leading Chat LLMs,Coherence,4,48,8.0,0.16666666666666666,4.1025,1.0,9.0,0.08546875,0.020833333333333332,0.1875,-0.08119791666666666,True
exact_latent_tree,per_system_obs_exact_tree,three_state_binomial_2,current_gwt_rater_design,observed_scale_feature_block,2024 Leading Chat LLMs,Coherence,5,48,6.0,0.125,5.76875,1.0,11.0,0.12018229166666666,0.020833333333333332,0.22916666666666666,-0.004817708333333337,True
exact_latent_tree,per_system_obs_exact_tree,three_state_binomial_2,current_gwt_rater_design,observed_scale_feature_block,2024 Leading Chat LLMs,Coherence,6,48,4.0,0.08333333333333333,6.80275,2.0,14.0,0.14172395833333332,0.041666666666666664,0.2916666666666667,0.05839062499999999,True
exact_latent_tree,per_system_obs_exact_tree,three_state_binomial_2,current_gwt_rater_design,observed_scale_feature_block,2024 Leading Chat LLMs,Complexity,0,30,3.0,0.1,7.82275,2.0,15.0,0.2607583333333333,0.06666666666666667,0.5,0.1607583333333333,True
exact_latent_tree,per_system_obs_exact_tree,three_state_binomial_2,current_gwt_rater_design,observed_scale_feature_block,2024 Leading Chat LLMs,Complexity,1,30,4.0,0.13333333333333333,3.9385,1.0,8.0,0.13128333333333336,0.03333333333333333,0.26666666666666666,-0.0020499999999999685,True
exact_latent_tree,per_system_obs_exact_tree,three_state_binomial_2,current_gwt_rater_design,observed_scale_feature_block,2024 Leading Chat LLMs,Complexity,2,30,4.0,0.13333333333333333,2.93725,0.0,7.0,0.09790833333333333,0.0,0.23333333333333334,-0.035425,True
exact_latent_tree,per_system_obs_exact_tree,three_state_binomial_2,current_gwt_rater_design,observed_scale_feature_block,2024 Leading Chat LLMs,Complexity,3,30,6.0,0.2,4.89675,1.0,9.0,0.163225,0.03333333333333333,0.3,-0.036775,True
exact_latent_tree,per_system_obs_exact_tree,three_state_binomial_2,current_gwt_rater_design,observed_scale_feature_block,2024 Leading Chat LLMs,Complexity,4,30,1.0,0.03333333333333333,2.59325,0.0,6.0,0.08644166666666667,0.0,0.2,0.053108333333333334,True
exact_latent_tree,per_system_obs_exact_tree,three_state_binomial_2,current_gwt_rater_design,observed_scale_feature_block,2024 Leading Chat LLMs,Complexity,5,30,6.0,0.2,3.629,0.0,8.0,0.12096666666666668,0.0,0.26666666666666666,-0.07903333333333333,True
exact_latent_tree,per_system_obs_exact_tree,three_state_binomial_2,current_gwt_rater_design,observed_scale_feature_block,2024 Leading Chat LLMs,Complexity,6,30,6.0,0.2,4.1825,1.0,9.0,0.1394166666666667,0.03333333333333333,0.3,-0.06058333333333332,True
exact_latent_tree,per_system_obs_exact_tree,three_state_binomial_2,current_gwt_rater_design,observed_scale_feature_block,2024 Leading Chat LLMs,Hierarchical Organization,0,3,0.0,0.0,0.83175,0.0,3.0,0.27725,0.0,1.0,0.27725,True
exact_latent_tree,per_system_obs_exact_tree,three_state_binomial_2,current_gwt_rater_design,observed_scale_feature_block,2024 Leading Chat LLMs,Hierarchical Organization,1,3,0.0,0.0,0.41075,0.0,2.0,0.1369166666666667,0.0,0.6666666666666666,0.1369166666666667,True
exact_latent_tree,per_system_obs_exact_tree,three_state_binomial_2,current_gwt_rater_design,observed_scale_feature_block,2024 Leading Chat LLMs,Hierarchical Organization,2,3,0.0,0.0,0.306,0.0,2.0,0.102,0.0,0.6666666666666666,0.102,True
exact_latent_tree,per_system_obs_exact_tree,three_state_binomial_2,current_gwt_rater_design,observed_scale_feature_block,2024 Leading Chat LLMs,Hierarchical Organization,3,3,2.0,0.6666666666666666,0.50775,0.0,2.0,0.16925,0.0,0.6666666666666666,-0.4974166666666666,True
exact_latent_tree,per_system_obs_exact_tree,three_state_binomial_2,current_gwt_rater_design,observed_scale_feature_block,2024 Leading Chat LLMs,Hierarchical Organization,4,3,1.0,0.3333333333333333,0.24425,0.0,1.0,0.08141666666666665,0.0,0.3333333333333333,-0.2519166666666667,True
exact_latent_tree,per_system_obs_exact_tree,three_state_binomial_2,current_gwt_rater_design,observed_scale_feature_block,2024 Leading Chat LLMs,Hierarchical Organization,5,3,0.0,0.0,0.338,0.0,2.0,0.11266666666666665,0.0,0.6666666666666666,0.11266666666666665,True
exact_latent_tree,per_system_obs_exact_tree,three_state_binomial_2,current_gwt_rater_design,observed_scale_feature_block,2024 Leading Chat LLMs,Hierarchical Organization,6,3,0.0,0.0,0.3615,0.0,2.0,0.1205,0.0,0.6666666666666666,0.1205,True
exact_latent_tree,per_system_obs_exact_tree,three_state_binomial_2,current_gwt_rater_design,observed_scale_feature_block,2024 Leading Chat LLMs,Integration,0,8,0.0,0.0,2.161,0.0,5.0,0.270125,0.0,0.625,0.270125,True
exact_latent_tree,per_system_obs_exact_tree,three_state_binomial_2,current_gwt_rater_design,observed_scale_feature_block,2024 Leading Chat LLMs,Integration,1,8,0.0,0.0,1.098,0.0,3.0,0.13725,0.0,0.375,0.13725,True
exact_latent_tree,per_system_obs_exact_tree,three_state_binomial_2,current_gwt_rater_design,observed_scale_feature_block,2024 Leading Chat LLMs,Integration,2,8,0.0,0.0,0.798,0.0,3.0,0.09975,0.0,0.375,0.09975,True
exact_latent_tree,per_system_obs_exact_tree,three_state_binomial_2,current_gwt_rater_design,observed_scale_feature_block,2024 Leading Chat LLMs,Integration,3,8,1.0,0.125,1.32725,0.0,4.0,0.16590625,0.0,0.5,0.040906250000000005,True
exact_latent_tree,per_system_obs_exact_tree,three_state_binomial_2,current_gwt_rater_design,observed_scale_feature_block,2024 Leading Chat LLMs,Integration,4,8,2.0,0.25,0.66425,0.0,2.0,0.08303125,0.0,0.25,-0.16696875,True
exact_latent_tree,per_system_obs_exact_tree,three_state_binomial_2,current_gwt_rater_design,observed_scale_feature_block,2024 Leading Chat LLMs,Integration,5,8,1.0,0.125,0.95325,0.0,3.0,0.11915625,0.0,0.375,-0.005843749999999995,True
exact_latent_tree,per_system_obs_exact_tree,three_state_binomial_2,current_gwt_rater_design,observed_scale_feature_block,2024 Leading Chat LLMs,Integration,6,8,4.0,0.5,0.99825,0.0,3.0,0.12478125,0.0,0.375,-0.37521875,False
exact_latent_tree,per_system_obs_exact_tree,three_state_binomial_2,current_gwt_rater_design,observed_scale_feature_block,2024 Leading Chat LLMs,Modularity,0,24,11.0,0.4583333333333333,6.639,2.0,13.0,0.276625,0.08333333333333333,0.5416666666666666,-0.1817083333333333,True
exact_latent_tree,per_system_obs_exact_tree,three_state_binomial_2,current_gwt_rater_design,observed_scale_feature_block,2024 Leading Chat LLMs,Modularity,1,24,2.0,0.08333333333333333,3.33725,0.0,7.0,0.13905208333333335,0.0,0.2916666666666667,0.055718750000000025,True
exact_latent_tree,per_system_obs_exact_tree,three_state_binomial_2,current_gwt_rater_design,observed_scale_feature_block,2024 Leading Chat LLMs,Modularity,2,24,2.0,0.08333333333333333,2.43725,0.0,6.0,0.10155208333333333,0.0,0.25,0.018218750000000006,True
exact_latent_tree,per_system_obs_exact_tree,three_state_binomial_2,current_gwt_rater_design,observed_scale_feature_block,2024 Leading Chat LLMs,Modularity,3,24,4.0,0.16666666666666666,4.00475,1.0,8.0,0.16686458333333332,0.041666666666666664,0.3333333333333333,0.00019791666666665875,True
exact_latent_tree,per_system_obs_exact_tree,three_state_binomial_2,current_gwt_rater_design,observed_scale_feature_block,2024 Leading Chat LLMs,Modularity,4,24,1.0,0.041666666666666664,1.9655,0.0,5.0,0.08189583333333333,0.0,0.20833333333333334,0.04022916666666667,True
exact_latent_tree,per_system_obs_exact_tree,three_state_binomial_2,current_gwt_rater_design,observed_scale_feature_block,2024 Leading Chat LLMs,Modularity,5,24,3.0,0.125,2.70475,0.0,7.0,0.11269791666666666,0.0,0.2916666666666667,-0.012302083333333338,True
exact_latent_tree,per_system_obs_exact_tree,three_state_binomial_2,current_gwt_rater_design,observed_scale_feature_block,2024 Leading Chat LLMs,Modularity,6,24,1.0,0.041666666666666664,2.9115,0.0,7.0,0.1213125,0.0,0.2916666666666667,0.07964583333333333,True
exact_latent_tree,per_system_obs_exact_tree,three_state_binomial_2,current_gwt_rater_design,observed_scale_feature_block,2024 Leading Chat LLMs,Representationality,0,30,0.0,0.0,7.8545,2.0,15.0,0.26181666666666664,0.06666666666666667,0.5,0.26181666666666664,False
exact_latent_tree,per_system_obs_exact_tree,three_state_binomial_2,current_gwt_rater_design,observed_scale_feature_block,2024 Leading Chat LLMs,Representationality,1,30,2.0,0.06666666666666667,3.89875,1.0,8.0,0.12995833333333334,0.03333333333333333,0.26666666666666666,0.06329166666666668,True
exact_latent_tree,per_system_obs_exact_tree,three_state_binomial_2,current_gwt_rater_design,observed_scale_feature_block,2024 Leading Chat LLMs,Representationality,2,30,2.0,0.06666666666666667,2.946,0.0,7.0,0.09820000000000002,0.0,0.23333333333333334,0.03153333333333336,True
exact_latent_tree,per_system_obs_exact_tree,three_state_binomial_2,current_gwt_rater_design,observed_scale_feature_block,2024 Leading Chat LLMs,Representationality,3,30,8.0,0.26666666666666666,4.968,1.0,10.0,0.16560000000000002,0.03333333333333333,0.3333333333333333,-0.10106666666666664,True
exact_latent_tree,per_system_obs_exact_tree,three_state_binomial_2,current_gwt_rater_design,observed_scale_feature_block,2024 Leading Chat LLMs,Representationality,4,30,4.0,0.13333333333333333,2.507,0.0,6.0,0.08356666666666666,0.0,0.2,-0.04976666666666667,True
exact_latent_tree,per_system_obs_exact_tree,three_state_binomial_2,current_gwt_rater_design,observed_scale_feature_block,2024 Leading Chat LLMs,Representationality,5,30,5.0,0.16666666666666666,3.60775,0.0,8.0,0.12025833333333334,0.0,0.26666666666666666,-0.046408333333333315,True
exact_latent_tree,per_system_obs_exact_tree,three_state_binomial_2,current_gwt_rater_design,observed_scale_feature_block,2024 Leading Chat LLMs,Representationality,6,30,9.0,0.3,4.218,1.0,9.0,0.14060000000000003,0.03333333333333333,0.3,-0.15939999999999996,True
exact_latent_tree,per_system_obs_exact_tree,three_state_binomial_2,current_gwt_rater_design,observed_scale_feature_block,2024 Leading Chat LLMs,Selective Attention,0,43,8.0,0.18604651162790697,11.01025,4.0,20.0,0.2560523255813954,0.09302325581395349,0.46511627906976744,0.07000581395348843,True
exact_latent_tree,per_system_obs_exact_tree,three_state_binomial_2,current_gwt_rater_design,observed_scale_feature_block,2024 Leading Chat LLMs,Selective Attention,1,43,3.0,0.06976744186046512,5.66675,1.0,11.0,0.13178488372093022,0.023255813953488372,0.2558139534883721,0.06201744186046511,True
exact_latent_tree,per_system_obs_exact_tree,three_state_binomial_2,current_gwt_rater_design,observed_scale_feature_block,2024 Leading Chat LLMs,Selective Attention,2,43,5.0,0.11627906976744186,4.16725,1.0,9.0,0.09691279069767442,0.023255813953488372,0.20930232558139536,-0.019366279069767442,True
exact_latent_tree,per_system_obs_exact_tree,three_state_binomial_2,current_gwt_rater_design,observed_scale_feature_block,2024 Leading Chat LLMs,Selective Attention,3,43,7.0,0.16279069767441862,7.065,2.0,13.0,0.16430232558139538,0.046511627906976744,0.3023255813953488,0.001511627906976759,True
exact_latent_tree,per_system_obs_exact_tree,three_state_binomial_2,current_gwt_rater_design,observed_scale_feature_block,2024 Leading Chat LLMs,Selective Attention,4,43,3.0,0.06976744186046512,3.7055,0.0,8.0,0.08617441860465117,0.0,0.18604651162790697,0.01640697674418605,True
exact_latent_tree,per_system_obs_exact_tree,three_state_binomial_2,current_gwt_rater_design,observed_scale_feature_block,2024 Leading Chat LLMs,Selective Attention,5,43,8.0,0.18604651162790697,5.25625,1.0,11.0,0.12223837209302324,0.023255813953488372,0.2558139534883721,-0.06380813953488373,True
exact_latent_tree,per_system_obs_exact_tree,three_state_binomial_2,current_gwt_rater_design,observed_scale_feature_block,2024 Leading Chat LLMs,Selective Attention,6,43,9.0,0.20930232558139536,6.129,1.0,13.0,0.14253488372093023,0.023255813953488372,0.3023255813953488,-0.06676744186046513,True
exact_latent_tree,per_system_obs_exact_tree,three_state_binomial_2,current_gwt_rater_design,observed_scale_feature_block,Chicken,Coherence,0,25,0.0,0.0,0.0555,0.0,1.0,0.0022199999999999998,0.0,0.04,0.0022199999999999998,True
exact_latent_tree,per_system_obs_exact_tree,three_state_binomial_2,current_gwt_rater_design,observed_scale_feature_block,Chicken,Coherence,1,25,1.0,0.04,0.715,0.0,3.0,0.0286,0.0,0.12,-0.0114,True
exact_latent_tree,per_system_obs_exact_tree,three_state_binomial_2,current_gwt_rater_design,observed_scale_feature_block,Chicken,Coherence,2,25,2.0,0.08,2.395,0.0,6.0,0.09580000000000001,0.0,0.24,0.01580000000000001,True
exact_latent_tree,per_system_obs_exact_tree,three_state_binomial_2,current_gwt_rater_design,observed_scale_feature_block,Chicken,Coherence,3,25,1.0,0.04,3.6775,0.0,8.0,0.14710000000000004,0.0,0.32,0.10710000000000003,True
exact_latent_tree,per_system_obs_exact_tree,three_state_binomial_2,current_gwt_rater_design,observed_scale_feature_block,Chicken,Coherence,4,25,7.0,0.28,8.1515,3.0,13.0,0.32606000000000007,0.12,0.52,0.046060000000000045,True
exact_latent_tree,per_system_obs_exact_tree,three_state_binomial_2,current_gwt_rater_design,observed_scale_feature_block,Chicken,Coherence,5,25,8.0,0.32,4.53525,1.0,9.0,0.18141000000000002,0.04,0.36,-0.13859,True
exact_latent_tree,per_system_obs_exact_tree,three_state_binomial_2,current_gwt_rater_design,observed_scale_feature_block,Chicken,Coherence,6,25,6.0,0.24,5.47025,1.0,11.0,0.21881000000000003,0.04,0.44,-0.02118999999999996,True
exact_latent_tree,per_system_obs_exact_tree,three_state_binomial_2,current_gwt_rater_design,observed_scale_feature_block,Chicken,Complexity,0,15,0.0,0.0,0.03625,0.0,1.0,0.0024166666666666664,0.0,0.06666666666666667,0.0024166666666666664,True
exact_latent_tree,per_system_obs_exact_tree,three_state_binomial_2,current_gwt_rater_design,observed_scale_feature_block,Chicken,Complexity,1,15,0.0,0.0,0.45275,0.0,2.0,0.03018333333333333,0.0,0.13333333333333333,0.03018333333333333,True
exact_latent_tree,per_system_obs_exact_tree,three_state_binomial_2,current_gwt_rater_design,observed_scale_feature_block,Chicken,Complexity,2,15,2.0,0.13333333333333333,1.43275,0.0,4.0,0.09551666666666667,0.0,0.26666666666666666,-0.037816666666666665,True
exact_latent_tree,per_system_obs_exact_tree,three_state_binomial_2,current_gwt_rater_design,observed_scale_feature_block,Chicken,Complexity,3,15,4.0,0.26666666666666666,2.27675,0.0,5.0,0.15178333333333333,0.0,0.3333333333333333,-0.11488333333333334,True
exact_latent_tree,per_system_obs_exact_tree,three_state_binomial_2,current_gwt_rater_design,observed_scale_feature_block,Chicken,Complexity,4,15,6.0,0.4,4.87625,2.0,9.0,0.3250833333333334,0.13333333333333333,0.6,-0.07491666666666663,True
exact_latent_tree,per_system_obs_exact_tree,three_state_binomial_2,current_gwt_rater_design,observed_scale_feature_block,Chicken,Complexity,5,15,0.0,0.0,2.696,0.0,6.0,0.17973333333333336,0.0,0.4,0.17973333333333336,True
exact_latent_tree,per_system_obs_exact_tree,three_state_binomial_2,current_gwt_rater_design,observed_scale_feature_block,Chicken,Complexity,6,15,3.0,0.2,3.22925,0.0,7.0,0.21528333333333335,0.0,0.4666666666666667,0.015283333333333343,True
exact_latent_tree,per_system_obs_exact_tree,three_state_binomial_2,current_gwt_rater_design,observed_scale_feature_block,Chicken,Hierarchical Organization,0,1,0.0,0.0,0.00325,0.0,0.0,0.00325,0.0,0.0,0.00325,True
exact_latent_tree,per_system_obs_exact_tree,three_state_binomial_2,current_gwt_rater_design,observed_scale_feature_block,Chicken,Hierarchical Organization,1,1,0.0,0.0,0.031,0.0,1.0,0.031,0.0,1.0,0.031,True
exact_latent_tree,per_system_obs_exact_tree,three_state_binomial_2,current_gwt_rater_design,observed_scale_feature_block,Chicken,Hierarchical Organization,2,1,0.0,0.0,0.11075,0.0,1.0,0.11075,0.0,1.0,0.11075,True
exact_latent_tree,per_system_obs_exact_tree,three_state_binomial_2,current_gwt_rater_design,observed_scale_feature_block,Chicken,Hierarchical Organization,3,1,0.0,0.0,0.15525,0.0,1.0,0.15525,0.0,1.0,0.15525,True
exact_latent_tree,per_system_obs_exact_tree,three_state_binomial_2,current_gwt_rater_design,observed_scale_feature_block,Chicken,Hierarchical Organization,4,1,0.0,0.0,0.34825,0.0,1.0,0.34825,0.0,1.0,0.34825,True
exact_latent_tree,per_system_obs_exact_tree,three_state_binomial_2,current_gwt_rater_design,observed_scale_feature_block,Chicken,Hierarchical Organization,5,1,1.0,1.0,0.17775,0.0,1.0,0.17775,0.0,1.0,-0.82225,True
exact_latent_tree,per_system_obs_exact_tree,three_state_binomial_2,current_gwt_rater_design,observed_scale_feature_block,Chicken,Hierarchical Organization,6,1,0.0,0.0,0.17375,0.0,1.0,0.17375,0.0,1.0,0.17375,True
exact_latent_tree,per_system_obs_exact_tree,three_state_binomial_2,current_gwt_rater_design,observed_scale_feature_block,Chicken,Integration,0,4,0.0,0.0,0.0105,0.0,0.0,0.002625,0.0,0.0,0.002625,True
exact_latent_tree,per_system_obs_exact_tree,three_state_binomial_2,current_gwt_rater_design,observed_scale_feature_block,Chicken,Integration,1,4,0.0,0.0,0.1315,0.0,1.0,0.032875,0.0,0.25,0.032875,True
exact_latent_tree,per_system_obs_exact_tree,three_state_binomial_2,current_gwt_rater_design,observed_scale_feature_block,Chicken,Integration,2,4,0.0,0.0,0.4105,0.0,2.0,0.102625,0.0,0.5,0.102625,True
exact_latent_tree,per_system_obs_exact_tree,three_state_binomial_2,current_gwt_rater_design,observed_scale_feature_block,Chicken,Integration,3,4,0.0,0.0,0.61125,0.0,2.0,0.1528125,0.0,0.5,0.1528125,True
exact_latent_tree,per_system_obs_exact_tree,three_state_binomial_2,current_gwt_rater_design,observed_scale_feature_block,Chicken,Integration,4,4,1.0,0.25,1.3515,0.0,3.0,0.337875,0.0,0.75,0.08787499999999998,True
exact_latent_tree,per_system_obs_exact_tree,three_state_binomial_2,current_gwt_rater_design,observed_scale_feature_block,Chicken,Integration,5,4,1.0,0.25,0.7075,0.0,2.0,0.176875,0.0,0.5,-0.073125,True
exact_latent_tree,per_system_obs_exact_tree,three_state_binomial_2,current_gwt_rater_design,observed_scale_feature_block,Chicken,Integration,6,4,2.0,0.5,0.77725,0.0,3.0,0.1943125,0.0,0.75,-0.3056875,True
exact_latent_tree,per_system_obs_exact_tree,three_state_binomial_2,current_gwt_rater_design,observed_scale_feature_block,Chicken,Modularity,0,12,0.0,0.0,0.03,0.0,0.0,0.0025,0.0,0.0,0.0025,True
exact_latent_tree,per_system_obs_exact_tree,three_state_binomial_2,current_gwt_rater_design,observed_scale_feature_block,Chicken,Modularity,1,12,1.0,0.08333333333333333,0.3765,0.0,2.0,0.03137499999999999,0.0,0.16666666666666666,-0.051958333333333336,True
exact_latent_tree,per_system_obs_exact_tree,three_state_binomial_2,current_gwt_rater_design,observed_scale_feature_block,Chicken,Modularity,2,12,3.0,0.25,1.27275,0.0,4.0,0.1060625,0.0,0.3333333333333333,-0.1439375,True
exact_latent_tree,per_system_obs_exact_tree,three_state_binomial_2,current_gwt_rater_design,observed_scale_feature_block,Chicken,Modularity,3,12,2.0,0.16666666666666666,1.9255,0.0,5.0,0.16045833333333331,0.0,0.4166666666666667,-0.0062083333333333435,True
exact_latent_tree,per_system_obs_exact_tree,three_state_binomial_2,current_gwt_rater_design,observed_scale_feature_block,Chicken,Modularity,4,12,4.0,0.3333333333333333,4.07125,1.0,7.0,0.3392708333333333,0.08333333333333333,0.5833333333333334,0.0059374999999999845,True
exact_latent_tree,per_system_obs_exact_tree,three_state_binomial_2,current_gwt_rater_design,observed_scale_feature_block,Chicken,Modularity,5,12,1.0,0.08333333333333333,2.12775,0.0,5.0,0.1773125,0.0,0.4166666666666667,0.09397916666666668,True
exact_latent_tree,per_system_obs_exact_tree,three_state_binomial_2,current_gwt_rater_design,observed_scale_feature_block,Chicken,Modularity,6,12,1.0,0.08333333333333333,2.19625,0.0,6.0,0.18302083333333335,0.0,0.5,0.09968750000000003,True
exact_latent_tree,per_system_obs_exact_tree,three_state_binomial_2,current_gwt_rater_design,observed_scale_feature_block,Chicken,Representationality,0,12,0.0,0.0,0.031,0.0,0.0,0.002583333333333333,0.0,0.0,0.002583333333333333,True
exact_latent_tree,per_system_obs_exact_tree,three_state_binomial_2,current_gwt_rater_design,observed_scale_feature_block,Chicken,Representationality,1,12,0.0,0.0,0.36175,0.0,2.0,0.03014583333333333,0.0,0.16666666666666666,0.03014583333333333,True
exact_latent_tree,per_system_obs_exact_tree,three_state_binomial_2,current_gwt_rater_design,observed_scale_feature_block,Chicken,Representationality,2,12,0.0,0.0,1.17475,0.0,3.0,0.09789583333333333,0.0,0.25,0.09789583333333333,True
exact_latent_tree,per_system_obs_exact_tree,three_state_binomial_2,current_gwt_rater_design,observed_scale_feature_block,Chicken,Representationality,3,12,2.0,0.16666666666666666,1.80525,0.0,5.0,0.1504375,0.0,0.4166666666666667,-0.016229166666666656,True
exact_latent_tree,per_system_obs_exact_tree,three_state_binomial_2,current_gwt_rater_design,observed_scale_feature_block,Chicken,Representationality,4,12,4.0,0.3333333333333333,3.9355,1.0,7.0,0.32795833333333335,0.08333333333333333,0.5833333333333334,-0.005374999999999963,True
exact_latent_tree,per_system_obs_exact_tree,three_state_binomial_2,current_gwt_rater_design,observed_scale_feature_block,Chicken,Representationality,5,12,5.0,0.4166666666666667,2.133,0.0,5.0,0.17775,0.0,0.4166666666666667,-0.2389166666666667,True
exact_latent_tree,per_system_obs_exact_tree,three_state_binomial_2,current_gwt_rater_design,observed_scale_feature_block,Chicken,Representationality,6,12,1.0,0.08333333333333333,2.55875,0.0,6.0,0.2132291666666667,0.0,0.5,0.12989583333333338,True
exact_latent_tree,per_system_obs_exact_tree,three_state_binomial_2,current_gwt_rater_design,observed_scale_feature_block,Chicken,Selective Attention,0,24,0.0,0.0,0.06225,0.0,1.0,0.00259375,0.0,0.041666666666666664,0.00259375,True
exact_latent_tree,per_system_obs_exact_tree,three_state_binomial_2,current_gwt_rater_design,observed_scale_feature_block,Chicken,Selective Attention,1,24,1.0,0.041666666666666664,0.703,0.0,3.0,0.029291666666666667,0.0,0.125,-0.012374999999999997,True
exact_latent_tree,per_system_obs_exact_tree,three_state_binomial_2,current_gwt_rater_design,observed_scale_feature_block,Chicken,Selective Attention,2,24,3.0,0.125,2.2715,0.0,6.0,0.09464583333333335,0.0,0.25,-0.030354166666666654,True
exact_latent_tree,per_system_obs_exact_tree,three_state_binomial_2,current_gwt_rater_design,observed_scale_feature_block,Chicken,Selective Attention,3,24,6.0,0.25,3.48425,0.0,7.0,0.14517708333333332,0.0,0.2916666666666667,-0.10482291666666668,True
exact_latent_tree,per_system_obs_exact_tree,three_state_binomial_2,current_gwt_rater_design,observed_scale_feature_block,Chicken,Selective Attention,4,24,11.0,0.4583333333333333,7.70725,3.0,13.0,0.3211354166666667,0.125,0.5416666666666666,-0.13719791666666664,True
exact_latent_tree,per_system_obs_exact_tree,three_state_binomial_2,current_gwt_rater_design,observed_scale_feature_block,Chicken,Selective Attention,5,24,1.0,0.041666666666666664,4.451,1.0,9.0,0.18545833333333334,0.041666666666666664,0.375,0.14379166666666668,True
exact_latent_tree,per_system_obs_exact_tree,three_state_binomial_2,current_gwt_rater_design,observed_scale_feature_block,Chicken,Selective Attention,6,24,2.0,0.08333333333333333,5.32075,1.0,11.0,0.22169791666666666,0.041666666666666664,0.4583333333333333,0.13836458333333335,True
exact_latent_tree,per_system_obs_exact_tree,three_state_binomial_2,current_gwt_rater_design,observed_scale_feature_block,ELIZA,Coherence,0,13,12.0,0.9230769230769231,11.478,8.0,13.0,0.882923076923077,0.6153846153846154,1.0,-0.040153846153846096,True
exact_latent_tree,per_system_obs_exact_tree,three_state_binomial_2,current_gwt_rater_design,observed_scale_feature_block,ELIZA,Coherence,1,13,0.0,0.0,0.726,0.0,3.0,0.05584615384615385,0.0,0.23076923076923078,0.05584615384615385,True
exact_latent_tree,per_system_obs_exact_tree,three_state_binomial_2,current_gwt_rater_design,observed_scale_feature_block,ELIZA,Coherence,2,13,0.0,0.0,0.21325,0.0,2.0,0.016403846153846158,0.0,0.15384615384615385,0.016403846153846158,True
exact_latent_tree,per_system_obs_exact_tree,three_state_binomial_2,current_gwt_rater_design,observed_scale_feature_block,ELIZA,Coherence,3,13,0.0,0.0,0.1745,0.0,1.0,0.013423076923076923,0.0,0.07692307692307693,0.013423076923076923,True
exact_latent_tree,per_system_obs_exact_tree,three_state_binomial_2,current_gwt_rater_design,observed_scale_feature_block,ELIZA,Coherence,4,13,1.0,0.07692307692307693,0.28925,0.0,2.0,0.02225,0.0,0.15384615384615385,-0.05467307692307693,True
exact_latent_tree,per_system_obs_exact_tree,three_state_binomial_2,current_gwt_rater_design,observed_scale_feature_block,ELIZA,Coherence,5,13,0.0,0.0,0.085,0.0,1.0,0.006538461538461538,0.0,0.07692307692307693,0.006538461538461538,True
exact_latent_tree,per_system_obs_exact_tree,three_state_binomial_2,current_gwt_rater_design,observed_scale_feature_block,ELIZA,Coherence,6,13,0.0,0.0,0.034,0.0,1.0,0.0026153846153846158,0.0,0.07692307692307693,0.0026153846153846158,True
exact_latent_tree,per_system_obs_exact_tree,three_state_binomial_2,current_gwt_rater_design,observed_scale_feature_block,ELIZA,Complexity,0,8,8.0,1.0,7.065,5.0,8.0,0.883125,0.625,1.0,-0.11687499999999995,True
exact_latent_tree,per_system_obs_exact_tree,three_state_binomial_2,current_gwt_rater_design,observed_scale_feature_block,ELIZA,Complexity,1,8,0.0,0.0,0.44575,0.0,2.0,0.05571875,0.0,0.25,0.05571875,True
exact_latent_tree,per_system_obs_exact_tree,three_state_binomial_2,current_gwt_rater_design,observed_scale_feature_block,ELIZA,Complexity,2,8,0.0,0.0,0.12575,0.0,1.0,0.01571875,0.0,0.125,0.01571875,True
exact_latent_tree,per_system_obs_exact_tree,three_state_binomial_2,current_gwt_rater_design,observed_scale_feature_block,ELIZA,Complexity,3,8,0.0,0.0,0.1005,0.0,1.0,0.0125625,0.0,0.125,0.0125625,True
exact_latent_tree,per_system_obs_exact_tree,three_state_binomial_2,current_gwt_rater_design,observed_scale_feature_block,ELIZA,Complexity,4,8,0.0,0.0,0.18925,0.0,1.0,0.02365625,0.0,0.125,0.02365625,True
exact_latent_tree,per_system_obs_exact_tree,three_state_binomial_2,current_gwt_rater_design,observed_scale_feature_block,ELIZA,Complexity,5,8,0.0,0.0,0.056,0.0,1.0,0.007,0.0,0.125,0.007,True
exact_latent_tree,per_system_obs_exact_tree,three_state_binomial_2,current_gwt_rater_design,observed_scale_feature_block,ELIZA,Complexity,6,8,0.0,0.0,0.01775,0.0,0.0,0.00221875,0.0,0.0,0.00221875,True
exact_latent_tree,per_system_obs_exact_tree,three_state_binomial_2,current_gwt_rater_design,observed_scale_feature_block,ELIZA,Hierarchical Organization,0,1,1.0,1.0,0.8875,0.0,1.0,0.8875,0.0,1.0,-0.11250000000000004,True
exact_latent_tree,per_system_obs_exact_tree,three_state_binomial_2,current_gwt_rater_design,observed_scale_feature_block,ELIZA,Hierarchical Organization,1,1,0.0,0.0,0.0555,0.0,1.0,0.0555,0.0,1.0,0.0555,True
exact_latent_tree,per_system_obs_exact_tree,three_state_binomial_2,current_gwt_rater_design,observed_scale_feature_block,ELIZA,Hierarchical Organization,2,1,0.0,0.0,0.016,0.0,0.0,0.016,0.0,0.0,0.016,True
exact_latent_tree,per_system_obs_exact_tree,three_state_binomial_2,current_gwt_rater_design,observed_scale_feature_block,ELIZA,Hierarchical Organization,3,1,0.0,0.0,0.014,0.0,0.0,0.014,0.0,0.0,0.014,True
exact_latent_tree,per_system_obs_exact_tree,three_state_binomial_2,current_gwt_rater_design,observed_scale_feature_block,ELIZA,Hierarchical Organization,4,1,0.0,0.0,0.018,0.0,0.0,0.018,0.0,0.0,0.018,True
exact_latent_tree,per_system_obs_exact_tree,three_state_binomial_2,current_gwt_rater_design,observed_scale_feature_block,ELIZA,Hierarchical Organization,5,1,0.0,0.0,0.005,0.0,0.0,0.005,0.0,0.0,0.005,True
exact_latent_tree,per_system_obs_exact_tree,three_state_binomial_2,current_gwt_rater_design,observed_scale_feature_block,ELIZA,Hierarchical Organization,6,1,0.0,0.0,0.004,0.0,0.0,0.004,0.0,0.0,0.004,True
exact_latent_tree,per_system_obs_exact_tree,three_state_binomial_2,current_gwt_rater_design,observed_scale_feature_block,ELIZA,Integration,0,2,2.0,1.0,1.76425,1.0,2.0,0.882125,0.5,1.0,-0.11787499999999995,True
exact_latent_tree,per_system_obs_exact_tree,three_state_binomial_2,current_gwt_rater_design,observed_scale_feature_block,ELIZA,Integration,1,2,0.0,0.0,0.11925,0.0,1.0,0.059625,0.0,0.5,0.059625,True
exact_latent_tree,per_system_obs_exact_tree,three_state_binomial_2,current_gwt_rater_design,observed_scale_feature_block,ELIZA,Integration,2,2,0.0,0.0,0.038,0.0,1.0,0.019,0.0,0.5,0.019,True
exact_latent_tree,per_system_obs_exact_tree,three_state_binomial_2,current_gwt_rater_design,observed_scale_feature_block,ELIZA,Integration,3,2,0.0,0.0,0.0235,0.0,0.0,0.01175,0.0,0.0,0.01175,True
exact_latent_tree,per_system_obs_exact_tree,three_state_binomial_2,current_gwt_rater_design,observed_scale_feature_block,ELIZA,Integration,4,2,0.0,0.0,0.04025,0.0,1.0,0.020125,0.0,0.5,0.020125,True
exact_latent_tree,per_system_obs_exact_tree,three_state_binomial_2,current_gwt_rater_design,observed_scale_feature_block,ELIZA,Integration,5,2,0.0,0.0,0.01125,0.0,0.0,0.005625,0.0,0.0,0.005625,True
exact_latent_tree,per_system_obs_exact_tree,three_state_binomial_2,current_gwt_rater_design,observed_scale_feature_block,ELIZA,Integration,6,2,0.0,0.0,0.0035,0.0,0.0,0.00175,0.0,0.0,0.00175,True
exact_latent_tree,per_system_obs_exact_tree,three_state_binomial_2,current_gwt_rater_design,observed_scale_feature_block,ELIZA,Modularity,0,6,6.0,1.0,5.33975,4.0,6.0,0.8899583333333334,0.6666666666666666,1.0,-0.1100416666666666,True
exact_latent_tree,per_system_obs_exact_tree,three_state_binomial_2,current_gwt_rater_design,observed_scale_feature_block,ELIZA,Modularity,1,6,0.0,0.0,0.3285,0.0,2.0,0.05474999999999999,0.0,0.3333333333333333,0.05474999999999999,True
exact_latent_tree,per_system_obs_exact_tree,three_state_binomial_2,current_gwt_rater_design,observed_scale_feature_block,ELIZA,Modularity,2,6,0.0,0.0,0.0925,0.0,1.0,0.015416666666666664,0.0,0.16666666666666666,0.015416666666666664,True
exact_latent_tree,per_system_obs_exact_tree,three_state_binomial_2,current_gwt_rater_design,observed_scale_feature_block,ELIZA,Modularity,3,6,0.0,0.0,0.07175,0.0,1.0,0.011958333333333333,0.0,0.16666666666666666,0.011958333333333333,True
exact_latent_tree,per_system_obs_exact_tree,three_state_binomial_2,current_gwt_rater_design,observed_scale_feature_block,ELIZA,Modularity,4,6,0.0,0.0,0.12275,0.0,1.0,0.020458333333333332,0.0,0.16666666666666666,0.020458333333333332,True
exact_latent_tree,per_system_obs_exact_tree,three_state_binomial_2,current_gwt_rater_design,observed_scale_feature_block,ELIZA,Modularity,5,6,0.0,0.0,0.03275,0.0,1.0,0.005458333333333333,0.0,0.16666666666666666,0.005458333333333333,True
exact_latent_tree,per_system_obs_exact_tree,three_state_binomial_2,current_gwt_rater_design,observed_scale_feature_block,ELIZA,Modularity,6,6,0.0,0.0,0.012,0.0,0.0,0.002,0.0,0.0,0.002,True
exact_latent_tree,per_system_obs_exact_tree,three_state_binomial_2,current_gwt_rater_design,observed_scale_feature_block,ELIZA,Representationality,0,8,7.0,0.875,7.06175,5.0,8.0,0.88271875,0.625,1.0,0.0077187499999999964,True
exact_latent_tree,per_system_obs_exact_tree,three_state_binomial_2,current_gwt_rater_design,observed_scale_feature_block,ELIZA,Representationality,1,8,1.0,0.125,0.45725,0.0,2.0,0.05715625,0.0,0.25,-0.06784375000000001,True
exact_latent_tree,per_system_obs_exact_tree,three_state_binomial_2,current_gwt_rater_design,observed_scale_feature_block,ELIZA,Representationality,2,8,0.0,0.0,0.11875,0.0,1.0,0.01484375,0.0,0.125,0.01484375,True
exact_latent_tree,per_system_obs_exact_tree,three_state_binomial_2,current_gwt_rater_design,observed_scale_feature_block,ELIZA,Representationality,3,8,0.0,0.0,0.1125,0.0,1.0,0.0140625,0.0,0.125,0.0140625,True
exact_latent_tree,per_system_obs_exact_tree,three_state_binomial_2,current_gwt_rater_design,observed_scale_feature_block,ELIZA,Representationality,4,8,0.0,0.0,0.18325,0.0,1.0,0.02290625,0.0,0.125,0.02290625,True
exact_latent_tree,per_system_obs_exact_tree,three_state_binomial_2,current_gwt_rater_design,observed_scale_feature_block,ELIZA,Representationality,5,8,0.0,0.0,0.04625,0.0,1.0,0.00578125,0.0,0.125,0.00578125,True
exact_latent_tree,per_system_obs_exact_tree,three_state_binomial_2,current_gwt_rater_design,observed_scale_feature_block,ELIZA,Representationality,6,8,0.0,0.0,0.02025,0.0,0.0,0.00253125,0.0,0.0,0.00253125,True
exact_latent_tree,per_system_obs_exact_tree,three_state_binomial_2,current_gwt_rater_design,observed_scale_feature_block,ELIZA,Selective Attention,0,12,11.0,0.9166666666666666,10.587,8.0,12.0,0.8822499999999999,0.6666666666666666,1.0,-0.03441666666666676,True
exact_latent_tree,per_system_obs_exact_tree,three_state_binomial_2,current_gwt_rater_design,observed_scale_feature_block,ELIZA,Selective Attention,1,12,1.0,0.08333333333333333,0.6715,0.0,3.0,0.055958333333333325,0.0,0.25,-0.027375000000000003,True
exact_latent_tree,per_system_obs_exact_tree,three_state_binomial_2,current_gwt_rater_design,observed_scale_feature_block,ELIZA,Selective Attention,2,12,0.0,0.0,0.20225,0.0,2.0,0.016854166666666663,0.0,0.16666666666666666,0.016854166666666663,True
exact_latent_tree,per_system_obs_exact_tree,three_state_binomial_2,current_gwt_rater_design,observed_scale_feature_block,ELIZA,Selective Attention,3,12,0.0,0.0,0.165,0.0,1.0,0.01375,0.0,0.08333333333333333,0.01375,True
exact_latent_tree,per_system_obs_exact_tree,three_state_binomial_2,current_gwt_rater_design,observed_scale_feature_block,ELIZA,Selective Attention,4,12,0.0,0.0,0.2665,0.0,2.0,0.022208333333333333,0.0,0.16666666666666666,0.022208333333333333,True
exact_latent_tree,per_system_obs_exact_tree,three_state_binomial_2,current_gwt_rater_design,observed_scale_feature_block,ELIZA,Selective Attention,5,12,0.0,0.0,0.075,0.0,1.0,0.00625,0.0,0.08333333333333333,0.00625,True
exact_latent_tree,per_system_obs_exact_tree,three_state_binomial_2,current_gwt_rater_design,observed_scale_feature_block,ELIZA,Selective Attention,6,12,0.0,0.0,0.03275,0.0,0.02999999999974534,0.0027291666666666666,0.0,0.0024999999999787783,0.0027291666666666666,True
exact_latent_tree,per_system_obs_exact_tree,three_state_binomial_2,current_gwt_rater_design,observed_scale_feature_block,Human,Coherence,0,13,0.0,0.0,0.078,0.0,1.0,0.006000000000000001,0.0,0.07692307692307693,0.006000000000000001,True
exact_latent_tree,per_system_obs_exact_tree,three_state_binomial_2,current_gwt_rater_design,observed_scale_feature_block,Human,Coherence,1,13,0.0,0.0,0.222,0.0,2.0,0.01707692307692308,0.0,0.15384615384615385,0.01707692307692308,True
exact_latent_tree,per_system_obs_exact_tree,three_state_binomial_2,current_gwt_rater_design,observed_scale_feature_block,Human,Coherence,2,13,0.0,0.0,0.39575,0.0,3.0,0.030442307692307692,0.0,0.23076923076923078,0.030442307692307692,True
exact_latent_tree,per_system_obs_exact_tree,three_state_binomial_2,current_gwt_rater_design,observed_scale_feature_block,Human,Coherence,3,13,1.0,0.07692307692307693,1.0205,0.0,4.0,0.0785,0.0,0.3076923076923077,0.001576923076923073,True
exact_latent_tree,per_system_obs_exact_tree,three_state_binomial_2,current_gwt_rater_design,observed_scale_feature_block,Human,Coherence,4,13,0.0,0.0,0.9575,0.0,4.0,0.07365384615384617,0.0,0.3076923076923077,0.07365384615384617,True
exact_latent_tree,per_system_obs_exact_tree,three_state_binomial_2,current_gwt_rater_design,observed_scale_feature_block,Human,Coherence,5,13,1.0,0.07692307692307693,2.17725,0.0,6.0,0.16748076923076924,0.0,0.46153846153846156,0.09055769230769231,True
exact_latent_tree,per_system_obs_exact_tree,three_state_binomial_2,current_gwt_rater_design,observed_scale_feature_block,Human,Coherence,6,13,11.0,0.8461538461538461,8.149,3.0,13.0,0.6268461538461538,0.23076923076923078,1.0,-0.21930769230769231,True
exact_latent_tree,per_system_obs_exact_tree,three_state_binomial_2,current_gwt_rater_design,observed_scale_feature_block,Human,Complexity,0,8,0.0,0.0,0.0475,0.0,1.0,0.0059375,0.0,0.125,0.0059375,True
exact_latent_tree,per_system_obs_exact_tree,three_state_binomial_2,current_gwt_rater_design,observed_scale_feature_block,Human,Complexity,1,8,0.0,0.0,0.1365,0.0,1.0,0.0170625,0.0,0.125,0.0170625,True
exact_latent_tree,per_system_obs_exact_tree,three_state_binomial_2,current_gwt_rater_design,observed_scale_feature_block,Human,Complexity,2,8,0.0,0.0,0.24,0.0,2.0,0.03,0.0,0.25,0.03,True
exact_latent_tree,per_system_obs_exact_tree,three_state_binomial_2,current_gwt_rater_design,observed_scale_feature_block,Human,Complexity,3,8,0.0,0.0,0.6275,0.0,3.0,0.0784375,0.0,0.375,0.0784375,True
exact_latent_tree,per_system_obs_exact_tree,three_state_binomial_2,current_gwt_rater_design,observed_scale_feature_block,Human,Complexity,4,8,0.0,0.0,0.5955,0.0,3.0,0.0744375,0.0,0.375,0.0744375,True
exact_latent_tree,per_system_obs_exact_tree,three_state_binomial_2,current_gwt_rater_design,observed_scale_feature_block,Human,Complexity,5,8,0.0,0.0,1.34775,0.0,4.0,0.16846875,0.0,0.5,0.16846875,True
exact_latent_tree,per_system_obs_exact_tree,three_state_binomial_2,current_gwt_rater_design,observed_scale_feature_block,Human,Complexity,6,8,8.0,1.0,5.00525,1.0,8.0,0.62565625,0.125,1.0,-0.37434375,True
exact_latent_tree,per_system_obs_exact_tree,three_state_binomial_2,current_gwt_rater_design,observed_scale_feature_block,Human,Hierarchical Organization,0,1,0.0,0.0,0.00775,0.0,0.0,0.00775,0.0,0.0,0.00775,True
exact_latent_tree,per_system_obs_exact_tree,three_state_binomial_2,current_gwt_rater_design,observed_scale_feature_block,Human,Hierarchical Organization,1,1,0.0,0.0,0.017,0.0,0.0,0.017,0.0,0.0,0.017,True
exact_latent_tree,per_system_obs_exact_tree,three_state_binomial_2,current_gwt_rater_design,observed_scale_feature_block,Human,Hierarchical Organization,2,1,0.0,0.0,0.03725,0.0,1.0,0.03725,0.0,1.0,0.03725,True
exact_latent_tree,per_system_obs_exact_tree,three_state_binomial_2,current_gwt_rater_design,observed_scale_feature_block,Human,Hierarchical Organization,3,1,0.0,0.0,0.08775,0.0,1.0,0.08775,0.0,1.0,0.08775,True
exact_latent_tree,per_system_obs_exact_tree,three_state_binomial_2,current_gwt_rater_design,observed_scale_feature_block,Human,Hierarchical Organization,4,1,0.0,0.0,0.081,0.0,1.0,0.081,0.0,1.0,0.081,True
exact_latent_tree,per_system_obs_exact_tree,three_state_binomial_2,current_gwt_rater_design,observed_scale_feature_block,Human,Hierarchical Organization,5,1,0.0,0.0,0.16675,0.0,1.0,0.16675,0.0,1.0,0.16675,True
exact_latent_tree,per_system_obs_exact_tree,three_state_binomial_2,current_gwt_rater_design,observed_scale_feature_block,Human,Hierarchical Organization,6,1,1.0,1.0,0.6025,0.0,1.0,0.6025,0.0,1.0,-0.39749999999999996,True
exact_latent_tree,per_system_obs_exact_tree,three_state_binomial_2,current_gwt_rater_design,observed_scale_feature_block,Human,Integration,0,2,0.0,0.0,0.013,0.0,0.0,0.0065,0.0,0.0,0.0065,True
exact_latent_tree,per_system_obs_exact_tree,three_state_binomial_2,current_gwt_rater_design,observed_scale_feature_block,Human,Integration,1,2,0.0,0.0,0.0335,0.0,1.0,0.01675,0.0,0.5,0.01675,True
exact_latent_tree,per_system_obs_exact_tree,three_state_binomial_2,current_gwt_rater_design,observed_scale_feature_block,Human,Integration,2,2,0.0,0.0,0.06225,0.0,1.0,0.031125,0.0,0.5,0.031125,True
exact_latent_tree,per_system_obs_exact_tree,three_state_binomial_2,current_gwt_rater_design,observed_scale_feature_block,Human,Integration,3,2,0.0,0.0,0.15625,0.0,1.0,0.078125,0.0,0.5,0.078125,True
exact_latent_tree,per_system_obs_exact_tree,three_state_binomial_2,current_gwt_rater_design,observed_scale_feature_block,Human,Integration,4,2,0.0,0.0,0.1515,0.0,1.0,0.07575,0.0,0.5,0.07575,True
exact_latent_tree,per_system_obs_exact_tree,three_state_binomial_2,current_gwt_rater_design,observed_scale_feature_block,Human,Integration,5,2,0.0,0.0,0.3415,0.0,2.0,0.17075,0.0,1.0,0.17075,True
exact_latent_tree,per_system_obs_exact_tree,three_state_binomial_2,current_gwt_rater_design,observed_scale_feature_block,Human,Integration,6,2,2.0,1.0,1.242,0.0,2.0,0.621,0.0,1.0,-0.379,True
exact_latent_tree,per_system_obs_exact_tree,three_state_binomial_2,current_gwt_rater_design,observed_scale_feature_block,Human,Modularity,0,6,0.0,0.0,0.03725,0.0,1.0,0.006208333333333332,0.0,0.16666666666666666,0.006208333333333332,True
exact_latent_tree,per_system_obs_exact_tree,three_state_binomial_2,current_gwt_rater_design,observed_scale_feature_block,Human,Modularity,1,6,0.0,0.0,0.106,0.0,1.0,0.017666666666666664,0.0,0.16666666666666666,0.017666666666666664,True
exact_latent_tree,per_system_obs_exact_tree,three_state_binomial_2,current_gwt_rater_design,observed_scale_feature_block,Human,Modularity,2,6,0.0,0.0,0.195,0.0,2.0,0.0325,0.0,0.3333333333333333,0.0325,True
exact_latent_tree,per_system_obs_exact_tree,three_state_binomial_2,current_gwt_rater_design,observed_scale_feature_block,Human,Modularity,3,6,0.0,0.0,0.5245,0.0,3.0,0.08741666666666666,0.0,0.5,0.08741666666666666,True
exact_latent_tree,per_system_obs_exact_tree,three_state_binomial_2,current_gwt_rater_design,observed_scale_feature_block,Human,Modularity,4,6,0.0,0.0,0.47575,0.0,2.0,0.07929166666666666,0.0,0.3333333333333333,0.07929166666666666,True
exact_latent_tree,per_system_obs_exact_tree,three_state_binomial_2,current_gwt_rater_design,observed_scale_feature_block,Human,Modularity,5,6,1.0,0.16666666666666666,1.034,0.0,3.0,0.1723333333333333,0.0,0.5,0.005666666666666653,True
exact_latent_tree,per_system_obs_exact_tree,three_state_binomial_2,current_gwt_rater_design,observed_scale_feature_block,Human,Modularity,6,6,5.0,0.8333333333333334,3.6275,1.0,6.0,0.6045833333333334,0.16666666666666666,1.0,-0.22875,True
exact_latent_tree,per_system_obs_exact_tree,three_state_binomial_2,current_gwt_rater_design,observed_scale_feature_block,Human,Representationality,0,8,0.0,0.0,0.046,0.0,1.0,0.00575,0.0,0.125,0.00575,True
exact_latent_tree,per_system_obs_exact_tree,three_state_binomial_2,current_gwt_rater_design,observed_scale_feature_block,Human,Representationality,1,8,0.0,0.0,0.1365,0.0,1.0,0.0170625,0.0,0.125,0.0170625,True
exact_latent_tree,per_system_obs_exact_tree,three_state_binomial_2,current_gwt_rater_design,observed_scale_feature_block,Human,Representationality,2,8,0.0,0.0,0.25525,0.0,2.0,0.03190625,0.0,0.25,0.03190625,True
exact_latent_tree,per_system_obs_exact_tree,three_state_binomial_2,current_gwt_rater_design,observed_scale_feature_block,Human,Representationality,3,8,0.0,0.0,0.6535,0.0,3.0,0.0816875,0.0,0.375,0.0816875,True
exact_latent_tree,per_system_obs_exact_tree,three_state_binomial_2,current_gwt_rater_design,observed_scale_feature_block,Human,Representationality,4,8,0.0,0.0,0.58775,0.0,3.0,0.07346875,0.0,0.375,0.07346875,True
exact_latent_tree,per_system_obs_exact_tree,three_state_binomial_2,current_gwt_rater_design,observed_scale_feature_block,Human,Representationality,5,8,2.0,0.25,1.33775,0.0,4.0,0.16721875,0.0,0.5,-0.08278125,True
exact_latent_tree,per_system_obs_exact_tree,three_state_binomial_2,current_gwt_rater_design,observed_scale_feature_block,Human,Representationality,6,8,6.0,0.75,4.98325,1.0,8.0,0.62290625,0.125,1.0,-0.12709375,True
exact_latent_tree,per_system_obs_exact_tree,three_state_binomial_2,current_gwt_rater_design,observed_scale_feature_block,Human,Selective Attention,0,12,0.0,0.0,0.06575,0.0,1.0,0.005479166666666666,0.0,0.08333333333333333,0.005479166666666666,True
exact_latent_tree,per_system_obs_exact_tree,three_state_binomial_2,current_gwt_rater_design,observed_scale_feature_block,Human,Selective Attention,1,12,0.0,0.0,0.19875,0.0,2.0,0.0165625,0.0,0.16666666666666666,0.0165625,True
exact_latent_tree,per_system_obs_exact_tree,three_state_binomial_2,current_gwt_rater_design,observed_scale_feature_block,Human,Selective Attention,2,12,0.0,0.0,0.36175,0.0,2.0,0.03014583333333333,0.0,0.16666666666666666,0.03014583333333333,True
exact_latent_tree,per_system_obs_exact_tree,three_state_binomial_2,current_gwt_rater_design,observed_scale_feature_block,Human,Selective Attention,3,12,0.0,0.0,0.9265,0.0,4.0,0.07720833333333332,0.0,0.3333333333333333,0.07720833333333332,True
exact_latent_tree,per_system_obs_exact_tree,three_state_binomial_2,current_gwt_rater_design,observed_scale_feature_block,Human,Selective Attention,4,12,1.0,0.08333333333333333,0.87825,0.0,4.0,0.0731875,0.0,0.3333333333333333,-0.010145833333333326,True
exact_latent_tree,per_system_obs_exact_tree,three_state_binomial_2,current_gwt_rater_design,observed_scale_feature_block,Human,Selective Attention,5,12,1.0,0.08333333333333333,1.99675,0.0,6.0,0.16639583333333333,0.0,0.5,0.0830625,True
exact_latent_tree,per_system_obs_exact_tree,three_state_binomial_2,current_gwt_rater_design,observed_scale_feature_block,Human,Selective Attention,6,12,10.0,0.8333333333333334,7.57225,3.0,12.0,0.6310208333333334,0.25,1.0,-0.2023125,True
